object,level,seed,regime,policy,budget,n_improved,E_run
obj_03_pumpkin,0.2,0,10,random48_0,0.1,14,0.0508112346
obj_03_pumpkin,0.2,0,10,random48_0,0.2,28,0.0307756608
obj_03_pumpkin,0.2,0,10,random48_0,0.4,48,0.0105780399
obj_03_pumpkin,0.2,0,10,random48_0,0.6,48,0.0105780399
obj_03_pumpkin,0.2,0,10,random48_0,0.8,48,0.0105780399
obj_03_pumpkin,0.2,0,10,random48_1,0.1,14,0.106252372
obj_03_pumpkin,0.2,0,10,random48_1,0.2,28,0.111411103
obj_03_pumpkin,0.2,0,10,random48_1,0.4,48,0.0105780399
obj_03_pumpkin,0.2,0,10,random48_1,0.6,48,0.0105780399
obj_03_pumpkin,0.2,0,10,random48_1,0.8,48,0.0105780399
obj_03_pumpkin,0.2,0,10,random48_2,0.1,14,0.0131138406
obj_03_pumpkin,0.2,0,10,random48_2,0.2,28,0.00508888088
obj_03_pumpkin,0.2,0,10,random48_2,0.4,48,0.0105780399
obj_03_pumpkin,0.2,0,10,random48_2,0.6,48,0.0105780399
obj_03_pumpkin,0.2,0,10,random48_2,0.8,48,0.0105780399
obj_03_pumpkin,0.2,0,10,random48_3,0.1,14,0.0387725795
obj_03_pumpkin,0.2,0,10,random48_3,0.2,28,0.0157074348
obj_03_pumpkin,0.2,0,10,random48_3,0.4,48,0.0105780399
obj_03_pumpkin,0.2,0,10,random48_3,0.6,48,0.0105780399
obj_03_pumpkin,0.2,0,10,random48_3,0.8,48,0.0105780399
obj_03_pumpkin,0.2,0,10,random48_4,0.1,14,0.0546141846
obj_03_pumpkin,0.2,0,10,random48_4,0.2,28,0.0598144795
obj_03_pumpkin,0.2,0,10,random48_4,0.4,48,0.0105780399
obj_03_pumpkin,0.2,0,10,random48_4,0.6,48,0.0105780399
obj_03_pumpkin,0.2,0,10,random48_4,0.8,48,0.0105780399
obj_03_pumpkin,0.2,0,100,random48_0,0.1,14,0.133749777
obj_03_pumpkin,0.2,0,100,random48_0,0.2,28,0.025916005
obj_03_pumpkin,0.2,0,100,random48_0,0.4,48,0.00111590383
obj_03_pumpkin,0.2,0,100,random48_0,0.6,48,0.00111590383
obj_03_pumpkin,0.2,0,100,random48_0,0.8,48,0.00111590383
obj_03_pumpkin,0.2,0,100,random48_1,0.1,14,0.115401909
obj_03_pumpkin,0.2,0,100,random48_1,0.2,28,0.103328888
obj_03_pumpkin,0.2,0,100,random48_1,0.4,48,0.00111590383
obj_03_pumpkin,0.2,0,100,random48_1,0.6,48,0.00111590383
obj_03_pumpkin,0.2,0,100,random48_1,0.8,48,0.00111590383
obj_03_pumpkin,0.2,0,100,random48_2,0.1,14,0.08976964
obj_03_pumpkin,0.2,0,100,random48_2,0.2,28,0.0883874674
obj_03_pumpkin,0.2,0,100,random48_2,0.4,48,0.00111590383
obj_03_pumpkin,0.2,0,100,random48_2,0.6,48,0.00111590383
obj_03_pumpkin,0.2,0,100,random48_2,0.8,48,0.00111590383
obj_03_pumpkin,0.2,0,100,random48_3,0.1,14,0.0428257233
obj_03_pumpkin,0.2,0,100,random48_3,0.2,28,0.048194162
obj_03_pumpkin,0.2,0,100,random48_3,0.4,48,0.00111590383
obj_03_pumpkin,0.2,0,100,random48_3,0.6,48,0.00111590383
obj_03_pumpkin,0.2,0,100,random48_3,0.8,48,0.00111590383
obj_03_pumpkin,0.2,0,100,random48_4,0.1,14,0.142580539
obj_03_pumpkin,0.2,0,100,random48_4,0.2,28,0.12234451
obj_03_pumpkin,0.2,0,100,random48_4,0.4,48,0.00111590383
obj_03_pumpkin,0.2,0,100,random48_4,0.6,48,0.00111590383
obj_03_pumpkin,0.2,0,100,random48_4,0.8,48,0.00111590383
obj_03_pumpkin,0.2,1,10,random48_0,0.1,14,0.279896069
obj_03_pumpkin,0.2,1,10,random48_0,0.2,28,0.15421788
obj_03_pumpkin,0.2,1,10,random48_0,0.4,48,0.0362957066
obj_03_pumpkin,0.2,1,10,random48_0,0.6,48,0.0362957066
obj_03_pumpkin,0.2,1,10,random48_0,0.8,48,0.0362957066
obj_03_pumpkin,0.2,1,10,random48_1,0.1,14,0.270332618
obj_03_pumpkin,0.2,1,10,random48_1,0.2,28,0.145107582
obj_03_pumpkin,0.2,1,10,random48_1,0.4,48,0.0362957066
obj_03_pumpkin,0.2,1,10,random48_1,0.6,48,0.0362957066
obj_03_pumpkin,0.2,1,10,random48_1,0.8,48,0.0362957066
obj_03_pumpkin,0.2,1,10,random48_2,0.1,14,0.30517825
obj_03_pumpkin,0.2,1,10,random48_2,0.2,28,0.331691211
obj_03_pumpkin,0.2,1,10,random48_2,0.4,48,0.0362957066
obj_03_pumpkin,0.2,1,10,random48_2,0.6,48,0.0362957066
obj_03_pumpkin,0.2,1,10,random48_2,0.8,48,0.0362957066
obj_03_pumpkin,0.2,1,10,random48_3,0.1,14,0.148122481
obj_03_pumpkin,0.2,1,10,random48_3,0.2,28,0.12042587
obj_03_pumpkin,0.2,1,10,random48_3,0.4,48,0.0362957066
obj_03_pumpkin,0.2,1,10,random48_3,0.6,48,0.0362957066
obj_03_pumpkin,0.2,1,10,random48_3,0.8,48,0.0362957066
obj_03_pumpkin,0.2,1,10,random48_4,0.1,14,0.262470091
obj_03_pumpkin,0.2,1,10,random48_4,0.2,28,0.353091146
obj_03_pumpkin,0.2,1,10,random48_4,0.4,48,0.0362957066
obj_03_pumpkin,0.2,1,10,random48_4,0.6,48,0.0362957066
obj_03_pumpkin,0.2,1,10,random48_4,0.8,48,0.0362957066
obj_03_pumpkin,0.2,1,100,random48_0,0.1,14,0.0599249865
obj_03_pumpkin,0.2,1,100,random48_0,0.2,28,0.103749347
obj_03_pumpkin,0.2,1,100,random48_0,0.4,48,0.00368435083
obj_03_pumpkin,0.2,1,100,random48_0,0.6,48,0.00368435083
obj_03_pumpkin,0.2,1,100,random48_0,0.8,48,0.00368435083
obj_03_pumpkin,0.2,1,100,random48_1,0.1,14,0.329667043
obj_03_pumpkin,0.2,1,100,random48_1,0.2,28,0.582482802
obj_03_pumpkin,0.2,1,100,random48_1,0.4,48,0.00368435083
obj_03_pumpkin,0.2,1,100,random48_1,0.6,48,0.00368435083
obj_03_pumpkin,0.2,1,100,random48_1,0.8,48,0.00368435083
obj_03_pumpkin,0.2,1,100,random48_2,0.1,14,0.044464909
obj_03_pumpkin,0.2,1,100,random48_2,0.2,28,0.0276206673
obj_03_pumpkin,0.2,1,100,random48_2,0.4,48,0.00368435083
obj_03_pumpkin,0.2,1,100,random48_2,0.6,48,0.00368435083
obj_03_pumpkin,0.2,1,100,random48_2,0.8,48,0.00368435083
obj_03_pumpkin,0.2,1,100,random48_3,0.1,14,0.300103965
obj_03_pumpkin,0.2,1,100,random48_3,0.2,28,0.0637794695
obj_03_pumpkin,0.2,1,100,random48_3,0.4,48,0.00368435083
obj_03_pumpkin,0.2,1,100,random48_3,0.6,48,0.00368435083
obj_03_pumpkin,0.2,1,100,random48_3,0.8,48,0.00368435083
obj_03_pumpkin,0.2,1,100,random48_4,0.1,14,0.063345343
obj_03_pumpkin,0.2,1,100,random48_4,0.2,28,0.0980868875
obj_03_pumpkin,0.2,1,100,random48_4,0.4,48,0.00368435083
obj_03_pumpkin,0.2,1,100,random48_4,0.6,48,0.00368435083
obj_03_pumpkin,0.2,1,100,random48_4,0.8,48,0.00368435083
obj_03_pumpkin,0.2,2,10,random48_0,0.1,14,0.0874398821
obj_03_pumpkin,0.2,2,10,random48_0,0.2,28,0.132491653
obj_03_pumpkin,0.2,2,10,random48_0,0.4,48,0.0148782177
obj_03_pumpkin,0.2,2,10,random48_0,0.6,48,0.0148782177
obj_03_pumpkin,0.2,2,10,random48_0,0.8,48,0.0148782177
obj_03_pumpkin,0.2,2,10,random48_1,0.1,14,0.156853477
obj_03_pumpkin,0.2,2,10,random48_1,0.2,28,0.121298266
obj_03_pumpkin,0.2,2,10,random48_1,0.4,48,0.0148782177
obj_03_pumpkin,0.2,2,10,random48_1,0.6,48,0.0148782177
obj_03_pumpkin,0.2,2,10,random48_1,0.8,48,0.0148782177
obj_03_pumpkin,0.2,2,10,random48_2,0.1,14,0.118642159
obj_03_pumpkin,0.2,2,10,random48_2,0.2,28,0.151240021
obj_03_pumpkin,0.2,2,10,random48_2,0.4,48,0.0148782177
obj_03_pumpkin,0.2,2,10,random48_2,0.6,48,0.0148782177
obj_03_pumpkin,0.2,2,10,random48_2,0.8,48,0.0148782177
obj_03_pumpkin,0.2,2,10,random48_3,0.1,14,0.121145523
obj_03_pumpkin,0.2,2,10,random48_3,0.2,28,0.130414708
obj_03_pumpkin,0.2,2,10,random48_3,0.4,48,0.0148782177
obj_03_pumpkin,0.2,2,10,random48_3,0.6,48,0.0148782177
obj_03_pumpkin,0.2,2,10,random48_3,0.8,48,0.0148782177
obj_03_pumpkin,0.2,2,10,random48_4,0.1,14,0.210258466
obj_03_pumpkin,0.2,2,10,random48_4,0.2,28,0.149306458
obj_03_pumpkin,0.2,2,10,random48_4,0.4,48,0.0148782177
obj_03_pumpkin,0.2,2,10,random48_4,0.6,48,0.0148782177
obj_03_pumpkin,0.2,2,10,random48_4,0.8,48,0.0148782177
obj_03_pumpkin,0.2,2,100,random48_0,0.1,14,0.13907621
obj_03_pumpkin,0.2,2,100,random48_0,0.2,28,0.0479889246
obj_03_pumpkin,0.2,2,100,random48_0,0.4,48,0.00149827894
obj_03_pumpkin,0.2,2,100,random48_0,0.6,48,0.00149827894
obj_03_pumpkin,0.2,2,100,random48_0,0.8,48,0.00149827894
obj_03_pumpkin,0.2,2,100,random48_1,0.1,14,0.218345537
obj_03_pumpkin,0.2,2,100,random48_1,0.2,28,0.11974872
obj_03_pumpkin,0.2,2,100,random48_1,0.4,48,0.00149827894
obj_03_pumpkin,0.2,2,100,random48_1,0.6,48,0.00149827894
obj_03_pumpkin,0.2,2,100,random48_1,0.8,48,0.00149827894
obj_03_pumpkin,0.2,2,100,random48_2,0.1,14,0.123890632
obj_03_pumpkin,0.2,2,100,random48_2,0.2,28,0.087221423
obj_03_pumpkin,0.2,2,100,random48_2,0.4,48,0.00149827894
obj_03_pumpkin,0.2,2,100,random48_2,0.6,48,0.00149827894
obj_03_pumpkin,0.2,2,100,random48_2,0.8,48,0.00149827894
obj_03_pumpkin,0.2,2,100,random48_3,0.1,14,0.106694564
obj_03_pumpkin,0.2,2,100,random48_3,0.2,28,0.0270132359
obj_03_pumpkin,0.2,2,100,random48_3,0.4,48,0.00149827894
obj_03_pumpkin,0.2,2,100,random48_3,0.6,48,0.00149827894
obj_03_pumpkin,0.2,2,100,random48_3,0.8,48,0.00149827894
obj_03_pumpkin,0.2,2,100,random48_4,0.1,14,0.0857167401
obj_03_pumpkin,0.2,2,100,random48_4,0.2,28,0.0212348325
obj_03_pumpkin,0.2,2,100,random48_4,0.4,48,0.00149827894
obj_03_pumpkin,0.2,2,100,random48_4,0.6,48,0.00149827894
obj_03_pumpkin,0.2,2,100,random48_4,0.8,48,0.00149827894
obj_03_pumpkin,0.2,3,10,random48_0,0.1,14,0.127569018
obj_03_pumpkin,0.2,3,10,random48_0,0.2,28,0.0768207171
obj_03_pumpkin,0.2,3,10,random48_0,0.4,48,0.010765752
obj_03_pumpkin,0.2,3,10,random48_0,0.6,48,0.010765752
obj_03_pumpkin,0.2,3,10,random48_0,0.8,48,0.010765752
obj_03_pumpkin,0.2,3,10,random48_1,0.1,14,0.133690071
obj_03_pumpkin,0.2,3,10,random48_1,0.2,28,0.0322231259
obj_03_pumpkin,0.2,3,10,random48_1,0.4,48,0.010765752
obj_03_pumpkin,0.2,3,10,random48_1,0.6,48,0.010765752
obj_03_pumpkin,0.2,3,10,random48_1,0.8,48,0.010765752
obj_03_pumpkin,0.2,3,10,random48_2,0.1,14,0.125868434
obj_03_pumpkin,0.2,3,10,random48_2,0.2,28,0.125702319
obj_03_pumpkin,0.2,3,10,random48_2,0.4,48,0.010765752
obj_03_pumpkin,0.2,3,10,random48_2,0.6,48,0.010765752
obj_03_pumpkin,0.2,3,10,random48_2,0.8,48,0.010765752
obj_03_pumpkin,0.2,3,10,random48_3,0.1,14,0.1680907
obj_03_pumpkin,0.2,3,10,random48_3,0.2,28,0.154589419
obj_03_pumpkin,0.2,3,10,random48_3,0.4,48,0.010765752
obj_03_pumpkin,0.2,3,10,random48_3,0.6,48,0.010765752
obj_03_pumpkin,0.2,3,10,random48_3,0.8,48,0.010765752
obj_03_pumpkin,0.2,3,10,random48_4,0.1,14,0.188754625
obj_03_pumpkin,0.2,3,10,random48_4,0.2,28,0.118684099
obj_03_pumpkin,0.2,3,10,random48_4,0.4,48,0.010765752
obj_03_pumpkin,0.2,3,10,random48_4,0.6,48,0.010765752
obj_03_pumpkin,0.2,3,10,random48_4,0.8,48,0.010765752
obj_03_pumpkin,0.2,3,100,random48_0,0.1,14,0.181578743
obj_03_pumpkin,0.2,3,100,random48_0,0.2,28,0.0864650768
obj_03_pumpkin,0.2,3,100,random48_0,0.4,48,0.00105999336
obj_03_pumpkin,0.2,3,100,random48_0,0.6,48,0.00105999336
obj_03_pumpkin,0.2,3,100,random48_0,0.8,48,0.00105999336
obj_03_pumpkin,0.2,3,100,random48_1,0.1,14,0.0617180231
obj_03_pumpkin,0.2,3,100,random48_1,0.2,28,0.0336071266
obj_03_pumpkin,0.2,3,100,random48_1,0.4,48,0.00105999336
obj_03_pumpkin,0.2,3,100,random48_1,0.6,48,0.00105999336
obj_03_pumpkin,0.2,3,100,random48_1,0.8,48,0.00105999336
obj_03_pumpkin,0.2,3,100,random48_2,0.1,14,0.112718257
obj_03_pumpkin,0.2,3,100,random48_2,0.2,28,0.00677503542
obj_03_pumpkin,0.2,3,100,random48_2,0.4,48,0.00105999336
obj_03_pumpkin,0.2,3,100,random48_2,0.6,48,0.00105999336
obj_03_pumpkin,0.2,3,100,random48_2,0.8,48,0.00105999336
obj_03_pumpkin,0.2,3,100,random48_3,0.1,14,0.0298634072
obj_03_pumpkin,0.2,3,100,random48_3,0.2,28,0.0372738892
obj_03_pumpkin,0.2,3,100,random48_3,0.4,48,0.00105999336
obj_03_pumpkin,0.2,3,100,random48_3,0.6,48,0.00105999336
obj_03_pumpkin,0.2,3,100,random48_3,0.8,48,0.00105999336
obj_03_pumpkin,0.2,3,100,random48_4,0.1,14,0.0398924684
obj_03_pumpkin,0.2,3,100,random48_4,0.2,28,0.0089483009
obj_03_pumpkin,0.2,3,100,random48_4,0.4,48,0.00105999336
obj_03_pumpkin,0.2,3,100,random48_4,0.6,48,0.00105999336
obj_03_pumpkin,0.2,3,100,random48_4,0.8,48,0.00105999336
obj_03_pumpkin,0.2,4,10,random48_0,0.1,14,0.040017695
obj_03_pumpkin,0.2,4,10,random48_0,0.2,28,0.0712350551
obj_03_pumpkin,0.2,4,10,random48_0,0.4,48,0.0102236046
obj_03_pumpkin,0.2,4,10,random48_0,0.6,48,0.0102236046
obj_03_pumpkin,0.2,4,10,random48_0,0.8,48,0.0102236046
obj_03_pumpkin,0.2,4,10,random48_1,0.1,14,0.0901445284
obj_03_pumpkin,0.2,4,10,random48_1,0.2,28,0.104399649
obj_03_pumpkin,0.2,4,10,random48_1,0.4,48,0.0102236046
obj_03_pumpkin,0.2,4,10,random48_1,0.6,48,0.0102236046
obj_03_pumpkin,0.2,4,10,random48_1,0.8,48,0.0102236046
obj_03_pumpkin,0.2,4,10,random48_2,0.1,14,0.0380221149
obj_03_pumpkin,0.2,4,10,random48_2,0.2,28,0.0312834208
obj_03_pumpkin,0.2,4,10,random48_2,0.4,48,0.0102236046
obj_03_pumpkin,0.2,4,10,random48_2,0.6,48,0.0102236046
obj_03_pumpkin,0.2,4,10,random48_2,0.8,48,0.0102236046
obj_03_pumpkin,0.2,4,10,random48_3,0.1,14,0.15438682
obj_03_pumpkin,0.2,4,10,random48_3,0.2,28,0.108156039
obj_03_pumpkin,0.2,4,10,random48_3,0.4,48,0.0102236046
obj_03_pumpkin,0.2,4,10,random48_3,0.6,48,0.0102236046
obj_03_pumpkin,0.2,4,10,random48_3,0.8,48,0.0102236046
obj_03_pumpkin,0.2,4,10,random48_4,0.1,14,0.047846948
obj_03_pumpkin,0.2,4,10,random48_4,0.2,28,0.034988191
obj_03_pumpkin,0.2,4,10,random48_4,0.4,48,0.0102236046
obj_03_pumpkin,0.2,4,10,random48_4,0.6,48,0.0102236046
obj_03_pumpkin,0.2,4,10,random48_4,0.8,48,0.0102236046
obj_03_pumpkin,0.2,4,100,random48_0,0.1,14,0.0381176833
obj_03_pumpkin,0.2,4,100,random48_0,0.2,28,0.0164255774
obj_03_pumpkin,0.2,4,100,random48_0,0.4,48,0.00131266509
obj_03_pumpkin,0.2,4,100,random48_0,0.6,48,0.00131266509
obj_03_pumpkin,0.2,4,100,random48_0,0.8,48,0.00131266509
obj_03_pumpkin,0.2,4,100,random48_1,0.1,14,0.0243021191
obj_03_pumpkin,0.2,4,100,random48_1,0.2,28,0.0351892926
obj_03_pumpkin,0.2,4,100,random48_1,0.4,48,0.00131266509
obj_03_pumpkin,0.2,4,100,random48_1,0.6,48,0.00131266509
obj_03_pumpkin,0.2,4,100,random48_1,0.8,48,0.00131266509
obj_03_pumpkin,0.2,4,100,random48_2,0.1,14,0.070153167
obj_03_pumpkin,0.2,4,100,random48_2,0.2,28,0.0478884631
obj_03_pumpkin,0.2,4,100,random48_2,0.4,48,0.00131266509
obj_03_pumpkin,0.2,4,100,random48_2,0.6,48,0.00131266509
obj_03_pumpkin,0.2,4,100,random48_2,0.8,48,0.00131266509
obj_03_pumpkin,0.2,4,100,random48_3,0.1,14,0.0377924476
obj_03_pumpkin,0.2,4,100,random48_3,0.2,28,0.164286918
obj_03_pumpkin,0.2,4,100,random48_3,0.4,48,0.00131266509
obj_03_pumpkin,0.2,4,100,random48_3,0.6,48,0.00131266509
obj_03_pumpkin,0.2,4,100,random48_3,0.8,48,0.00131266509
obj_03_pumpkin,0.2,4,100,random48_4,0.1,14,0.118549555
obj_03_pumpkin,0.2,4,100,random48_4,0.2,28,0.0173863767
obj_03_pumpkin,0.2,4,100,random48_4,0.4,48,0.00131266509
obj_03_pumpkin,0.2,4,100,random48_4,0.6,48,0.00131266509
obj_03_pumpkin,0.2,4,100,random48_4,0.8,48,0.00131266509
obj_03_pumpkin,0.2,5,10,random48_0,0.1,14,0.0816208336
obj_03_pumpkin,0.2,5,10,random48_0,0.2,28,0.212828938
obj_03_pumpkin,0.2,5,10,random48_0,0.4,48,0.0257217152
obj_03_pumpkin,0.2,5,10,random48_0,0.6,48,0.0257217152
obj_03_pumpkin,0.2,5,10,random48_0,0.8,48,0.0257217152
obj_03_pumpkin,0.2,5,10,random48_1,0.1,14,0.0928309637
obj_03_pumpkin,0.2,5,10,random48_1,0.2,28,0.0435120798
obj_03_pumpkin,0.2,5,10,random48_1,0.4,48,0.0257217152
obj_03_pumpkin,0.2,5,10,random48_1,0.6,48,0.0257217152
obj_03_pumpkin,0.2,5,10,random48_1,0.8,48,0.0257217152
obj_03_pumpkin,0.2,5,10,random48_2,0.1,14,0.147831735
obj_03_pumpkin,0.2,5,10,random48_2,0.2,28,0.0728340102
obj_03_pumpkin,0.2,5,10,random48_2,0.4,48,0.0257217152
obj_03_pumpkin,0.2,5,10,random48_2,0.6,48,0.0257217152
obj_03_pumpkin,0.2,5,10,random48_2,0.8,48,0.0257217152
obj_03_pumpkin,0.2,5,10,random48_3,0.1,14,0.185551338
obj_03_pumpkin,0.2,5,10,random48_3,0.2,28,0.128738487
obj_03_pumpkin,0.2,5,10,random48_3,0.4,48,0.0257217152
obj_03_pumpkin,0.2,5,10,random48_3,0.6,48,0.0257217152
obj_03_pumpkin,0.2,5,10,random48_3,0.8,48,0.0257217152
obj_03_pumpkin,0.2,5,10,random48_4,0.1,14,0.241762493
obj_03_pumpkin,0.2,5,10,random48_4,0.2,28,0.099286903
obj_03_pumpkin,0.2,5,10,random48_4,0.4,48,0.0257217152
obj_03_pumpkin,0.2,5,10,random48_4,0.6,48,0.0257217152
obj_03_pumpkin,0.2,5,10,random48_4,0.8,48,0.0257217152
obj_03_pumpkin,0.2,5,100,random48_0,0.1,14,0.287157596
obj_03_pumpkin,0.2,5,100,random48_0,0.2,28,0.10288195
obj_03_pumpkin,0.2,5,100,random48_0,0.4,48,0.0032516268
obj_03_pumpkin,0.2,5,100,random48_0,0.6,48,0.0032516268
obj_03_pumpkin,0.2,5,100,random48_0,0.8,48,0.0032516268
obj_03_pumpkin,0.2,5,100,random48_1,0.1,14,0.0713613047
obj_03_pumpkin,0.2,5,100,random48_1,0.2,28,0.0157664258
obj_03_pumpkin,0.2,5,100,random48_1,0.4,48,0.0032516268
obj_03_pumpkin,0.2,5,100,random48_1,0.6,48,0.0032516268
obj_03_pumpkin,0.2,5,100,random48_1,0.8,48,0.0032516268
obj_03_pumpkin,0.2,5,100,random48_2,0.1,14,0.0632199779
obj_03_pumpkin,0.2,5,100,random48_2,0.2,28,0.144577514
obj_03_pumpkin,0.2,5,100,random48_2,0.4,48,0.0032516268
obj_03_pumpkin,0.2,5,100,random48_2,0.6,48,0.0032516268
obj_03_pumpkin,0.2,5,100,random48_2,0.8,48,0.0032516268
obj_03_pumpkin,0.2,5,100,random48_3,0.1,14,0.0505740651
obj_03_pumpkin,0.2,5,100,random48_3,0.2,28,0.0441285354
obj_03_pumpkin,0.2,5,100,random48_3,0.4,48,0.0032516268
obj_03_pumpkin,0.2,5,100,random48_3,0.6,48,0.0032516268
obj_03_pumpkin,0.2,5,100,random48_3,0.8,48,0.0032516268
obj_03_pumpkin,0.2,5,100,random48_4,0.1,14,0.332078864
obj_03_pumpkin,0.2,5,100,random48_4,0.2,28,0.173918374
obj_03_pumpkin,0.2,5,100,random48_4,0.4,48,0.0032516268
obj_03_pumpkin,0.2,5,100,random48_4,0.6,48,0.0032516268
obj_03_pumpkin,0.2,5,100,random48_4,0.8,48,0.0032516268
obj_03_pumpkin,0.2,6,10,random48_0,0.1,14,0.461941609
obj_03_pumpkin,0.2,6,10,random48_0,0.2,28,0.397294753
obj_03_pumpkin,0.2,6,10,random48_0,0.4,48,0.0556612755
obj_03_pumpkin,0.2,6,10,random48_0,0.6,48,0.0556612755
obj_03_pumpkin,0.2,6,10,random48_0,0.8,48,0.0556612755
obj_03_pumpkin,0.2,6,10,random48_1,0.1,14,0.409033334
obj_03_pumpkin,0.2,6,10,random48_1,0.2,28,0.0942063955
obj_03_pumpkin,0.2,6,10,random48_1,0.4,48,0.0556612755
obj_03_pumpkin,0.2,6,10,random48_1,0.6,48,0.0556612755
obj_03_pumpkin,0.2,6,10,random48_1,0.8,48,0.0556612755
obj_03_pumpkin,0.2,6,10,random48_2,0.1,14,0.439077656
obj_03_pumpkin,0.2,6,10,random48_2,0.2,28,0.393054481
obj_03_pumpkin,0.2,6,10,random48_2,0.4,48,0.0556612755
obj_03_pumpkin,0.2,6,10,random48_2,0.6,48,0.0556612755
obj_03_pumpkin,0.2,6,10,random48_2,0.8,48,0.0556612755
obj_03_pumpkin,0.2,6,10,random48_3,0.1,14,0.459912561
obj_03_pumpkin,0.2,6,10,random48_3,0.2,28,0.430459829
obj_03_pumpkin,0.2,6,10,random48_3,0.4,48,0.0556612755
obj_03_pumpkin,0.2,6,10,random48_3,0.6,48,0.0556612755
obj_03_pumpkin,0.2,6,10,random48_3,0.8,48,0.0556612755
obj_03_pumpkin,0.2,6,10,random48_4,0.1,14,0.477970172
obj_03_pumpkin,0.2,6,10,random48_4,0.2,28,0.362158179
obj_03_pumpkin,0.2,6,10,random48_4,0.4,48,0.0556612755
obj_03_pumpkin,0.2,6,10,random48_4,0.6,48,0.0556612755
obj_03_pumpkin,0.2,6,10,random48_4,0.8,48,0.0556612755
obj_03_pumpkin,0.2,6,100,random48_0,0.1,14,0.860577911
obj_03_pumpkin,0.2,6,100,random48_0,0.2,28,0.417786484
obj_03_pumpkin,0.2,6,100,random48_0,0.4,48,0.00449774522
obj_03_pumpkin,0.2,6,100,random48_0,0.6,48,0.00449774522
obj_03_pumpkin,0.2,6,100,random48_0,0.8,48,0.00449774522
obj_03_pumpkin,0.2,6,100,random48_1,0.1,14,0.513348855
obj_03_pumpkin,0.2,6,100,random48_1,0.2,28,0.51918121
obj_03_pumpkin,0.2,6,100,random48_1,0.4,48,0.00449774522
obj_03_pumpkin,0.2,6,100,random48_1,0.6,48,0.00449774522
obj_03_pumpkin,0.2,6,100,random48_1,0.8,48,0.00449774522
obj_03_pumpkin,0.2,6,100,random48_2,0.1,14,0.81459605
obj_03_pumpkin,0.2,6,100,random48_2,0.2,28,0.284313015
obj_03_pumpkin,0.2,6,100,random48_2,0.4,48,0.00449774522
obj_03_pumpkin,0.2,6,100,random48_2,0.6,48,0.00449774522
obj_03_pumpkin,0.2,6,100,random48_2,0.8,48,0.00449774522
obj_03_pumpkin,0.2,6,100,random48_3,0.1,14,0.753163566
obj_03_pumpkin,0.2,6,100,random48_3,0.2,28,0.258127313
obj_03_pumpkin,0.2,6,100,random48_3,0.4,48,0.00449774522
obj_03_pumpkin,0.2,6,100,random48_3,0.6,48,0.00449774522
obj_03_pumpkin,0.2,6,100,random48_3,0.8,48,0.00449774522
obj_03_pumpkin,0.2,6,100,random48_4,0.1,14,0.780110766
obj_03_pumpkin,0.2,6,100,random48_4,0.2,28,0.271377498
obj_03_pumpkin,0.2,6,100,random48_4,0.4,48,0.00449774522
obj_03_pumpkin,0.2,6,100,random48_4,0.6,48,0.00449774522
obj_03_pumpkin,0.2,6,100,random48_4,0.8,48,0.00449774522
obj_03_pumpkin,0.2,7,10,random48_0,0.1,14,0.321381047
obj_03_pumpkin,0.2,7,10,random48_0,0.2,28,0.164137036
obj_03_pumpkin,0.2,7,10,random48_0,0.4,48,0.0376337674
obj_03_pumpkin,0.2,7,10,random48_0,0.6,48,0.0376337674
obj_03_pumpkin,0.2,7,10,random48_0,0.8,48,0.0376337674
obj_03_pumpkin,0.2,7,10,random48_1,0.1,14,0.356726585
obj_03_pumpkin,0.2,7,10,random48_1,0.2,28,0.177141875
obj_03_pumpkin,0.2,7,10,random48_1,0.4,48,0.0376337674
obj_03_pumpkin,0.2,7,10,random48_1,0.6,48,0.0376337674
obj_03_pumpkin,0.2,7,10,random48_1,0.8,48,0.0376337674
obj_03_pumpkin,0.2,7,10,random48_2,0.1,14,0.18837266
obj_03_pumpkin,0.2,7,10,random48_2,0.2,28,0.16062232
obj_03_pumpkin,0.2,7,10,random48_2,0.4,48,0.0376337674
obj_03_pumpkin,0.2,7,10,random48_2,0.6,48,0.0376337674
obj_03_pumpkin,0.2,7,10,random48_2,0.8,48,0.0376337674
obj_03_pumpkin,0.2,7,10,random48_3,0.1,14,0.22472857
obj_03_pumpkin,0.2,7,10,random48_3,0.2,28,0.104830339
obj_03_pumpkin,0.2,7,10,random48_3,0.4,48,0.0376337674
obj_03_pumpkin,0.2,7,10,random48_3,0.6,48,0.0376337674
obj_03_pumpkin,0.2,7,10,random48_3,0.8,48,0.0376337674
obj_03_pumpkin,0.2,7,10,random48_4,0.1,14,0.190225984
obj_03_pumpkin,0.2,7,10,random48_4,0.2,28,0.127308301
obj_03_pumpkin,0.2,7,10,random48_4,0.4,48,0.0376337674
obj_03_pumpkin,0.2,7,10,random48_4,0.6,48,0.0376337674
obj_03_pumpkin,0.2,7,10,random48_4,0.8,48,0.0376337674
obj_03_pumpkin,0.2,7,100,random48_0,0.1,14,0.106080543
obj_03_pumpkin,0.2,7,100,random48_0,0.2,28,0.0780026313
obj_03_pumpkin,0.2,7,100,random48_0,0.4,48,0.00367171031
obj_03_pumpkin,0.2,7,100,random48_0,0.6,48,0.00367171031
obj_03_pumpkin,0.2,7,100,random48_0,0.8,48,0.00367171031
obj_03_pumpkin,0.2,7,100,random48_1,0.1,14,0.108058685
obj_03_pumpkin,0.2,7,100,random48_1,0.2,28,0.177442672
obj_03_pumpkin,0.2,7,100,random48_1,0.4,48,0.00367171031
obj_03_pumpkin,0.2,7,100,random48_1,0.6,48,0.00367171031
obj_03_pumpkin,0.2,7,100,random48_1,0.8,48,0.00367171031
obj_03_pumpkin,0.2,7,100,random48_2,0.1,14,0.149768061
obj_03_pumpkin,0.2,7,100,random48_2,0.2,28,0.0689292816
obj_03_pumpkin,0.2,7,100,random48_2,0.4,48,0.00367171031
obj_03_pumpkin,0.2,7,100,random48_2,0.6,48,0.00367171031
obj_03_pumpkin,0.2,7,100,random48_2,0.8,48,0.00367171031
obj_03_pumpkin,0.2,7,100,random48_3,0.1,14,0.289392108
obj_03_pumpkin,0.2,7,100,random48_3,0.2,28,0.243625168
obj_03_pumpkin,0.2,7,100,random48_3,0.4,48,0.00367171031
obj_03_pumpkin,0.2,7,100,random48_3,0.6,48,0.00367171031
obj_03_pumpkin,0.2,7,100,random48_3,0.8,48,0.00367171031
obj_03_pumpkin,0.2,7,100,random48_4,0.1,14,0.122506886
obj_03_pumpkin,0.2,7,100,random48_4,0.2,28,0.0761759528
obj_03_pumpkin,0.2,7,100,random48_4,0.4,48,0.00367171031
obj_03_pumpkin,0.2,7,100,random48_4,0.6,48,0.00367171031
obj_03_pumpkin,0.2,7,100,random48_4,0.8,48,0.00367171031
obj_03_pumpkin,0.2,8,10,random48_0,0.1,14,0.135013005
obj_03_pumpkin,0.2,8,10,random48_0,0.2,28,0.111488238
obj_03_pumpkin,0.2,8,10,random48_0,0.4,48,0.0160113768
obj_03_pumpkin,0.2,8,10,random48_0,0.6,48,0.0160113768
obj_03_pumpkin,0.2,8,10,random48_0,0.8,48,0.0160113768
obj_03_pumpkin,0.2,8,10,random48_1,0.1,14,0.109652909
obj_03_pumpkin,0.2,8,10,random48_1,0.2,28,0.0360329614
obj_03_pumpkin,0.2,8,10,random48_1,0.4,48,0.0160113768
obj_03_pumpkin,0.2,8,10,random48_1,0.6,48,0.0160113768
obj_03_pumpkin,0.2,8,10,random48_1,0.8,48,0.0160113768
obj_03_pumpkin,0.2,8,10,random48_2,0.1,14,0.131468885
obj_03_pumpkin,0.2,8,10,random48_2,0.2,28,0.167475333
obj_03_pumpkin,0.2,8,10,random48_2,0.4,48,0.0160113768
obj_03_pumpkin,0.2,8,10,random48_2,0.6,48,0.0160113768
obj_03_pumpkin,0.2,8,10,random48_2,0.8,48,0.0160113768
obj_03_pumpkin,0.2,8,10,random48_3,0.1,14,0.172712052
obj_03_pumpkin,0.2,8,10,random48_3,0.2,28,0.182958532
obj_03_pumpkin,0.2,8,10,random48_3,0.4,48,0.0160113768
obj_03_pumpkin,0.2,8,10,random48_3,0.6,48,0.0160113768
obj_03_pumpkin,0.2,8,10,random48_3,0.8,48,0.0160113768
obj_03_pumpkin,0.2,8,10,random48_4,0.1,14,0.114978849
obj_03_pumpkin,0.2,8,10,random48_4,0.2,28,0.0955052594
obj_03_pumpkin,0.2,8,10,random48_4,0.4,48,0.0160113768
obj_03_pumpkin,0.2,8,10,random48_4,0.6,48,0.0160113768
obj_03_pumpkin,0.2,8,10,random48_4,0.8,48,0.0160113768
obj_03_pumpkin,0.2,8,100,random48_0,0.1,14,0.103106408
obj_03_pumpkin,0.2,8,100,random48_0,0.2,28,0.0510348299
obj_03_pumpkin,0.2,8,100,random48_0,0.4,48,0.00157949752
obj_03_pumpkin,0.2,8,100,random48_0,0.6,48,0.00157949752
obj_03_pumpkin,0.2,8,100,random48_0,0.8,48,0.00157949752
obj_03_pumpkin,0.2,8,100,random48_1,0.1,14,0.0917372576
obj_03_pumpkin,0.2,8,100,random48_1,0.2,28,0.0935515784
obj_03_pumpkin,0.2,8,100,random48_1,0.4,48,0.00157949752
obj_03_pumpkin,0.2,8,100,random48_1,0.6,48,0.00157949752
obj_03_pumpkin,0.2,8,100,random48_1,0.8,48,0.00157949752
obj_03_pumpkin,0.2,8,100,random48_2,0.1,14,0.0897984532
obj_03_pumpkin,0.2,8,100,random48_2,0.2,28,0.00848269737
obj_03_pumpkin,0.2,8,100,random48_2,0.4,48,0.00157949752
obj_03_pumpkin,0.2,8,100,random48_2,0.6,48,0.00157949752
obj_03_pumpkin,0.2,8,100,random48_2,0.8,48,0.00157949752
obj_03_pumpkin,0.2,8,100,random48_3,0.1,14,0.157239785
obj_03_pumpkin,0.2,8,100,random48_3,0.2,28,0.0496315717
obj_03_pumpkin,0.2,8,100,random48_3,0.4,48,0.00157949752
obj_03_pumpkin,0.2,8,100,random48_3,0.6,48,0.00157949752
obj_03_pumpkin,0.2,8,100,random48_3,0.8,48,0.00157949752
obj_03_pumpkin,0.2,8,100,random48_4,0.1,14,0.0913734273
obj_03_pumpkin,0.2,8,100,random48_4,0.2,28,0.0750744729
obj_03_pumpkin,0.2,8,100,random48_4,0.4,48,0.00157949752
obj_03_pumpkin,0.2,8,100,random48_4,0.6,48,0.00157949752
obj_03_pumpkin,0.2,8,100,random48_4,0.8,48,0.00157949752
obj_03_pumpkin,0.2,9,10,random48_0,0.1,14,0.0452551969
obj_03_pumpkin,0.2,9,10,random48_0,0.2,28,0.0316338551
obj_03_pumpkin,0.2,9,10,random48_0,0.4,48,0.00480485733
obj_03_pumpkin,0.2,9,10,random48_0,0.6,48,0.00480485733
obj_03_pumpkin,0.2,9,10,random48_0,0.8,48,0.00480485733
obj_03_pumpkin,0.2,9,10,random48_1,0.1,14,0.0348749354
obj_03_pumpkin,0.2,9,10,random48_1,0.2,28,0.00845246709
obj_03_pumpkin,0.2,9,10,random48_1,0.4,48,0.00480485733
obj_03_pumpkin,0.2,9,10,random48_1,0.6,48,0.00480485733
obj_03_pumpkin,0.2,9,10,random48_1,0.8,48,0.00480485733
obj_03_pumpkin,0.2,9,10,random48_2,0.1,14,0.0613534062
obj_03_pumpkin,0.2,9,10,random48_2,0.2,28,0.0736281676
obj_03_pumpkin,0.2,9,10,random48_2,0.4,48,0.00480485733
obj_03_pumpkin,0.2,9,10,random48_2,0.6,48,0.00480485733
obj_03_pumpkin,0.2,9,10,random48_2,0.8,48,0.00480485733
obj_03_pumpkin,0.2,9,10,random48_3,0.1,14,0.0194641555
obj_03_pumpkin,0.2,9,10,random48_3,0.2,28,0.0312851031
obj_03_pumpkin,0.2,9,10,random48_3,0.4,48,0.00480485733
obj_03_pumpkin,0.2,9,10,random48_3,0.6,48,0.00480485733
obj_03_pumpkin,0.2,9,10,random48_3,0.8,48,0.00480485733
obj_03_pumpkin,0.2,9,10,random48_4,0.1,14,0.0408465216
obj_03_pumpkin,0.2,9,10,random48_4,0.2,28,0.0704467646
obj_03_pumpkin,0.2,9,10,random48_4,0.4,48,0.00480485733
obj_03_pumpkin,0.2,9,10,random48_4,0.6,48,0.00480485733
obj_03_pumpkin,0.2,9,10,random48_4,0.8,48,0.00480485733
obj_03_pumpkin,0.2,9,100,random48_0,0.1,14,0.0163156042
obj_03_pumpkin,0.2,9,100,random48_0,0.2,28,0.0743055703
obj_03_pumpkin,0.2,9,100,random48_0,0.4,48,0.000530206294
obj_03_pumpkin,0.2,9,100,random48_0,0.6,48,0.000530206294
obj_03_pumpkin,0.2,9,100,random48_0,0.8,48,0.000530206294
obj_03_pumpkin,0.2,9,100,random48_1,0.1,14,0.0392849343
obj_03_pumpkin,0.2,9,100,random48_1,0.2,28,0.0335811407
obj_03_pumpkin,0.2,9,100,random48_1,0.4,48,0.000530206294
obj_03_pumpkin,0.2,9,100,random48_1,0.6,48,0.000530206294
obj_03_pumpkin,0.2,9,100,random48_1,0.8,48,0.000530206294
obj_03_pumpkin,0.2,9,100,random48_2,0.1,14,0.0379756327
obj_03_pumpkin,0.2,9,100,random48_2,0.2,28,0.0137507535
obj_03_pumpkin,0.2,9,100,random48_2,0.4,48,0.000530206294
obj_03_pumpkin,0.2,9,100,random48_2,0.6,48,0.000530206294
obj_03_pumpkin,0.2,9,100,random48_2,0.8,48,0.000530206294
obj_03_pumpkin,0.2,9,100,random48_3,0.1,14,0.0274832886
obj_03_pumpkin,0.2,9,100,random48_3,0.2,28,0.0157864997
obj_03_pumpkin,0.2,9,100,random48_3,0.4,48,0.000530206294
obj_03_pumpkin,0.2,9,100,random48_3,0.6,48,0.000530206294
obj_03_pumpkin,0.2,9,100,random48_3,0.8,48,0.000530206294
obj_03_pumpkin,0.2,9,100,random48_4,0.1,14,0.0280809055
obj_03_pumpkin,0.2,9,100,random48_4,0.2,28,0.051563089
obj_03_pumpkin,0.2,9,100,random48_4,0.4,48,0.000530206294
obj_03_pumpkin,0.2,9,100,random48_4,0.6,48,0.000530206294
obj_03_pumpkin,0.2,9,100,random48_4,0.8,48,0.000530206294
obj_03_pumpkin,0.5,0,10,random48_0,0.1,14,0.576660954
obj_03_pumpkin,0.5,0,10,random48_0,0.2,28,0.369913481
obj_03_pumpkin,0.5,0,10,random48_0,0.4,48,0.0901419787
obj_03_pumpkin,0.5,0,10,random48_0,0.6,48,0.0901419787
obj_03_pumpkin,0.5,0,10,random48_0,0.8,48,0.0901419787
obj_03_pumpkin,0.5,0,10,random48_1,0.1,14,0.579625201
obj_03_pumpkin,0.5,0,10,random48_1,0.2,28,1.27176305
obj_03_pumpkin,0.5,0,10,random48_1,0.4,48,0.0901419787
obj_03_pumpkin,0.5,0,10,random48_1,0.6,48,0.0901419787
obj_03_pumpkin,0.5,0,10,random48_1,0.8,48,0.0901419787
obj_03_pumpkin,0.5,0,10,random48_2,0.1,14,0.50370618
obj_03_pumpkin,0.5,0,10,random48_2,0.2,28,0.420178337
obj_03_pumpkin,0.5,0,10,random48_2,0.4,48,0.0901419787
obj_03_pumpkin,0.5,0,10,random48_2,0.6,48,0.0901419787
obj_03_pumpkin,0.5,0,10,random48_2,0.8,48,0.0901419787
obj_03_pumpkin,0.5,0,10,random48_3,0.1,14,0.474197624
obj_03_pumpkin,0.5,0,10,random48_3,0.2,28,0.435560771
obj_03_pumpkin,0.5,0,10,random48_3,0.4,48,0.0901419787
obj_03_pumpkin,0.5,0,10,random48_3,0.6,48,0.0901419787
obj_03_pumpkin,0.5,0,10,random48_3,0.8,48,0.0901419787
obj_03_pumpkin,0.5,0,10,random48_4,0.1,14,0.725586377
obj_03_pumpkin,0.5,0,10,random48_4,0.2,28,0.672841107
obj_03_pumpkin,0.5,0,10,random48_4,0.4,48,0.0901419787
obj_03_pumpkin,0.5,0,10,random48_4,0.6,48,0.0901419787
obj_03_pumpkin,0.5,0,10,random48_4,0.8,48,0.0901419787
obj_03_pumpkin,0.5,0,100,random48_0,0.1,14,0.311145025
obj_03_pumpkin,0.5,0,100,random48_0,0.2,28,1.04163291
obj_03_pumpkin,0.5,0,100,random48_0,0.4,48,0.00926664545
obj_03_pumpkin,0.5,0,100,random48_0,0.6,48,0.00926664545
obj_03_pumpkin,0.5,0,100,random48_0,0.8,48,0.00926664545
obj_03_pumpkin,0.5,0,100,random48_1,0.1,14,0.386376325
obj_03_pumpkin,0.5,0,100,random48_1,0.2,28,1.01189696
obj_03_pumpkin,0.5,0,100,random48_1,0.4,48,0.00926664545
obj_03_pumpkin,0.5,0,100,random48_1,0.6,48,0.00926664545
obj_03_pumpkin,0.5,0,100,random48_1,0.8,48,0.00926664545
obj_03_pumpkin,0.5,0,100,random48_2,0.1,14,0.572129922
obj_03_pumpkin,0.5,0,100,random48_2,0.2,28,0.163930528
obj_03_pumpkin,0.5,0,100,random48_2,0.4,48,0.00926664545
obj_03_pumpkin,0.5,0,100,random48_2,0.6,48,0.00926664545
obj_03_pumpkin,0.5,0,100,random48_2,0.8,48,0.00926664545
obj_03_pumpkin,0.5,0,100,random48_3,0.1,14,0.469447251
obj_03_pumpkin,0.5,0,100,random48_3,0.2,28,0.746006154
obj_03_pumpkin,0.5,0,100,random48_3,0.4,48,0.00926664545
obj_03_pumpkin,0.5,0,100,random48_3,0.6,48,0.00926664545
obj_03_pumpkin,0.5,0,100,random48_3,0.8,48,0.00926664545
obj_03_pumpkin,0.5,0,100,random48_4,0.1,14,0.331320417
obj_03_pumpkin,0.5,0,100,random48_4,0.2,28,0.247323363
obj_03_pumpkin,0.5,0,100,random48_4,0.4,48,0.00926664545
obj_03_pumpkin,0.5,0,100,random48_4,0.6,48,0.00926664545
obj_03_pumpkin,0.5,0,100,random48_4,0.8,48,0.00926664545
obj_03_pumpkin,0.5,1,10,random48_0,0.1,14,1.04578379
obj_03_pumpkin,0.5,1,10,random48_0,0.2,28,1.74717711
obj_03_pumpkin,0.5,1,10,random48_0,0.4,48,0.0323954427
obj_03_pumpkin,0.5,1,10,random48_0,0.6,48,0.0323954427
obj_03_pumpkin,0.5,1,10,random48_0,0.8,48,0.0323954427
obj_03_pumpkin,0.5,1,10,random48_1,0.1,14,0.954565282
obj_03_pumpkin,0.5,1,10,random48_1,0.2,28,1.93585893
obj_03_pumpkin,0.5,1,10,random48_1,0.4,48,0.0323954427
obj_03_pumpkin,0.5,1,10,random48_1,0.6,48,0.0323954427
obj_03_pumpkin,0.5,1,10,random48_1,0.8,48,0.0323954427
obj_03_pumpkin,0.5,1,10,random48_2,0.1,14,0.0769083824
obj_03_pumpkin,0.5,1,10,random48_2,0.2,28,0.0907129393
obj_03_pumpkin,0.5,1,10,random48_2,0.4,48,0.0323954427
obj_03_pumpkin,0.5,1,10,random48_2,0.6,48,0.0323954427
obj_03_pumpkin,0.5,1,10,random48_2,0.8,48,0.0323954427
obj_03_pumpkin,0.5,1,10,random48_3,0.1,14,1.71889554
obj_03_pumpkin,0.5,1,10,random48_3,0.2,28,1.79297371
obj_03_pumpkin,0.5,1,10,random48_3,0.4,48,0.0323954427
obj_03_pumpkin,0.5,1,10,random48_3,0.6,48,0.0323954427
obj_03_pumpkin,0.5,1,10,random48_3,0.8,48,0.0323954427
obj_03_pumpkin,0.5,1,10,random48_4,0.1,14,1.09907037
obj_03_pumpkin,0.5,1,10,random48_4,0.2,28,0.136947516
obj_03_pumpkin,0.5,1,10,random48_4,0.4,48,0.0323954427
obj_03_pumpkin,0.5,1,10,random48_4,0.6,48,0.0323954427
obj_03_pumpkin,0.5,1,10,random48_4,0.8,48,0.0323954427
obj_03_pumpkin,0.5,1,100,random48_0,0.1,14,1.11503969
obj_03_pumpkin,0.5,1,100,random48_0,0.2,28,1.08019304
obj_03_pumpkin,0.5,1,100,random48_0,0.4,48,0.00206502986
obj_03_pumpkin,0.5,1,100,random48_0,0.6,48,0.00206502986
obj_03_pumpkin,0.5,1,100,random48_0,0.8,48,0.00206502986
obj_03_pumpkin,0.5,1,100,random48_1,0.1,14,1.21311505
obj_03_pumpkin,0.5,1,100,random48_1,0.2,28,1.27444902
obj_03_pumpkin,0.5,1,100,random48_1,0.4,48,0.00206502986
obj_03_pumpkin,0.5,1,100,random48_1,0.6,48,0.00206502986
obj_03_pumpkin,0.5,1,100,random48_1,0.8,48,0.00206502986
obj_03_pumpkin,0.5,1,100,random48_2,0.1,14,1.08026375
obj_03_pumpkin,0.5,1,100,random48_2,0.2,28,1.10005363
obj_03_pumpkin,0.5,1,100,random48_2,0.4,48,0.00206502986
obj_03_pumpkin,0.5,1,100,random48_2,0.6,48,0.00206502986
obj_03_pumpkin,0.5,1,100,random48_2,0.8,48,0.00206502986
obj_03_pumpkin,0.5,1,100,random48_3,0.1,14,0.822062155
obj_03_pumpkin,0.5,1,100,random48_3,0.2,28,1.96372103
obj_03_pumpkin,0.5,1,100,random48_3,0.4,48,0.00206502986
obj_03_pumpkin,0.5,1,100,random48_3,0.6,48,0.00206502986
obj_03_pumpkin,0.5,1,100,random48_3,0.8,48,0.00206502986
obj_03_pumpkin,0.5,1,100,random48_4,0.1,14,1.20790956
obj_03_pumpkin,0.5,1,100,random48_4,0.2,28,1.14730021
obj_03_pumpkin,0.5,1,100,random48_4,0.4,48,0.00206502986
obj_03_pumpkin,0.5,1,100,random48_4,0.6,48,0.00206502986
obj_03_pumpkin,0.5,1,100,random48_4,0.8,48,0.00206502986
obj_03_pumpkin,0.5,2,10,random48_0,0.1,14,2.07780934
obj_03_pumpkin,0.5,2,10,random48_0,0.2,28,2.20616039
obj_03_pumpkin,0.5,2,10,random48_0,0.4,48,0.150031889
obj_03_pumpkin,0.5,2,10,random48_0,0.6,48,0.150031889
obj_03_pumpkin,0.5,2,10,random48_0,0.8,48,0.150031889
obj_03_pumpkin,0.5,2,10,random48_1,0.1,14,0.303704896
obj_03_pumpkin,0.5,2,10,random48_1,0.2,28,0.253070752
obj_03_pumpkin,0.5,2,10,random48_1,0.4,48,0.150031889
obj_03_pumpkin,0.5,2,10,random48_1,0.6,48,0.150031889
obj_03_pumpkin,0.5,2,10,random48_1,0.8,48,0.150031889
obj_03_pumpkin,0.5,2,10,random48_2,0.1,14,1.14385776
obj_03_pumpkin,0.5,2,10,random48_2,0.2,28,2.45244587
obj_03_pumpkin,0.5,2,10,random48_2,0.4,48,0.150031889
obj_03_pumpkin,0.5,2,10,random48_2,0.6,48,0.150031889
obj_03_pumpkin,0.5,2,10,random48_2,0.8,48,0.150031889
obj_03_pumpkin,0.5,2,10,random48_3,0.1,14,1.13733986
obj_03_pumpkin,0.5,2,10,random48_3,0.2,28,1.57502069
obj_03_pumpkin,0.5,2,10,random48_3,0.4,48,0.150031889
obj_03_pumpkin,0.5,2,10,random48_3,0.6,48,0.150031889
obj_03_pumpkin,0.5,2,10,random48_3,0.8,48,0.150031889
obj_03_pumpkin,0.5,2,10,random48_4,0.1,14,1.09955435
obj_03_pumpkin,0.5,2,10,random48_4,0.2,28,1.49250492
obj_03_pumpkin,0.5,2,10,random48_4,0.4,48,0.150031889
obj_03_pumpkin,0.5,2,10,random48_4,0.6,48,0.150031889
obj_03_pumpkin,0.5,2,10,random48_4,0.8,48,0.150031889
obj_03_pumpkin,0.5,2,100,random48_0,0.1,14,1.14765834
obj_03_pumpkin,0.5,2,100,random48_0,0.2,28,2.55186522
obj_03_pumpkin,0.5,2,100,random48_0,0.4,48,0.0127038027
obj_03_pumpkin,0.5,2,100,random48_0,0.6,48,0.0127038027
obj_03_pumpkin,0.5,2,100,random48_0,0.8,48,0.0127038027
obj_03_pumpkin,0.5,2,100,random48_1,0.1,14,2.02889815
obj_03_pumpkin,0.5,2,100,random48_1,0.2,28,0.463388704
obj_03_pumpkin,0.5,2,100,random48_1,0.4,48,0.0127038027
obj_03_pumpkin,0.5,2,100,random48_1,0.6,48,0.0127038027
obj_03_pumpkin,0.5,2,100,random48_1,0.8,48,0.0127038027
obj_03_pumpkin,0.5,2,100,random48_2,0.1,14,1.44062837
obj_03_pumpkin,0.5,2,100,random48_2,0.2,28,1.10070508
obj_03_pumpkin,0.5,2,100,random48_2,0.4,48,0.0127038027
obj_03_pumpkin,0.5,2,100,random48_2,0.6,48,0.0127038027
obj_03_pumpkin,0.5,2,100,random48_2,0.8,48,0.0127038027
obj_03_pumpkin,0.5,2,100,random48_3,0.1,14,0.858224899
obj_03_pumpkin,0.5,2,100,random48_3,0.2,28,0.430586534
obj_03_pumpkin,0.5,2,100,random48_3,0.4,48,0.0127038027
obj_03_pumpkin,0.5,2,100,random48_3,0.6,48,0.0127038027
obj_03_pumpkin,0.5,2,100,random48_3,0.8,48,0.0127038027
obj_03_pumpkin,0.5,2,100,random48_4,0.1,14,1.66460514
obj_03_pumpkin,0.5,2,100,random48_4,0.2,28,1.31885042
obj_03_pumpkin,0.5,2,100,random48_4,0.4,48,0.0127038027
obj_03_pumpkin,0.5,2,100,random48_4,0.6,48,0.0127038027
obj_03_pumpkin,0.5,2,100,random48_4,0.8,48,0.0127038027
obj_03_pumpkin,0.5,3,10,random48_0,0.1,14,1.0637157
obj_03_pumpkin,0.5,3,10,random48_0,0.2,28,0.71092569
obj_03_pumpkin,0.5,3,10,random48_0,0.4,48,0.159141245
obj_03_pumpkin,0.5,3,10,random48_0,0.6,48,0.159141245
obj_03_pumpkin,0.5,3,10,random48_0,0.8,48,0.159141245
obj_03_pumpkin,0.5,3,10,random48_1,0.1,14,0.850584886
obj_03_pumpkin,0.5,3,10,random48_1,0.2,28,1.1971925
obj_03_pumpkin,0.5,3,10,random48_1,0.4,48,0.159141245
obj_03_pumpkin,0.5,3,10,random48_1,0.6,48,0.159141245
obj_03_pumpkin,0.5,3,10,random48_1,0.8,48,0.159141245
obj_03_pumpkin,0.5,3,10,random48_2,0.1,14,0.766506006
obj_03_pumpkin,0.5,3,10,random48_2,0.2,28,0.402022143
obj_03_pumpkin,0.5,3,10,random48_2,0.4,48,0.159141245
obj_03_pumpkin,0.5,3,10,random48_2,0.6,48,0.159141245
obj_03_pumpkin,0.5,3,10,random48_2,0.8,48,0.159141245
obj_03_pumpkin,0.5,3,10,random48_3,0.1,14,0.467661395
obj_03_pumpkin,0.5,3,10,random48_3,0.2,28,0.235687432
obj_03_pumpkin,0.5,3,10,random48_3,0.4,48,0.159141245
obj_03_pumpkin,0.5,3,10,random48_3,0.6,48,0.159141245
obj_03_pumpkin,0.5,3,10,random48_3,0.8,48,0.159141245
obj_03_pumpkin,0.5,3,10,random48_4,0.1,14,0.915243187
obj_03_pumpkin,0.5,3,10,random48_4,0.2,28,1.17040319
obj_03_pumpkin,0.5,3,10,random48_4,0.4,48,0.159141245
obj_03_pumpkin,0.5,3,10,random48_4,0.6,48,0.159141245
obj_03_pumpkin,0.5,3,10,random48_4,0.8,48,0.159141245
obj_03_pumpkin,0.5,3,100,random48_0,0.1,14,0.959394662
obj_03_pumpkin,0.5,3,100,random48_0,0.2,28,0.381115414
obj_03_pumpkin,0.5,3,100,random48_0,0.4,48,0.0187661434
obj_03_pumpkin,0.5,3,100,random48_0,0.6,48,0.0187661434
obj_03_pumpkin,0.5,3,100,random48_0,0.8,48,0.0187661434
obj_03_pumpkin,0.5,3,100,random48_1,0.1,14,0.904129976
obj_03_pumpkin,0.5,3,100,random48_1,0.2,28,1.58874762
obj_03_pumpkin,0.5,3,100,random48_1,0.4,48,0.0187661434
obj_03_pumpkin,0.5,3,100,random48_1,0.6,48,0.0187661434
obj_03_pumpkin,0.5,3,100,random48_1,0.8,48,0.0187661434
obj_03_pumpkin,0.5,3,100,random48_2,0.1,14,0.710637358
obj_03_pumpkin,0.5,3,100,random48_2,0.2,28,0.452910346
obj_03_pumpkin,0.5,3,100,random48_2,0.4,48,0.0187661434
obj_03_pumpkin,0.5,3,100,random48_2,0.6,48,0.0187661434
obj_03_pumpkin,0.5,3,100,random48_2,0.8,48,0.0187661434
obj_03_pumpkin,0.5,3,100,random48_3,0.1,14,0.622652252
obj_03_pumpkin,0.5,3,100,random48_3,0.2,28,0.182980329
obj_03_pumpkin,0.5,3,100,random48_3,0.4,48,0.0187661434
obj_03_pumpkin,0.5,3,100,random48_3,0.6,48,0.0187661434
obj_03_pumpkin,0.5,3,100,random48_3,0.8,48,0.0187661434
obj_03_pumpkin,0.5,3,100,random48_4,0.1,14,0.766141484
obj_03_pumpkin,0.5,3,100,random48_4,0.2,28,0.712248219
obj_03_pumpkin,0.5,3,100,random48_4,0.4,48,0.0187661434
obj_03_pumpkin,0.5,3,100,random48_4,0.6,48,0.0187661434
obj_03_pumpkin,0.5,3,100,random48_4,0.8,48,0.0187661434
obj_03_pumpkin,0.5,4,10,random48_0,0.1,14,0.575219975
obj_03_pumpkin,0.5,4,10,random48_0,0.2,28,0.51447525
obj_03_pumpkin,0.5,4,10,random48_0,0.4,48,0.164236086
obj_03_pumpkin,0.5,4,10,random48_0,0.6,48,0.164236086
obj_03_pumpkin,0.5,4,10,random48_0,0.8,48,0.164236086
obj_03_pumpkin,0.5,4,10,random48_1,0.1,14,1.20092407
obj_03_pumpkin,0.5,4,10,random48_1,0.2,28,1.9880125
obj_03_pumpkin,0.5,4,10,random48_1,0.4,48,0.164236086
obj_03_pumpkin,0.5,4,10,random48_1,0.6,48,0.164236086
obj_03_pumpkin,0.5,4,10,random48_1,0.8,48,0.164236086
obj_03_pumpkin,0.5,4,10,random48_2,0.1,14,0.476754544
obj_03_pumpkin,0.5,4,10,random48_2,0.2,28,0.502725509
obj_03_pumpkin,0.5,4,10,random48_2,0.4,48,0.164236086
obj_03_pumpkin,0.5,4,10,random48_2,0.6,48,0.164236086
obj_03_pumpkin,0.5,4,10,random48_2,0.8,48,0.164236086
obj_03_pumpkin,0.5,4,10,random48_3,0.1,14,1.25800894
obj_03_pumpkin,0.5,4,10,random48_3,0.2,28,0.833173331
obj_03_pumpkin,0.5,4,10,random48_3,0.4,48,0.164236086
obj_03_pumpkin,0.5,4,10,random48_3,0.6,48,0.164236086
obj_03_pumpkin,0.5,4,10,random48_3,0.8,48,0.164236086
obj_03_pumpkin,0.5,4,10,random48_4,0.1,14,0.504945444
obj_03_pumpkin,0.5,4,10,random48_4,0.2,28,0.407917137
obj_03_pumpkin,0.5,4,10,random48_4,0.4,48,0.164236086
obj_03_pumpkin,0.5,4,10,random48_4,0.6,48,0.164236086
obj_03_pumpkin,0.5,4,10,random48_4,0.8,48,0.164236086
obj_03_pumpkin,0.5,4,100,random48_0,0.1,14,0.515491227
obj_03_pumpkin,0.5,4,100,random48_0,0.2,28,0.650187229
obj_03_pumpkin,0.5,4,100,random48_0,0.4,48,0.0211732521
obj_03_pumpkin,0.5,4,100,random48_0,0.6,48,0.0211732521
obj_03_pumpkin,0.5,4,100,random48_0,0.8,48,0.0211732521
obj_03_pumpkin,0.5,4,100,random48_1,0.1,14,0.136252531
obj_03_pumpkin,0.5,4,100,random48_1,0.2,28,0.594874812
obj_03_pumpkin,0.5,4,100,random48_1,0.4,48,0.0211732521
obj_03_pumpkin,0.5,4,100,random48_1,0.6,48,0.0211732521
obj_03_pumpkin,0.5,4,100,random48_1,0.8,48,0.0211732521
obj_03_pumpkin,0.5,4,100,random48_2,0.1,14,1.33950227
obj_03_pumpkin,0.5,4,100,random48_2,0.2,28,0.96751968
obj_03_pumpkin,0.5,4,100,random48_2,0.4,48,0.0211732521
obj_03_pumpkin,0.5,4,100,random48_2,0.6,48,0.0211732521
obj_03_pumpkin,0.5,4,100,random48_2,0.8,48,0.0211732521
obj_03_pumpkin,0.5,4,100,random48_3,0.1,14,0.935050542
obj_03_pumpkin,0.5,4,100,random48_3,0.2,28,0.849405629
obj_03_pumpkin,0.5,4,100,random48_3,0.4,48,0.0211732521
obj_03_pumpkin,0.5,4,100,random48_3,0.6,48,0.0211732521
obj_03_pumpkin,0.5,4,100,random48_3,0.8,48,0.0211732521
obj_03_pumpkin,0.5,4,100,random48_4,0.1,14,1.2568679
obj_03_pumpkin,0.5,4,100,random48_4,0.2,28,0.537088709
obj_03_pumpkin,0.5,4,100,random48_4,0.4,48,0.0211732521
obj_03_pumpkin,0.5,4,100,random48_4,0.6,48,0.0211732521
obj_03_pumpkin,0.5,4,100,random48_4,0.8,48,0.0211732521
obj_03_pumpkin,0.5,5,10,random48_0,0.1,14,0.0626938102
obj_03_pumpkin,0.5,5,10,random48_0,0.2,28,0.403939058
obj_03_pumpkin,0.5,5,10,random48_0,0.4,48,0.00677001636
obj_03_pumpkin,0.5,5,10,random48_0,0.6,48,0.00677001636
obj_03_pumpkin,0.5,5,10,random48_0,0.8,48,0.00677001636
obj_03_pumpkin,0.5,5,10,random48_1,0.1,14,0.0686199784
obj_03_pumpkin,0.5,5,10,random48_1,0.2,28,0.0453261225
obj_03_pumpkin,0.5,5,10,random48_1,0.4,48,0.00677001636
obj_03_pumpkin,0.5,5,10,random48_1,0.6,48,0.00677001636
obj_03_pumpkin,0.5,5,10,random48_1,0.8,48,0.00677001636
obj_03_pumpkin,0.5,5,10,random48_2,0.1,14,0.339945944
obj_03_pumpkin,0.5,5,10,random48_2,0.2,28,0.348991216
obj_03_pumpkin,0.5,5,10,random48_2,0.4,48,0.00677001636
obj_03_pumpkin,0.5,5,10,random48_2,0.6,48,0.00677001636
obj_03_pumpkin,0.5,5,10,random48_2,0.8,48,0.00677001636
obj_03_pumpkin,0.5,5,10,random48_3,0.1,14,0.0489750206
obj_03_pumpkin,0.5,5,10,random48_3,0.2,28,0.551457473
obj_03_pumpkin,0.5,5,10,random48_3,0.4,48,0.00677001636
obj_03_pumpkin,0.5,5,10,random48_3,0.6,48,0.00677001636
obj_03_pumpkin,0.5,5,10,random48_3,0.8,48,0.00677001636
obj_03_pumpkin,0.5,5,10,random48_4,0.1,14,0.0786113965
obj_03_pumpkin,0.5,5,10,random48_4,0.2,28,0.313382186
obj_03_pumpkin,0.5,5,10,random48_4,0.4,48,0.00677001636
obj_03_pumpkin,0.5,5,10,random48_4,0.6,48,0.00677001636
obj_03_pumpkin,0.5,5,10,random48_4,0.8,48,0.00677001636
obj_03_pumpkin,0.5,5,100,random48_0,0.1,14,0.0591539808
obj_03_pumpkin,0.5,5,100,random48_0,0.2,28,0.280398629
obj_03_pumpkin,0.5,5,100,random48_0,0.4,48,0.00110930685
obj_03_pumpkin,0.5,5,100,random48_0,0.6,48,0.00110930685
obj_03_pumpkin,0.5,5,100,random48_0,0.8,48,0.00110930685
obj_03_pumpkin,0.5,5,100,random48_1,0.1,14,0.0288947972
obj_03_pumpkin,0.5,5,100,random48_1,0.2,28,0.466068749
obj_03_pumpkin,0.5,5,100,random48_1,0.4,48,0.00110930685
obj_03_pumpkin,0.5,5,100,random48_1,0.6,48,0.00110930685
obj_03_pumpkin,0.5,5,100,random48_1,0.8,48,0.00110930685
obj_03_pumpkin,0.5,5,100,random48_2,0.1,14,0.00371581181
obj_03_pumpkin,0.5,5,100,random48_2,0.2,28,0.131740564
obj_03_pumpkin,0.5,5,100,random48_2,0.4,48,0.00110930685
obj_03_pumpkin,0.5,5,100,random48_2,0.6,48,0.00110930685
obj_03_pumpkin,0.5,5,100,random48_2,0.8,48,0.00110930685
obj_03_pumpkin,0.5,5,100,random48_3,0.1,14,0.0577670635
obj_03_pumpkin,0.5,5,100,random48_3,0.2,28,0.133376504
obj_03_pumpkin,0.5,5,100,random48_3,0.4,48,0.00110930685
obj_03_pumpkin,0.5,5,100,random48_3,0.6,48,0.00110930685
obj_03_pumpkin,0.5,5,100,random48_3,0.8,48,0.00110930685
obj_03_pumpkin,0.5,5,100,random48_4,0.1,14,0.16942318
obj_03_pumpkin,0.5,5,100,random48_4,0.2,28,0.321323924
obj_03_pumpkin,0.5,5,100,random48_4,0.4,48,0.00110930685
obj_03_pumpkin,0.5,5,100,random48_4,0.6,48,0.00110930685
obj_03_pumpkin,0.5,5,100,random48_4,0.8,48,0.00110930685
obj_03_pumpkin,0.5,6,10,random48_0,0.1,14,0.815748003
obj_03_pumpkin,0.5,6,10,random48_0,0.2,28,0.681328363
obj_03_pumpkin,0.5,6,10,random48_0,0.4,48,0.0394549406
obj_03_pumpkin,0.5,6,10,random48_0,0.6,48,0.0394549406
obj_03_pumpkin,0.5,6,10,random48_0,0.8,48,0.0394549406
obj_03_pumpkin,0.5,6,10,random48_1,0.1,14,0.943099443
obj_03_pumpkin,0.5,6,10,random48_1,0.2,28,0.985846939
obj_03_pumpkin,0.5,6,10,random48_1,0.4,48,0.0394549406
obj_03_pumpkin,0.5,6,10,random48_1,0.6,48,0.0394549406
obj_03_pumpkin,0.5,6,10,random48_1,0.8,48,0.0394549406
obj_03_pumpkin,0.5,6,10,random48_2,0.1,14,0.702226458
obj_03_pumpkin,0.5,6,10,random48_2,0.2,28,0.700162498
obj_03_pumpkin,0.5,6,10,random48_2,0.4,48,0.0394549406
obj_03_pumpkin,0.5,6,10,random48_2,0.6,48,0.0394549406
obj_03_pumpkin,0.5,6,10,random48_2,0.8,48,0.0394549406
obj_03_pumpkin,0.5,6,10,random48_3,0.1,14,0.663766253
obj_03_pumpkin,0.5,6,10,random48_3,0.2,28,0.747815419
obj_03_pumpkin,0.5,6,10,random48_3,0.4,48,0.0394549406
obj_03_pumpkin,0.5,6,10,random48_3,0.6,48,0.0394549406
obj_03_pumpkin,0.5,6,10,random48_3,0.8,48,0.0394549406
obj_03_pumpkin,0.5,6,10,random48_4,0.1,14,0.176293588
obj_03_pumpkin,0.5,6,10,random48_4,0.2,28,0.0883154057
obj_03_pumpkin,0.5,6,10,random48_4,0.4,48,0.0394549406
obj_03_pumpkin,0.5,6,10,random48_4,0.6,48,0.0394549406
obj_03_pumpkin,0.5,6,10,random48_4,0.8,48,0.0394549406
obj_03_pumpkin,0.5,6,100,random48_0,0.1,14,0.881209221
obj_03_pumpkin,0.5,6,100,random48_0,0.2,28,1.06552433
obj_03_pumpkin,0.5,6,100,random48_0,0.4,48,0.00298153575
obj_03_pumpkin,0.5,6,100,random48_0,0.6,48,0.00298153575
obj_03_pumpkin,0.5,6,100,random48_0,0.8,48,0.00298153575
obj_03_pumpkin,0.5,6,100,random48_1,0.1,14,0.689977679
obj_03_pumpkin,0.5,6,100,random48_1,0.2,28,0.0876171739
obj_03_pumpkin,0.5,6,100,random48_1,0.4,48,0.00298153575
obj_03_pumpkin,0.5,6,100,random48_1,0.6,48,0.00298153575
obj_03_pumpkin,0.5,6,100,random48_1,0.8,48,0.00298153575
obj_03_pumpkin,0.5,6,100,random48_2,0.1,14,0.575509979
obj_03_pumpkin,0.5,6,100,random48_2,0.2,28,0.0260777836
obj_03_pumpkin,0.5,6,100,random48_2,0.4,48,0.00298153575
obj_03_pumpkin,0.5,6,100,random48_2,0.6,48,0.00298153575
obj_03_pumpkin,0.5,6,100,random48_2,0.8,48,0.00298153575
obj_03_pumpkin,0.5,6,100,random48_3,0.1,14,0.657863031
obj_03_pumpkin,0.5,6,100,random48_3,0.2,28,0.0642840369
obj_03_pumpkin,0.5,6,100,random48_3,0.4,48,0.00298153575
obj_03_pumpkin,0.5,6,100,random48_3,0.6,48,0.00298153575
obj_03_pumpkin,0.5,6,100,random48_3,0.8,48,0.00298153575
obj_03_pumpkin,0.5,6,100,random48_4,0.1,14,0.817710291
obj_03_pumpkin,0.5,6,100,random48_4,0.2,28,0.0948519519
obj_03_pumpkin,0.5,6,100,random48_4,0.4,48,0.00298153575
obj_03_pumpkin,0.5,6,100,random48_4,0.6,48,0.00298153575
obj_03_pumpkin,0.5,6,100,random48_4,0.8,48,0.00298153575
obj_03_pumpkin,0.5,7,10,random48_0,0.1,14,2.33385513
obj_03_pumpkin,0.5,7,10,random48_0,0.2,28,1.87967327
obj_03_pumpkin,0.5,7,10,random48_0,0.4,48,0.389325267
obj_03_pumpkin,0.5,7,10,random48_0,0.6,48,0.389325267
obj_03_pumpkin,0.5,7,10,random48_0,0.8,48,0.389325267
obj_03_pumpkin,0.5,7,10,random48_1,0.1,14,2.2377407
obj_03_pumpkin,0.5,7,10,random48_1,0.2,28,4.03809993
obj_03_pumpkin,0.5,7,10,random48_1,0.4,48,0.389325267
obj_03_pumpkin,0.5,7,10,random48_1,0.6,48,0.389325267
obj_03_pumpkin,0.5,7,10,random48_1,0.8,48,0.389325267
obj_03_pumpkin,0.5,7,10,random48_2,0.1,14,2.60748693
obj_03_pumpkin,0.5,7,10,random48_2,0.2,28,1.27507533
obj_03_pumpkin,0.5,7,10,random48_2,0.4,48,0.389325267
obj_03_pumpkin,0.5,7,10,random48_2,0.6,48,0.389325267
obj_03_pumpkin,0.5,7,10,random48_2,0.8,48,0.389325267
obj_03_pumpkin,0.5,7,10,random48_3,0.1,14,2.94188789
obj_03_pumpkin,0.5,7,10,random48_3,0.2,28,1.28982464
obj_03_pumpkin,0.5,7,10,random48_3,0.4,48,0.389325267
obj_03_pumpkin,0.5,7,10,random48_3,0.6,48,0.389325267
obj_03_pumpkin,0.5,7,10,random48_3,0.8,48,0.389325267
obj_03_pumpkin,0.5,7,10,random48_4,0.1,14,1.72684592
obj_03_pumpkin,0.5,7,10,random48_4,0.2,28,2.36848014
obj_03_pumpkin,0.5,7,10,random48_4,0.4,48,0.389325267
obj_03_pumpkin,0.5,7,10,random48_4,0.6,48,0.389325267
obj_03_pumpkin,0.5,7,10,random48_4,0.8,48,0.389325267
obj_03_pumpkin,0.5,7,100,random48_0,0.1,14,1.79650019
obj_03_pumpkin,0.5,7,100,random48_0,0.2,28,1.92537527
obj_03_pumpkin,0.5,7,100,random48_0,0.4,48,0.0382789027
obj_03_pumpkin,0.5,7,100,random48_0,0.6,48,0.0382789027
obj_03_pumpkin,0.5,7,100,random48_0,0.8,48,0.0382789027
obj_03_pumpkin,0.5,7,100,random48_1,0.1,14,4.0722008
obj_03_pumpkin,0.5,7,100,random48_1,0.2,28,3.74499647
obj_03_pumpkin,0.5,7,100,random48_1,0.4,48,0.0382789027
obj_03_pumpkin,0.5,7,100,random48_1,0.6,48,0.0382789027
obj_03_pumpkin,0.5,7,100,random48_1,0.8,48,0.0382789027
obj_03_pumpkin,0.5,7,100,random48_2,0.1,14,3.33399802
obj_03_pumpkin,0.5,7,100,random48_2,0.2,28,1.08126247
obj_03_pumpkin,0.5,7,100,random48_2,0.4,48,0.0382789027
obj_03_pumpkin,0.5,7,100,random48_2,0.6,48,0.0382789027
obj_03_pumpkin,0.5,7,100,random48_2,0.8,48,0.0382789027
obj_03_pumpkin,0.5,7,100,random48_3,0.1,14,2.03323416
obj_03_pumpkin,0.5,7,100,random48_3,0.2,28,0.360209287
obj_03_pumpkin,0.5,7,100,random48_3,0.4,48,0.0382789027
obj_03_pumpkin,0.5,7,100,random48_3,0.6,48,0.0382789027
obj_03_pumpkin,0.5,7,100,random48_3,0.8,48,0.0382789027
obj_03_pumpkin,0.5,7,100,random48_4,0.1,14,1.15490892
obj_03_pumpkin,0.5,7,100,random48_4,0.2,28,1.60231782
obj_03_pumpkin,0.5,7,100,random48_4,0.4,48,0.0382789027
obj_03_pumpkin,0.5,7,100,random48_4,0.6,48,0.0382789027
obj_03_pumpkin,0.5,7,100,random48_4,0.8,48,0.0382789027
obj_03_pumpkin,0.5,8,10,random48_0,0.1,14,0.229287234
obj_03_pumpkin,0.5,8,10,random48_0,0.2,28,0.344330726
obj_03_pumpkin,0.5,8,10,random48_0,0.4,48,0.0128025523
obj_03_pumpkin,0.5,8,10,random48_0,0.6,48,0.0128025523
obj_03_pumpkin,0.5,8,10,random48_0,0.8,48,0.0128025523
obj_03_pumpkin,0.5,8,10,random48_1,0.1,14,0.144912582
obj_03_pumpkin,0.5,8,10,random48_1,0.2,28,0.197331645
obj_03_pumpkin,0.5,8,10,random48_1,0.4,48,0.0128025523
obj_03_pumpkin,0.5,8,10,random48_1,0.6,48,0.0128025523
obj_03_pumpkin,0.5,8,10,random48_1,0.8,48,0.0128025523
obj_03_pumpkin,0.5,8,10,random48_2,0.1,14,0.576567469
obj_03_pumpkin,0.5,8,10,random48_2,0.2,28,0.311858928
obj_03_pumpkin,0.5,8,10,random48_2,0.4,48,0.0128025523
obj_03_pumpkin,0.5,8,10,random48_2,0.6,48,0.0128025523
obj_03_pumpkin,0.5,8,10,random48_2,0.8,48,0.0128025523
obj_03_pumpkin,0.5,8,10,random48_3,0.1,14,0.157859466
obj_03_pumpkin,0.5,8,10,random48_3,0.2,28,0.15501079
obj_03_pumpkin,0.5,8,10,random48_3,0.4,48,0.0128025523
obj_03_pumpkin,0.5,8,10,random48_3,0.6,48,0.0128025523
obj_03_pumpkin,0.5,8,10,random48_3,0.8,48,0.0128025523
obj_03_pumpkin,0.5,8,10,random48_4,0.1,14,0.161891107
obj_03_pumpkin,0.5,8,10,random48_4,0.2,28,0.371233843
obj_03_pumpkin,0.5,8,10,random48_4,0.4,48,0.0128025523
obj_03_pumpkin,0.5,8,10,random48_4,0.6,48,0.0128025523
obj_03_pumpkin,0.5,8,10,random48_4,0.8,48,0.0128025523
obj_03_pumpkin,0.5,8,100,random48_0,0.1,14,0.202991336
obj_03_pumpkin,0.5,8,100,random48_0,0.2,28,0.197231967
obj_03_pumpkin,0.5,8,100,random48_0,0.4,48,0.00104759051
obj_03_pumpkin,0.5,8,100,random48_0,0.6,48,0.00104759051
obj_03_pumpkin,0.5,8,100,random48_0,0.8,48,0.00104759051
obj_03_pumpkin,0.5,8,100,random48_1,0.1,14,0.287771433
obj_03_pumpkin,0.5,8,100,random48_1,0.2,28,1.39617264
obj_03_pumpkin,0.5,8,100,random48_1,0.4,48,0.00104759051
obj_03_pumpkin,0.5,8,100,random48_1,0.6,48,0.00104759051
obj_03_pumpkin,0.5,8,100,random48_1,0.8,48,0.00104759051
obj_03_pumpkin,0.5,8,100,random48_2,0.1,14,1.10274118
obj_03_pumpkin,0.5,8,100,random48_2,0.2,28,0.727578952
obj_03_pumpkin,0.5,8,100,random48_2,0.4,48,0.00104759051
obj_03_pumpkin,0.5,8,100,random48_2,0.6,48,0.00104759051
obj_03_pumpkin,0.5,8,100,random48_2,0.8,48,0.00104759051
obj_03_pumpkin,0.5,8,100,random48_3,0.1,14,0.20459511
obj_03_pumpkin,0.5,8,100,random48_3,0.2,28,0.560437261
obj_03_pumpkin,0.5,8,100,random48_3,0.4,48,0.00104759051
obj_03_pumpkin,0.5,8,100,random48_3,0.6,48,0.00104759051
obj_03_pumpkin,0.5,8,100,random48_3,0.8,48,0.00104759051
obj_03_pumpkin,0.5,8,100,random48_4,0.1,14,0.271585483
obj_03_pumpkin,0.5,8,100,random48_4,0.2,28,0.544563674
obj_03_pumpkin,0.5,8,100,random48_4,0.4,48,0.00104759051
obj_03_pumpkin,0.5,8,100,random48_4,0.6,48,0.00104759051
obj_03_pumpkin,0.5,8,100,random48_4,0.8,48,0.00104759051
obj_03_pumpkin,0.5,9,10,random48_0,0.1,14,0.150225809
obj_03_pumpkin,0.5,9,10,random48_0,0.2,28,0.135043109
obj_03_pumpkin,0.5,9,10,random48_0,0.4,48,0.0379905525
obj_03_pumpkin,0.5,9,10,random48_0,0.6,48,0.0379905525
obj_03_pumpkin,0.5,9,10,random48_0,0.8,48,0.0379905525
obj_03_pumpkin,0.5,9,10,random48_1,0.1,14,0.258148676
obj_03_pumpkin,0.5,9,10,random48_1,0.2,28,0.333377685
obj_03_pumpkin,0.5,9,10,random48_1,0.4,48,0.0379905525
obj_03_pumpkin,0.5,9,10,random48_1,0.6,48,0.0379905525
obj_03_pumpkin,0.5,9,10,random48_1,0.8,48,0.0379905525
obj_03_pumpkin,0.5,9,10,random48_2,0.1,14,0.487703426
obj_03_pumpkin,0.5,9,10,random48_2,0.2,28,0.195741382
obj_03_pumpkin,0.5,9,10,random48_2,0.4,48,0.0379905525
obj_03_pumpkin,0.5,9,10,random48_2,0.6,48,0.0379905525
obj_03_pumpkin,0.5,9,10,random48_2,0.8,48,0.0379905525
obj_03_pumpkin,0.5,9,10,random48_3,0.1,14,0.212971481
obj_03_pumpkin,0.5,9,10,random48_3,0.2,28,0.286437348
obj_03_pumpkin,0.5,9,10,random48_3,0.4,48,0.0379905525
obj_03_pumpkin,0.5,9,10,random48_3,0.6,48,0.0379905525
obj_03_pumpkin,0.5,9,10,random48_3,0.8,48,0.0379905525
obj_03_pumpkin,0.5,9,10,random48_4,0.1,14,0.478544658
obj_03_pumpkin,0.5,9,10,random48_4,0.2,28,0.416719642
obj_03_pumpkin,0.5,9,10,random48_4,0.4,48,0.0379905525
obj_03_pumpkin,0.5,9,10,random48_4,0.6,48,0.0379905525
obj_03_pumpkin,0.5,9,10,random48_4,0.8,48,0.0379905525
obj_03_pumpkin,0.5,9,100,random48_0,0.1,14,0.481207983
obj_03_pumpkin,0.5,9,100,random48_0,0.2,28,0.862169798
obj_03_pumpkin,0.5,9,100,random48_0,0.4,48,0.00355739159
obj_03_pumpkin,0.5,9,100,random48_0,0.6,48,0.00355739159
obj_03_pumpkin,0.5,9,100,random48_0,0.8,48,0.00355739159
obj_03_pumpkin,0.5,9,100,random48_1,0.1,14,0.505759422
obj_03_pumpkin,0.5,9,100,random48_1,0.2,28,0.42158856
obj_03_pumpkin,0.5,9,100,random48_1,0.4,48,0.00355739159
obj_03_pumpkin,0.5,9,100,random48_1,0.6,48,0.00355739159
obj_03_pumpkin,0.5,9,100,random48_1,0.8,48,0.00355739159
obj_03_pumpkin,0.5,9,100,random48_2,0.1,14,0.317494671
obj_03_pumpkin,0.5,9,100,random48_2,0.2,28,0.928900163
obj_03_pumpkin,0.5,9,100,random48_2,0.4,48,0.00355739159
obj_03_pumpkin,0.5,9,100,random48_2,0.6,48,0.00355739159
obj_03_pumpkin,0.5,9,100,random48_2,0.8,48,0.00355739159
obj_03_pumpkin,0.5,9,100,random48_3,0.1,14,0.20143244
obj_03_pumpkin,0.5,9,100,random48_3,0.2,28,0.337768047
obj_03_pumpkin,0.5,9,100,random48_3,0.4,48,0.00355739159
obj_03_pumpkin,0.5,9,100,random48_3,0.6,48,0.00355739159
obj_03_pumpkin,0.5,9,100,random48_3,0.8,48,0.00355739159
obj_03_pumpkin,0.5,9,100,random48_4,0.1,14,0.470753202
obj_03_pumpkin,0.5,9,100,random48_4,0.2,28,0.975596873
obj_03_pumpkin,0.5,9,100,random48_4,0.4,48,0.00355739159
obj_03_pumpkin,0.5,9,100,random48_4,0.6,48,0.00355739159
obj_03_pumpkin,0.5,9,100,random48_4,0.8,48,0.00355739159
obj_03_pumpkin,1.0,0,10,random48_0,0.1,14,3.41813543
obj_03_pumpkin,1.0,0,10,random48_0,0.2,28,5.79047625
obj_03_pumpkin,1.0,0,10,random48_0,0.4,48,0.462018513
obj_03_pumpkin,1.0,0,10,random48_0,0.6,48,0.462018513
obj_03_pumpkin,1.0,0,10,random48_0,0.8,48,0.462018513
obj_03_pumpkin,1.0,0,10,random48_1,0.1,14,1.72013069
obj_03_pumpkin,1.0,0,10,random48_1,0.2,28,5.42731481
obj_03_pumpkin,1.0,0,10,random48_1,0.4,48,0.462018513
obj_03_pumpkin,1.0,0,10,random48_1,0.6,48,0.462018513
obj_03_pumpkin,1.0,0,10,random48_1,0.8,48,0.462018513
obj_03_pumpkin,1.0,0,10,random48_2,0.1,14,2.43148762
obj_03_pumpkin,1.0,0,10,random48_2,0.2,28,3.79879017
obj_03_pumpkin,1.0,0,10,random48_2,0.4,48,0.462018513
obj_03_pumpkin,1.0,0,10,random48_2,0.6,48,0.462018513
obj_03_pumpkin,1.0,0,10,random48_2,0.8,48,0.462018513
obj_03_pumpkin,1.0,0,10,random48_3,0.1,14,2.35943517
obj_03_pumpkin,1.0,0,10,random48_3,0.2,28,3.25724264
obj_03_pumpkin,1.0,0,10,random48_3,0.4,48,0.462018513
obj_03_pumpkin,1.0,0,10,random48_3,0.6,48,0.462018513
obj_03_pumpkin,1.0,0,10,random48_3,0.8,48,0.462018513
obj_03_pumpkin,1.0,0,10,random48_4,0.1,14,1.79563154
obj_03_pumpkin,1.0,0,10,random48_4,0.2,28,3.53198278
obj_03_pumpkin,1.0,0,10,random48_4,0.4,48,0.462018513
obj_03_pumpkin,1.0,0,10,random48_4,0.6,48,0.462018513
obj_03_pumpkin,1.0,0,10,random48_4,0.8,48,0.462018513
obj_03_pumpkin,1.0,0,100,random48_0,0.1,14,1.81153118
obj_03_pumpkin,1.0,0,100,random48_0,0.2,28,1.06887086
obj_03_pumpkin,1.0,0,100,random48_0,0.4,48,0.027001041
obj_03_pumpkin,1.0,0,100,random48_0,0.6,48,0.027001041
obj_03_pumpkin,1.0,0,100,random48_0,0.8,48,0.027001041
obj_03_pumpkin,1.0,0,100,random48_1,0.1,14,2.97201299
obj_03_pumpkin,1.0,0,100,random48_1,0.2,28,5.76175028
obj_03_pumpkin,1.0,0,100,random48_1,0.4,48,0.027001041
obj_03_pumpkin,1.0,0,100,random48_1,0.6,48,0.027001041
obj_03_pumpkin,1.0,0,100,random48_1,0.8,48,0.027001041
obj_03_pumpkin,1.0,0,100,random48_2,0.1,14,2.49693474
obj_03_pumpkin,1.0,0,100,random48_2,0.2,28,6.60091947
obj_03_pumpkin,1.0,0,100,random48_2,0.4,48,0.027001041
obj_03_pumpkin,1.0,0,100,random48_2,0.6,48,0.027001041
obj_03_pumpkin,1.0,0,100,random48_2,0.8,48,0.027001041
obj_03_pumpkin,1.0,0,100,random48_3,0.1,14,2.76390255
obj_03_pumpkin,1.0,0,100,random48_3,0.2,28,2.86810885
obj_03_pumpkin,1.0,0,100,random48_3,0.4,48,0.027001041
obj_03_pumpkin,1.0,0,100,random48_3,0.6,48,0.027001041
obj_03_pumpkin,1.0,0,100,random48_3,0.8,48,0.027001041
obj_03_pumpkin,1.0,0,100,random48_4,0.1,14,1.71713402
obj_03_pumpkin,1.0,0,100,random48_4,0.2,28,2.7759227
obj_03_pumpkin,1.0,0,100,random48_4,0.4,48,0.027001041
obj_03_pumpkin,1.0,0,100,random48_4,0.6,48,0.027001041
obj_03_pumpkin,1.0,0,100,random48_4,0.8,48,0.027001041
obj_03_pumpkin,1.0,1,10,random48_0,0.1,14,0.226782355
obj_03_pumpkin,1.0,1,10,random48_0,0.2,28,6.64885494
obj_03_pumpkin,1.0,1,10,random48_0,0.4,48,0.499074998
obj_03_pumpkin,1.0,1,10,random48_0,0.6,48,0.499074998
obj_03_pumpkin,1.0,1,10,random48_0,0.8,48,0.499074998
obj_03_pumpkin,1.0,1,10,random48_1,0.1,14,0.0350780951
obj_03_pumpkin,1.0,1,10,random48_1,0.2,28,0.890318402
obj_03_pumpkin,1.0,1,10,random48_1,0.4,48,0.499074998
obj_03_pumpkin,1.0,1,10,random48_1,0.6,48,0.499074998
obj_03_pumpkin,1.0,1,10,random48_1,0.8,48,0.499074998
obj_03_pumpkin,1.0,1,10,random48_2,0.1,14,0.31545619
obj_03_pumpkin,1.0,1,10,random48_2,0.2,28,0.384687502
obj_03_pumpkin,1.0,1,10,random48_2,0.4,48,0.499074998
obj_03_pumpkin,1.0,1,10,random48_2,0.6,48,0.499074998
obj_03_pumpkin,1.0,1,10,random48_2,0.8,48,0.499074998
obj_03_pumpkin,1.0,1,10,random48_3,0.1,14,0.41080817
obj_03_pumpkin,1.0,1,10,random48_3,0.2,28,0.432519755
obj_03_pumpkin,1.0,1,10,random48_3,0.4,48,0.499074998
obj_03_pumpkin,1.0,1,10,random48_3,0.6,48,0.499074998
obj_03_pumpkin,1.0,1,10,random48_3,0.8,48,0.499074998
obj_03_pumpkin,1.0,1,10,random48_4,0.1,14,0.0456955642
obj_03_pumpkin,1.0,1,10,random48_4,0.2,28,0.384658562
obj_03_pumpkin,1.0,1,10,random48_4,0.4,48,0.499074998
obj_03_pumpkin,1.0,1,10,random48_4,0.6,48,0.499074998
obj_03_pumpkin,1.0,1,10,random48_4,0.8,48,0.499074998
obj_03_pumpkin,1.0,1,100,random48_0,0.1,14,10.3814151
obj_03_pumpkin,1.0,1,100,random48_0,0.2,28,8.65203751
obj_03_pumpkin,1.0,1,100,random48_0,0.4,48,0.0507061776
obj_03_pumpkin,1.0,1,100,random48_0,0.6,48,0.0507061776
obj_03_pumpkin,1.0,1,100,random48_0,0.8,48,0.0507061776
obj_03_pumpkin,1.0,1,100,random48_1,0.1,14,0.230528244
obj_03_pumpkin,1.0,1,100,random48_1,0.2,28,0.342571666
obj_03_pumpkin,1.0,1,100,random48_1,0.4,48,0.0507061776
obj_03_pumpkin,1.0,1,100,random48_1,0.6,48,0.0507061776
obj_03_pumpkin,1.0,1,100,random48_1,0.8,48,0.0507061776
obj_03_pumpkin,1.0,1,100,random48_2,0.1,14,7.67380114
obj_03_pumpkin,1.0,1,100,random48_2,0.2,28,0.585269622
obj_03_pumpkin,1.0,1,100,random48_2,0.4,48,0.0507061776
obj_03_pumpkin,1.0,1,100,random48_2,0.6,48,0.0507061776
obj_03_pumpkin,1.0,1,100,random48_2,0.8,48,0.0507061776
obj_03_pumpkin,1.0,1,100,random48_3,0.1,14,0.0373618958
obj_03_pumpkin,1.0,1,100,random48_3,0.2,28,10.8409831
obj_03_pumpkin,1.0,1,100,random48_3,0.4,48,0.0507061776
obj_03_pumpkin,1.0,1,100,random48_3,0.6,48,0.0507061776
obj_03_pumpkin,1.0,1,100,random48_3,0.8,48,0.0507061776
obj_03_pumpkin,1.0,1,100,random48_4,0.1,14,9.76426236
obj_03_pumpkin,1.0,1,100,random48_4,0.2,28,6.67636745
obj_03_pumpkin,1.0,1,100,random48_4,0.4,48,0.0507061776
obj_03_pumpkin,1.0,1,100,random48_4,0.6,48,0.0507061776
obj_03_pumpkin,1.0,1,100,random48_4,0.8,48,0.0507061776
obj_03_pumpkin,1.0,2,10,random48_0,0.1,14,1.06944553
obj_03_pumpkin,1.0,2,10,random48_0,0.2,28,2.3074628
obj_03_pumpkin,1.0,2,10,random48_0,0.4,48,0.456070896
obj_03_pumpkin,1.0,2,10,random48_0,0.6,48,0.456070896
obj_03_pumpkin,1.0,2,10,random48_0,0.8,48,0.456070896
obj_03_pumpkin,1.0,2,10,random48_1,0.1,14,0.930312775
obj_03_pumpkin,1.0,2,10,random48_1,0.2,28,1.58721592
obj_03_pumpkin,1.0,2,10,random48_1,0.4,48,0.456070896
obj_03_pumpkin,1.0,2,10,random48_1,0.6,48,0.456070896
obj_03_pumpkin,1.0,2,10,random48_1,0.8,48,0.456070896
obj_03_pumpkin,1.0,2,10,random48_2,0.1,14,2.01046225
obj_03_pumpkin,1.0,2,10,random48_2,0.2,28,1.75195948
obj_03_pumpkin,1.0,2,10,random48_2,0.4,48,0.456070896
obj_03_pumpkin,1.0,2,10,random48_2,0.6,48,0.456070896
obj_03_pumpkin,1.0,2,10,random48_2,0.8,48,0.456070896
obj_03_pumpkin,1.0,2,10,random48_3,0.1,14,2.37125746
obj_03_pumpkin,1.0,2,10,random48_3,0.2,28,2.02467631
obj_03_pumpkin,1.0,2,10,random48_3,0.4,48,0.456070896
obj_03_pumpkin,1.0,2,10,random48_3,0.6,48,0.456070896
obj_03_pumpkin,1.0,2,10,random48_3,0.8,48,0.456070896
obj_03_pumpkin,1.0,2,10,random48_4,0.1,14,2.9466536
obj_03_pumpkin,1.0,2,10,random48_4,0.2,28,2.92575626
obj_03_pumpkin,1.0,2,10,random48_4,0.4,48,0.456070896
obj_03_pumpkin,1.0,2,10,random48_4,0.6,48,0.456070896
obj_03_pumpkin,1.0,2,10,random48_4,0.8,48,0.456070896
obj_03_pumpkin,1.0,2,100,random48_0,0.1,14,2.6036064
obj_03_pumpkin,1.0,2,100,random48_0,0.2,28,4.27694325
obj_03_pumpkin,1.0,2,100,random48_0,0.4,48,0.0786967906
obj_03_pumpkin,1.0,2,100,random48_0,0.6,48,0.0786967906
obj_03_pumpkin,1.0,2,100,random48_0,0.8,48,0.0786967906
obj_03_pumpkin,1.0,2,100,random48_1,0.1,14,0.956063898
obj_03_pumpkin,1.0,2,100,random48_1,0.2,28,4.5787661
obj_03_pumpkin,1.0,2,100,random48_1,0.4,48,0.0786967906
obj_03_pumpkin,1.0,2,100,random48_1,0.6,48,0.0786967906
obj_03_pumpkin,1.0,2,100,random48_1,0.8,48,0.0786967906
obj_03_pumpkin,1.0,2,100,random48_2,0.1,14,1.68425921
obj_03_pumpkin,1.0,2,100,random48_2,0.2,28,1.41560742
obj_03_pumpkin,1.0,2,100,random48_2,0.4,48,0.0786967906
obj_03_pumpkin,1.0,2,100,random48_2,0.6,48,0.0786967906
obj_03_pumpkin,1.0,2,100,random48_2,0.8,48,0.0786967906
obj_03_pumpkin,1.0,2,100,random48_3,0.1,14,0.904671661
obj_03_pumpkin,1.0,2,100,random48_3,0.2,28,2.69478422
obj_03_pumpkin,1.0,2,100,random48_3,0.4,48,0.0786967906
obj_03_pumpkin,1.0,2,100,random48_3,0.6,48,0.0786967906
obj_03_pumpkin,1.0,2,100,random48_3,0.8,48,0.0786967906
obj_03_pumpkin,1.0,2,100,random48_4,0.1,14,2.72065877
obj_03_pumpkin,1.0,2,100,random48_4,0.2,28,3.4258993
obj_03_pumpkin,1.0,2,100,random48_4,0.4,48,0.0786967906
obj_03_pumpkin,1.0,2,100,random48_4,0.6,48,0.0786967906
obj_03_pumpkin,1.0,2,100,random48_4,0.8,48,0.0786967906
obj_03_pumpkin,1.0,3,10,random48_0,0.1,14,1.60235149
obj_03_pumpkin,1.0,3,10,random48_0,0.2,28,1.0881926
obj_03_pumpkin,1.0,3,10,random48_0,0.4,48,1.08184305
obj_03_pumpkin,1.0,3,10,random48_0,0.6,48,1.08184305
obj_03_pumpkin,1.0,3,10,random48_0,0.8,48,1.08184305
obj_03_pumpkin,1.0,3,10,random48_1,0.1,14,1.62334113
obj_03_pumpkin,1.0,3,10,random48_1,0.2,28,1.86566037
obj_03_pumpkin,1.0,3,10,random48_1,0.4,48,1.08184305
obj_03_pumpkin,1.0,3,10,random48_1,0.6,48,1.08184305
obj_03_pumpkin,1.0,3,10,random48_1,0.8,48,1.08184305
obj_03_pumpkin,1.0,3,10,random48_2,0.1,14,3.59403806
obj_03_pumpkin,1.0,3,10,random48_2,0.2,28,6.37963787
obj_03_pumpkin,1.0,3,10,random48_2,0.4,48,1.08184305
obj_03_pumpkin,1.0,3,10,random48_2,0.6,48,1.08184305
obj_03_pumpkin,1.0,3,10,random48_2,0.8,48,1.08184305
obj_03_pumpkin,1.0,3,10,random48_3,0.1,14,3.1049728
obj_03_pumpkin,1.0,3,10,random48_3,0.2,28,4.17396397
obj_03_pumpkin,1.0,3,10,random48_3,0.4,48,1.08184305
obj_03_pumpkin,1.0,3,10,random48_3,0.6,48,1.08184305
obj_03_pumpkin,1.0,3,10,random48_3,0.8,48,1.08184305
obj_03_pumpkin,1.0,3,10,random48_4,0.1,14,1.67213726
obj_03_pumpkin,1.0,3,10,random48_4,0.2,28,2.6850752
obj_03_pumpkin,1.0,3,10,random48_4,0.4,48,1.08184305
obj_03_pumpkin,1.0,3,10,random48_4,0.6,48,1.08184305
obj_03_pumpkin,1.0,3,10,random48_4,0.8,48,1.08184305
obj_03_pumpkin,1.0,3,100,random48_0,0.1,14,2.06311865
obj_03_pumpkin,1.0,3,100,random48_0,0.2,28,0.562193596
obj_03_pumpkin,1.0,3,100,random48_0,0.4,48,0.0640590789
obj_03_pumpkin,1.0,3,100,random48_0,0.6,48,0.0640590789
obj_03_pumpkin,1.0,3,100,random48_0,0.8,48,0.0640590789
obj_03_pumpkin,1.0,3,100,random48_1,0.1,14,0.500319375
obj_03_pumpkin,1.0,3,100,random48_1,0.2,28,1.71964508
obj_03_pumpkin,1.0,3,100,random48_1,0.4,48,0.0640590789
obj_03_pumpkin,1.0,3,100,random48_1,0.6,48,0.0640590789
obj_03_pumpkin,1.0,3,100,random48_1,0.8,48,0.0640590789
obj_03_pumpkin,1.0,3,100,random48_2,0.1,14,3.4165852
obj_03_pumpkin,1.0,3,100,random48_2,0.2,28,3.43509509
obj_03_pumpkin,1.0,3,100,random48_2,0.4,48,0.0640590789
obj_03_pumpkin,1.0,3,100,random48_2,0.6,48,0.0640590789
obj_03_pumpkin,1.0,3,100,random48_2,0.8,48,0.0640590789
obj_03_pumpkin,1.0,3,100,random48_3,0.1,14,1.16494388
obj_03_pumpkin,1.0,3,100,random48_3,0.2,28,4.81038412
obj_03_pumpkin,1.0,3,100,random48_3,0.4,48,0.0640590789
obj_03_pumpkin,1.0,3,100,random48_3,0.6,48,0.0640590789
obj_03_pumpkin,1.0,3,100,random48_3,0.8,48,0.0640590789
obj_03_pumpkin,1.0,3,100,random48_4,0.1,14,2.62796788
obj_03_pumpkin,1.0,3,100,random48_4,0.2,28,0.745288538
obj_03_pumpkin,1.0,3,100,random48_4,0.4,48,0.0640590789
obj_03_pumpkin,1.0,3,100,random48_4,0.6,48,0.0640590789
obj_03_pumpkin,1.0,3,100,random48_4,0.8,48,0.0640590789
obj_03_pumpkin,1.0,4,10,random48_0,0.1,14,0.459901209
obj_03_pumpkin,1.0,4,10,random48_0,0.2,28,3.05247211
obj_03_pumpkin,1.0,4,10,random48_0,0.4,48,0.903053877
obj_03_pumpkin,1.0,4,10,random48_0,0.6,48,0.903053877
obj_03_pumpkin,1.0,4,10,random48_0,0.8,48,0.903053877
obj_03_pumpkin,1.0,4,10,random48_1,0.1,14,0.444190904
obj_03_pumpkin,1.0,4,10,random48_1,0.2,28,2.12497737
obj_03_pumpkin,1.0,4,10,random48_1,0.4,48,0.903053877
obj_03_pumpkin,1.0,4,10,random48_1,0.6,48,0.903053877
obj_03_pumpkin,1.0,4,10,random48_1,0.8,48,0.903053877
obj_03_pumpkin,1.0,4,10,random48_2,0.1,14,0.558326035
obj_03_pumpkin,1.0,4,10,random48_2,0.2,28,0.556644097
obj_03_pumpkin,1.0,4,10,random48_2,0.4,48,0.903053877
obj_03_pumpkin,1.0,4,10,random48_2,0.6,48,0.903053877
obj_03_pumpkin,1.0,4,10,random48_2,0.8,48,0.903053877
obj_03_pumpkin,1.0,4,10,random48_3,0.1,14,0.372201592
obj_03_pumpkin,1.0,4,10,random48_3,0.2,28,1.62612529
obj_03_pumpkin,1.0,4,10,random48_3,0.4,48,0.903053877
obj_03_pumpkin,1.0,4,10,random48_3,0.6,48,0.903053877
obj_03_pumpkin,1.0,4,10,random48_3,0.8,48,0.903053877
obj_03_pumpkin,1.0,4,10,random48_4,0.1,14,0.508280664
obj_03_pumpkin,1.0,4,10,random48_4,0.2,28,0.583823359
obj_03_pumpkin,1.0,4,10,random48_4,0.4,48,0.903053877
obj_03_pumpkin,1.0,4,10,random48_4,0.6,48,0.903053877
obj_03_pumpkin,1.0,4,10,random48_4,0.8,48,0.903053877
obj_03_pumpkin,1.0,4,100,random48_0,0.1,14,2.34705967
obj_03_pumpkin,1.0,4,100,random48_0,0.2,28,2.3502294
obj_03_pumpkin,1.0,4,100,random48_0,0.4,48,0.12442402
obj_03_pumpkin,1.0,4,100,random48_0,0.6,48,0.12442402
obj_03_pumpkin,1.0,4,100,random48_0,0.8,48,0.12442402
obj_03_pumpkin,1.0,4,100,random48_1,0.1,14,4.89864602
obj_03_pumpkin,1.0,4,100,random48_1,0.2,28,4.22429179
obj_03_pumpkin,1.0,4,100,random48_1,0.4,48,0.12442402
obj_03_pumpkin,1.0,4,100,random48_1,0.6,48,0.12442402
obj_03_pumpkin,1.0,4,100,random48_1,0.8,48,0.12442402
obj_03_pumpkin,1.0,4,100,random48_2,0.1,14,0.473111662
obj_03_pumpkin,1.0,4,100,random48_2,0.2,28,3.63757507
obj_03_pumpkin,1.0,4,100,random48_2,0.4,48,0.12442402
obj_03_pumpkin,1.0,4,100,random48_2,0.6,48,0.12442402
obj_03_pumpkin,1.0,4,100,random48_2,0.8,48,0.12442402
obj_03_pumpkin,1.0,4,100,random48_3,0.1,14,3.57995019
obj_03_pumpkin,1.0,4,100,random48_3,0.2,28,3.94821359
obj_03_pumpkin,1.0,4,100,random48_3,0.4,48,0.12442402
obj_03_pumpkin,1.0,4,100,random48_3,0.6,48,0.12442402
obj_03_pumpkin,1.0,4,100,random48_3,0.8,48,0.12442402
obj_03_pumpkin,1.0,4,100,random48_4,0.1,14,0.439842491
obj_03_pumpkin,1.0,4,100,random48_4,0.2,28,3.03514393
obj_03_pumpkin,1.0,4,100,random48_4,0.4,48,0.12442402
obj_03_pumpkin,1.0,4,100,random48_4,0.6,48,0.12442402
obj_03_pumpkin,1.0,4,100,random48_4,0.8,48,0.12442402
obj_03_pumpkin,1.0,5,10,random48_0,0.1,14,1.31061436
obj_03_pumpkin,1.0,5,10,random48_0,0.2,28,0.398305846
obj_03_pumpkin,1.0,5,10,random48_0,0.4,48,0.593137273
obj_03_pumpkin,1.0,5,10,random48_0,0.6,48,0.593137273
obj_03_pumpkin,1.0,5,10,random48_0,0.8,48,0.593137273
obj_03_pumpkin,1.0,5,10,random48_1,0.1,14,0.340348632
obj_03_pumpkin,1.0,5,10,random48_1,0.2,28,0.417245743
obj_03_pumpkin,1.0,5,10,random48_1,0.4,48,0.593137273
obj_03_pumpkin,1.0,5,10,random48_1,0.6,48,0.593137273
obj_03_pumpkin,1.0,5,10,random48_1,0.8,48,0.593137273
obj_03_pumpkin,1.0,5,10,random48_2,0.1,14,1.76454914
obj_03_pumpkin,1.0,5,10,random48_2,0.2,28,0.421632605
obj_03_pumpkin,1.0,5,10,random48_2,0.4,48,0.593137273
obj_03_pumpkin,1.0,5,10,random48_2,0.6,48,0.593137273
obj_03_pumpkin,1.0,5,10,random48_2,0.8,48,0.593137273
obj_03_pumpkin,1.0,5,10,random48_3,0.1,14,2.39057524
obj_03_pumpkin,1.0,5,10,random48_3,0.2,28,0.063340452
obj_03_pumpkin,1.0,5,10,random48_3,0.4,48,0.593137273
obj_03_pumpkin,1.0,5,10,random48_3,0.6,48,0.593137273
obj_03_pumpkin,1.0,5,10,random48_3,0.8,48,0.593137273
obj_03_pumpkin,1.0,5,10,random48_4,0.1,14,1.6875674
obj_03_pumpkin,1.0,5,10,random48_4,0.2,28,2.13623366
obj_03_pumpkin,1.0,5,10,random48_4,0.4,48,0.593137273
obj_03_pumpkin,1.0,5,10,random48_4,0.6,48,0.593137273
obj_03_pumpkin,1.0,5,10,random48_4,0.8,48,0.593137273
obj_03_pumpkin,1.0,5,100,random48_0,0.1,14,1.70493987
obj_03_pumpkin,1.0,5,100,random48_0,0.2,28,2.99735032
obj_03_pumpkin,1.0,5,100,random48_0,0.4,48,0.0186862168
obj_03_pumpkin,1.0,5,100,random48_0,0.6,48,0.0186862168
obj_03_pumpkin,1.0,5,100,random48_0,0.8,48,0.0186862168
obj_03_pumpkin,1.0,5,100,random48_1,0.1,14,1.31642367
obj_03_pumpkin,1.0,5,100,random48_1,0.2,28,2.19423013
obj_03_pumpkin,1.0,5,100,random48_1,0.4,48,0.0186862168
obj_03_pumpkin,1.0,5,100,random48_1,0.6,48,0.0186862168
obj_03_pumpkin,1.0,5,100,random48_1,0.8,48,0.0186862168
obj_03_pumpkin,1.0,5,100,random48_2,0.1,14,1.75546928
obj_03_pumpkin,1.0,5,100,random48_2,0.2,28,13.7297412
obj_03_pumpkin,1.0,5,100,random48_2,0.4,48,0.0186862168
obj_03_pumpkin,1.0,5,100,random48_2,0.6,48,0.0186862168
obj_03_pumpkin,1.0,5,100,random48_2,0.8,48,0.0186862168
obj_03_pumpkin,1.0,5,100,random48_3,0.1,14,1.29254982
obj_03_pumpkin,1.0,5,100,random48_3,0.2,28,7.44101912
obj_03_pumpkin,1.0,5,100,random48_3,0.4,48,0.0186862168
obj_03_pumpkin,1.0,5,100,random48_3,0.6,48,0.0186862168
obj_03_pumpkin,1.0,5,100,random48_3,0.8,48,0.0186862168
obj_03_pumpkin,1.0,5,100,random48_4,0.1,14,3.70925072
obj_03_pumpkin,1.0,5,100,random48_4,0.2,28,4.85603681
obj_03_pumpkin,1.0,5,100,random48_4,0.4,48,0.0186862168
obj_03_pumpkin,1.0,5,100,random48_4,0.6,48,0.0186862168
obj_03_pumpkin,1.0,5,100,random48_4,0.8,48,0.0186862168
obj_03_pumpkin,1.0,6,10,random48_0,0.1,14,1.26007325
obj_03_pumpkin,1.0,6,10,random48_0,0.2,28,0.733559207
obj_03_pumpkin,1.0,6,10,random48_0,0.4,48,0.488275628
obj_03_pumpkin,1.0,6,10,random48_0,0.6,48,0.488275628
obj_03_pumpkin,1.0,6,10,random48_0,0.8,48,0.488275628
obj_03_pumpkin,1.0,6,10,random48_1,0.1,14,1.07215495
obj_03_pumpkin,1.0,6,10,random48_1,0.2,28,1.96065354
obj_03_pumpkin,1.0,6,10,random48_1,0.4,48,0.488275628
obj_03_pumpkin,1.0,6,10,random48_1,0.6,48,0.488275628
obj_03_pumpkin,1.0,6,10,random48_1,0.8,48,0.488275628
obj_03_pumpkin,1.0,6,10,random48_2,0.1,14,0.50767756
obj_03_pumpkin,1.0,6,10,random48_2,0.2,28,0.814973119
obj_03_pumpkin,1.0,6,10,random48_2,0.4,48,0.488275628
obj_03_pumpkin,1.0,6,10,random48_2,0.6,48,0.488275628
obj_03_pumpkin,1.0,6,10,random48_2,0.8,48,0.488275628
obj_03_pumpkin,1.0,6,10,random48_3,0.1,14,0.577810046
obj_03_pumpkin,1.0,6,10,random48_3,0.2,28,0.311199354
obj_03_pumpkin,1.0,6,10,random48_3,0.4,48,0.488275628
obj_03_pumpkin,1.0,6,10,random48_3,0.6,48,0.488275628
obj_03_pumpkin,1.0,6,10,random48_3,0.8,48,0.488275628
obj_03_pumpkin,1.0,6,10,random48_4,0.1,14,0.434081869
obj_03_pumpkin,1.0,6,10,random48_4,0.2,28,0.725288848
obj_03_pumpkin,1.0,6,10,random48_4,0.4,48,0.488275628
obj_03_pumpkin,1.0,6,10,random48_4,0.6,48,0.488275628
obj_03_pumpkin,1.0,6,10,random48_4,0.8,48,0.488275628
obj_03_pumpkin,1.0,6,100,random48_0,0.1,14,1.22991556
obj_03_pumpkin,1.0,6,100,random48_0,0.2,28,1.05324317
obj_03_pumpkin,1.0,6,100,random48_0,0.4,48,0.0507066682
obj_03_pumpkin,1.0,6,100,random48_0,0.6,48,0.0507066682
obj_03_pumpkin,1.0,6,100,random48_0,0.8,48,0.0507066682
obj_03_pumpkin,1.0,6,100,random48_1,0.1,14,4.15978653
obj_03_pumpkin,1.0,6,100,random48_1,0.2,28,11.1973776
obj_03_pumpkin,1.0,6,100,random48_1,0.4,48,0.0507066682
obj_03_pumpkin,1.0,6,100,random48_1,0.6,48,0.0507066682
obj_03_pumpkin,1.0,6,100,random48_1,0.8,48,0.0507066682
obj_03_pumpkin,1.0,6,100,random48_2,0.1,14,1.0222468
obj_03_pumpkin,1.0,6,100,random48_2,0.2,28,4.16266158
obj_03_pumpkin,1.0,6,100,random48_2,0.4,48,0.0507066682
obj_03_pumpkin,1.0,6,100,random48_2,0.6,48,0.0507066682
obj_03_pumpkin,1.0,6,100,random48_2,0.8,48,0.0507066682
obj_03_pumpkin,1.0,6,100,random48_3,0.1,14,5.002924
obj_03_pumpkin,1.0,6,100,random48_3,0.2,28,5.94268073
obj_03_pumpkin,1.0,6,100,random48_3,0.4,48,0.0507066682
obj_03_pumpkin,1.0,6,100,random48_3,0.6,48,0.0507066682
obj_03_pumpkin,1.0,6,100,random48_3,0.8,48,0.0507066682
obj_03_pumpkin,1.0,6,100,random48_4,0.1,14,1.38479633
obj_03_pumpkin,1.0,6,100,random48_4,0.2,28,1.67280375
obj_03_pumpkin,1.0,6,100,random48_4,0.4,48,0.0507066682
obj_03_pumpkin,1.0,6,100,random48_4,0.6,48,0.0507066682
obj_03_pumpkin,1.0,6,100,random48_4,0.8,48,0.0507066682
obj_03_pumpkin,1.0,7,10,random48_0,0.1,14,0.512626493
obj_03_pumpkin,1.0,7,10,random48_0,0.2,28,0.75714076
obj_03_pumpkin,1.0,7,10,random48_0,0.4,48,0.074838874
obj_03_pumpkin,1.0,7,10,random48_0,0.6,48,0.074838874
obj_03_pumpkin,1.0,7,10,random48_0,0.8,48,0.074838874
obj_03_pumpkin,1.0,7,10,random48_1,0.1,14,0.793170621
obj_03_pumpkin,1.0,7,10,random48_1,0.2,28,0.717246248
obj_03_pumpkin,1.0,7,10,random48_1,0.4,48,0.074838874
obj_03_pumpkin,1.0,7,10,random48_1,0.6,48,0.074838874
obj_03_pumpkin,1.0,7,10,random48_1,0.8,48,0.074838874
obj_03_pumpkin,1.0,7,10,random48_2,0.1,14,1.43083958
obj_03_pumpkin,1.0,7,10,random48_2,0.2,28,1.56742041
obj_03_pumpkin,1.0,7,10,random48_2,0.4,48,0.074838874
obj_03_pumpkin,1.0,7,10,random48_2,0.6,48,0.074838874
obj_03_pumpkin,1.0,7,10,random48_2,0.8,48,0.074838874
obj_03_pumpkin,1.0,7,10,random48_3,0.1,14,1.3519437
obj_03_pumpkin,1.0,7,10,random48_3,0.2,28,1.4333016
obj_03_pumpkin,1.0,7,10,random48_3,0.4,48,0.074838874
obj_03_pumpkin,1.0,7,10,random48_3,0.6,48,0.074838874
obj_03_pumpkin,1.0,7,10,random48_3,0.8,48,0.074838874
obj_03_pumpkin,1.0,7,10,random48_4,0.1,14,1.15416364
obj_03_pumpkin,1.0,7,10,random48_4,0.2,28,1.0119573
obj_03_pumpkin,1.0,7,10,random48_4,0.4,48,0.074838874
obj_03_pumpkin,1.0,7,10,random48_4,0.6,48,0.074838874
obj_03_pumpkin,1.0,7,10,random48_4,0.8,48,0.074838874
obj_03_pumpkin,1.0,7,100,random48_0,0.1,14,0.381281852
obj_03_pumpkin,1.0,7,100,random48_0,0.2,28,0.321372226
obj_03_pumpkin,1.0,7,100,random48_0,0.4,48,0.00971709246
obj_03_pumpkin,1.0,7,100,random48_0,0.6,48,0.00971709246
obj_03_pumpkin,1.0,7,100,random48_0,0.8,48,0.00971709246
obj_03_pumpkin,1.0,7,100,random48_1,0.1,14,0.567513355
obj_03_pumpkin,1.0,7,100,random48_1,0.2,28,0.581349542
obj_03_pumpkin,1.0,7,100,random48_1,0.4,48,0.00971709246
obj_03_pumpkin,1.0,7,100,random48_1,0.6,48,0.00971709246
obj_03_pumpkin,1.0,7,100,random48_1,0.8,48,0.00971709246
obj_03_pumpkin,1.0,7,100,random48_2,0.1,14,0.355123619
obj_03_pumpkin,1.0,7,100,random48_2,0.2,28,0.348499662
obj_03_pumpkin,1.0,7,100,random48_2,0.4,48,0.00971709246
obj_03_pumpkin,1.0,7,100,random48_2,0.6,48,0.00971709246
obj_03_pumpkin,1.0,7,100,random48_2,0.8,48,0.00971709246
obj_03_pumpkin,1.0,7,100,random48_3,0.1,14,0.53141034
obj_03_pumpkin,1.0,7,100,random48_3,0.2,28,3.12093793
obj_03_pumpkin,1.0,7,100,random48_3,0.4,48,0.00971709246
obj_03_pumpkin,1.0,7,100,random48_3,0.6,48,0.00971709246
obj_03_pumpkin,1.0,7,100,random48_3,0.8,48,0.00971709246
obj_03_pumpkin,1.0,7,100,random48_4,0.1,14,0.357621571
obj_03_pumpkin,1.0,7,100,random48_4,0.2,28,0.114751535
obj_03_pumpkin,1.0,7,100,random48_4,0.4,48,0.00971709246
obj_03_pumpkin,1.0,7,100,random48_4,0.6,48,0.00971709246
obj_03_pumpkin,1.0,7,100,random48_4,0.8,48,0.00971709246
obj_03_pumpkin,1.0,8,10,random48_0,0.1,14,0.652362493
obj_03_pumpkin,1.0,8,10,random48_0,0.2,28,2.37861688
obj_03_pumpkin,1.0,8,10,random48_0,0.4,48,0.0766949062
obj_03_pumpkin,1.0,8,10,random48_0,0.6,48,0.0766949062
obj_03_pumpkin,1.0,8,10,random48_0,0.8,48,0.0766949062
obj_03_pumpkin,1.0,8,10,random48_1,0.1,14,1.06761493
obj_03_pumpkin,1.0,8,10,random48_1,0.2,28,0.142109818
obj_03_pumpkin,1.0,8,10,random48_1,0.4,48,0.0766949062
obj_03_pumpkin,1.0,8,10,random48_1,0.6,48,0.0766949062
obj_03_pumpkin,1.0,8,10,random48_1,0.8,48,0.0766949062
obj_03_pumpkin,1.0,8,10,random48_2,0.1,14,0.690136216
obj_03_pumpkin,1.0,8,10,random48_2,0.2,28,2.3475767
obj_03_pumpkin,1.0,8,10,random48_2,0.4,48,0.0766949062
obj_03_pumpkin,1.0,8,10,random48_2,0.6,48,0.0766949062
obj_03_pumpkin,1.0,8,10,random48_2,0.8,48,0.0766949062
obj_03_pumpkin,1.0,8,10,random48_3,0.1,14,0.389143183
obj_03_pumpkin,1.0,8,10,random48_3,0.2,28,0.290693718
obj_03_pumpkin,1.0,8,10,random48_3,0.4,48,0.0766949062
obj_03_pumpkin,1.0,8,10,random48_3,0.6,48,0.0766949062
obj_03_pumpkin,1.0,8,10,random48_3,0.8,48,0.0766949062
obj_03_pumpkin,1.0,8,10,random48_4,0.1,14,0.135041786
obj_03_pumpkin,1.0,8,10,random48_4,0.2,28,1.73743578
obj_03_pumpkin,1.0,8,10,random48_4,0.4,48,0.0766949062
obj_03_pumpkin,1.0,8,10,random48_4,0.6,48,0.0766949062
obj_03_pumpkin,1.0,8,10,random48_4,0.8,48,0.0766949062
obj_03_pumpkin,1.0,8,100,random48_0,0.1,14,2.37398162
obj_03_pumpkin,1.0,8,100,random48_0,0.2,28,3.14778836
obj_03_pumpkin,1.0,8,100,random48_0,0.4,48,0.0180108187
obj_03_pumpkin,1.0,8,100,random48_0,0.6,48,0.0180108187
obj_03_pumpkin,1.0,8,100,random48_0,0.8,48,0.0180108187
obj_03_pumpkin,1.0,8,100,random48_1,0.1,14,0.676882604
obj_03_pumpkin,1.0,8,100,random48_1,0.2,28,3.97087356
obj_03_pumpkin,1.0,8,100,random48_1,0.4,48,0.0180108187
obj_03_pumpkin,1.0,8,100,random48_1,0.6,48,0.0180108187
obj_03_pumpkin,1.0,8,100,random48_1,0.8,48,0.0180108187
obj_03_pumpkin,1.0,8,100,random48_2,0.1,14,2.2365233
obj_03_pumpkin,1.0,8,100,random48_2,0.2,28,2.85019975
obj_03_pumpkin,1.0,8,100,random48_2,0.4,48,0.0180108187
obj_03_pumpkin,1.0,8,100,random48_2,0.6,48,0.0180108187
obj_03_pumpkin,1.0,8,100,random48_2,0.8,48,0.0180108187
obj_03_pumpkin,1.0,8,100,random48_3,0.1,14,0.114910195
obj_03_pumpkin,1.0,8,100,random48_3,0.2,28,4.81738304
obj_03_pumpkin,1.0,8,100,random48_3,0.4,48,0.0180108187
obj_03_pumpkin,1.0,8,100,random48_3,0.6,48,0.0180108187
obj_03_pumpkin,1.0,8,100,random48_3,0.8,48,0.0180108187
obj_03_pumpkin,1.0,8,100,random48_4,0.1,14,2.44995004
obj_03_pumpkin,1.0,8,100,random48_4,0.2,28,6.62717744
obj_03_pumpkin,1.0,8,100,random48_4,0.4,48,0.0180108187
obj_03_pumpkin,1.0,8,100,random48_4,0.6,48,0.0180108187
obj_03_pumpkin,1.0,8,100,random48_4,0.8,48,0.0180108187
obj_03_pumpkin,1.0,9,10,random48_0,0.1,14,0.369705241
obj_03_pumpkin,1.0,9,10,random48_0,0.2,28,0.6556663
obj_03_pumpkin,1.0,9,10,random48_0,0.4,48,0.0104354188
obj_03_pumpkin,1.0,9,10,random48_0,0.6,48,0.0104354188
obj_03_pumpkin,1.0,9,10,random48_0,0.8,48,0.0104354188
obj_03_pumpkin,1.0,9,10,random48_1,0.1,14,0.326557866
obj_03_pumpkin,1.0,9,10,random48_1,0.2,28,0.305984057
obj_03_pumpkin,1.0,9,10,random48_1,0.4,48,0.0104354188
obj_03_pumpkin,1.0,9,10,random48_1,0.6,48,0.0104354188
obj_03_pumpkin,1.0,9,10,random48_1,0.8,48,0.0104354188
obj_03_pumpkin,1.0,9,10,random48_2,0.1,14,0.510028236
obj_03_pumpkin,1.0,9,10,random48_2,0.2,28,0.26321021
obj_03_pumpkin,1.0,9,10,random48_2,0.4,48,0.0104354188
obj_03_pumpkin,1.0,9,10,random48_2,0.6,48,0.0104354188
obj_03_pumpkin,1.0,9,10,random48_2,0.8,48,0.0104354188
obj_03_pumpkin,1.0,9,10,random48_3,0.1,14,0.388208954
obj_03_pumpkin,1.0,9,10,random48_3,0.2,28,0.547808436
obj_03_pumpkin,1.0,9,10,random48_3,0.4,48,0.0104354188
obj_03_pumpkin,1.0,9,10,random48_3,0.6,48,0.0104354188
obj_03_pumpkin,1.0,9,10,random48_3,0.8,48,0.0104354188
obj_03_pumpkin,1.0,9,10,random48_4,0.1,14,0.448817562
obj_03_pumpkin,1.0,9,10,random48_4,0.2,28,0.676292507
obj_03_pumpkin,1.0,9,10,random48_4,0.4,48,0.0104354188
obj_03_pumpkin,1.0,9,10,random48_4,0.6,48,0.0104354188
obj_03_pumpkin,1.0,9,10,random48_4,0.8,48,0.0104354188
obj_03_pumpkin,1.0,9,100,random48_0,0.1,14,0.51873485
obj_03_pumpkin,1.0,9,100,random48_0,0.2,28,0.710440738
obj_03_pumpkin,1.0,9,100,random48_0,0.4,48,0.000584571576
obj_03_pumpkin,1.0,9,100,random48_0,0.6,48,0.000584571576
obj_03_pumpkin,1.0,9,100,random48_0,0.8,48,0.000584571576
obj_03_pumpkin,1.0,9,100,random48_1,0.1,14,0.413935766
obj_03_pumpkin,1.0,9,100,random48_1,0.2,28,2.10742335
obj_03_pumpkin,1.0,9,100,random48_1,0.4,48,0.000584571576
obj_03_pumpkin,1.0,9,100,random48_1,0.6,48,0.000584571576
obj_03_pumpkin,1.0,9,100,random48_1,0.8,48,0.000584571576
obj_03_pumpkin,1.0,9,100,random48_2,0.1,14,0.697649652
obj_03_pumpkin,1.0,9,100,random48_2,0.2,28,0.0912544
obj_03_pumpkin,1.0,9,100,random48_2,0.4,48,0.000584571576
obj_03_pumpkin,1.0,9,100,random48_2,0.6,48,0.000584571576
obj_03_pumpkin,1.0,9,100,random48_2,0.8,48,0.000584571576
obj_03_pumpkin,1.0,9,100,random48_3,0.1,14,0.990305233
obj_03_pumpkin,1.0,9,100,random48_3,0.2,28,1.59395267
obj_03_pumpkin,1.0,9,100,random48_3,0.4,48,0.000584571576
obj_03_pumpkin,1.0,9,100,random48_3,0.6,48,0.000584571576
obj_03_pumpkin,1.0,9,100,random48_3,0.8,48,0.000584571576
obj_03_pumpkin,1.0,9,100,random48_4,0.1,14,0.678617156
obj_03_pumpkin,1.0,9,100,random48_4,0.2,28,0.977643332
obj_03_pumpkin,1.0,9,100,random48_4,0.4,48,0.000584571576
obj_03_pumpkin,1.0,9,100,random48_4,0.6,48,0.000584571576
obj_03_pumpkin,1.0,9,100,random48_4,0.8,48,0.000584571576
obj_04_dolphin,0.2,0,10,random48_0,0.1,14,0.00344039882
obj_04_dolphin,0.2,0,10,random48_0,0.2,28,0.00490202684
obj_04_dolphin,0.2,0,10,random48_0,0.4,48,0.000412629594
obj_04_dolphin,0.2,0,10,random48_0,0.6,48,0.000412629594
obj_04_dolphin,0.2,0,10,random48_0,0.8,48,0.000412629594
obj_04_dolphin,0.2,0,10,random48_1,0.1,14,0.00761711779
obj_04_dolphin,0.2,0,10,random48_1,0.2,28,0.0024300059
obj_04_dolphin,0.2,0,10,random48_1,0.4,48,0.000412629594
obj_04_dolphin,0.2,0,10,random48_1,0.6,48,0.000412629594
obj_04_dolphin,0.2,0,10,random48_1,0.8,48,0.000412629594
obj_04_dolphin,0.2,0,10,random48_2,0.1,14,0.0048617991
obj_04_dolphin,0.2,0,10,random48_2,0.2,28,0.00106259207
obj_04_dolphin,0.2,0,10,random48_2,0.4,48,0.000412629594
obj_04_dolphin,0.2,0,10,random48_2,0.6,48,0.000412629594
obj_04_dolphin,0.2,0,10,random48_2,0.8,48,0.000412629594
obj_04_dolphin,0.2,0,10,random48_3,0.1,14,0.00380713202
obj_04_dolphin,0.2,0,10,random48_3,0.2,28,0.00432527386
obj_04_dolphin,0.2,0,10,random48_3,0.4,48,0.000412629594
obj_04_dolphin,0.2,0,10,random48_3,0.6,48,0.000412629594
obj_04_dolphin,0.2,0,10,random48_3,0.8,48,0.000412629594
obj_04_dolphin,0.2,0,10,random48_4,0.1,14,0.00556008979
obj_04_dolphin,0.2,0,10,random48_4,0.2,28,0.00203256185
obj_04_dolphin,0.2,0,10,random48_4,0.4,48,0.000412629594
obj_04_dolphin,0.2,0,10,random48_4,0.6,48,0.000412629594
obj_04_dolphin,0.2,0,10,random48_4,0.8,48,0.000412629594
obj_04_dolphin,0.2,0,100,random48_0,0.1,14,0.0052771162
obj_04_dolphin,0.2,0,100,random48_0,0.2,28,0.00451904074
obj_04_dolphin,0.2,0,100,random48_0,0.4,48,3.39236138e-05
obj_04_dolphin,0.2,0,100,random48_0,0.6,48,3.39236138e-05
obj_04_dolphin,0.2,0,100,random48_0,0.8,48,3.39236138e-05
obj_04_dolphin,0.2,0,100,random48_1,0.1,14,0.00704951467
obj_04_dolphin,0.2,0,100,random48_1,0.2,28,0.00128188274
obj_04_dolphin,0.2,0,100,random48_1,0.4,48,3.39236138e-05
obj_04_dolphin,0.2,0,100,random48_1,0.6,48,3.39236138e-05
obj_04_dolphin,0.2,0,100,random48_1,0.8,48,3.39236138e-05
obj_04_dolphin,0.2,0,100,random48_2,0.1,14,0.00206089536
obj_04_dolphin,0.2,0,100,random48_2,0.2,28,0.00252264684
obj_04_dolphin,0.2,0,100,random48_2,0.4,48,3.39236138e-05
obj_04_dolphin,0.2,0,100,random48_2,0.6,48,3.39236138e-05
obj_04_dolphin,0.2,0,100,random48_2,0.8,48,3.39236138e-05
obj_04_dolphin,0.2,0,100,random48_3,0.1,14,0.00624283796
obj_04_dolphin,0.2,0,100,random48_3,0.2,28,0.00438899281
obj_04_dolphin,0.2,0,100,random48_3,0.4,48,3.39236138e-05
obj_04_dolphin,0.2,0,100,random48_3,0.6,48,3.39236138e-05
obj_04_dolphin,0.2,0,100,random48_3,0.8,48,3.39236138e-05
obj_04_dolphin,0.2,0,100,random48_4,0.1,14,0.00586576703
obj_04_dolphin,0.2,0,100,random48_4,0.2,28,0.0123259534
obj_04_dolphin,0.2,0,100,random48_4,0.4,48,3.39236138e-05
obj_04_dolphin,0.2,0,100,random48_4,0.6,48,3.39236138e-05
obj_04_dolphin,0.2,0,100,random48_4,0.8,48,3.39236138e-05
obj_04_dolphin,0.2,1,10,random48_0,0.1,14,0.00501472329
obj_04_dolphin,0.2,1,10,random48_0,0.2,28,0.00405761484
obj_04_dolphin,0.2,1,10,random48_0,0.4,48,0.00119660005
obj_04_dolphin,0.2,1,10,random48_0,0.6,48,0.00119660005
obj_04_dolphin,0.2,1,10,random48_0,0.8,48,0.00119660005
obj_04_dolphin,0.2,1,10,random48_1,0.1,14,0.0120072999
obj_04_dolphin,0.2,1,10,random48_1,0.2,28,0.007123504
obj_04_dolphin,0.2,1,10,random48_1,0.4,48,0.00119660005
obj_04_dolphin,0.2,1,10,random48_1,0.6,48,0.00119660005
obj_04_dolphin,0.2,1,10,random48_1,0.8,48,0.00119660005
obj_04_dolphin,0.2,1,10,random48_2,0.1,14,0.0118546341
obj_04_dolphin,0.2,1,10,random48_2,0.2,28,0.00482394687
obj_04_dolphin,0.2,1,10,random48_2,0.4,48,0.00119660005
obj_04_dolphin,0.2,1,10,random48_2,0.6,48,0.00119660005
obj_04_dolphin,0.2,1,10,random48_2,0.8,48,0.00119660005
obj_04_dolphin,0.2,1,10,random48_3,0.1,14,0.010965292
obj_04_dolphin,0.2,1,10,random48_3,0.2,28,0.00893341968
obj_04_dolphin,0.2,1,10,random48_3,0.4,48,0.00119660005
obj_04_dolphin,0.2,1,10,random48_3,0.6,48,0.00119660005
obj_04_dolphin,0.2,1,10,random48_3,0.8,48,0.00119660005
obj_04_dolphin,0.2,1,10,random48_4,0.1,14,0.00893128127
obj_04_dolphin,0.2,1,10,random48_4,0.2,28,0.0117756528
obj_04_dolphin,0.2,1,10,random48_4,0.4,48,0.00119660005
obj_04_dolphin,0.2,1,10,random48_4,0.6,48,0.00119660005
obj_04_dolphin,0.2,1,10,random48_4,0.8,48,0.00119660005
obj_04_dolphin,0.2,1,100,random48_0,0.1,14,0.0273807135
obj_04_dolphin,0.2,1,100,random48_0,0.2,28,0.0347008458
obj_04_dolphin,0.2,1,100,random48_0,0.4,48,0.000120239993
obj_04_dolphin,0.2,1,100,random48_0,0.6,48,0.000120239993
obj_04_dolphin,0.2,1,100,random48_0,0.8,48,0.000120239993
obj_04_dolphin,0.2,1,100,random48_1,0.1,14,0.0262672092
obj_04_dolphin,0.2,1,100,random48_1,0.2,28,0.030406837
obj_04_dolphin,0.2,1,100,random48_1,0.4,48,0.000120239993
obj_04_dolphin,0.2,1,100,random48_1,0.6,48,0.000120239993
obj_04_dolphin,0.2,1,100,random48_1,0.8,48,0.000120239993
obj_04_dolphin,0.2,1,100,random48_2,0.1,14,0.00564053576
obj_04_dolphin,0.2,1,100,random48_2,0.2,28,0.00227193014
obj_04_dolphin,0.2,1,100,random48_2,0.4,48,0.000120239993
obj_04_dolphin,0.2,1,100,random48_2,0.6,48,0.000120239993
obj_04_dolphin,0.2,1,100,random48_2,0.8,48,0.000120239993
obj_04_dolphin,0.2,1,100,random48_3,0.1,14,0.00823460489
obj_04_dolphin,0.2,1,100,random48_3,0.2,28,0.00845443243
obj_04_dolphin,0.2,1,100,random48_3,0.4,48,0.000120239993
obj_04_dolphin,0.2,1,100,random48_3,0.6,48,0.000120239993
obj_04_dolphin,0.2,1,100,random48_3,0.8,48,0.000120239993
obj_04_dolphin,0.2,1,100,random48_4,0.1,14,0.0146216638
obj_04_dolphin,0.2,1,100,random48_4,0.2,28,0.00271121355
obj_04_dolphin,0.2,1,100,random48_4,0.4,48,0.000120239993
obj_04_dolphin,0.2,1,100,random48_4,0.6,48,0.000120239993
obj_04_dolphin,0.2,1,100,random48_4,0.8,48,0.000120239993
obj_04_dolphin,0.2,2,10,random48_0,0.1,14,0.00346017138
obj_04_dolphin,0.2,2,10,random48_0,0.2,28,0.00293950912
obj_04_dolphin,0.2,2,10,random48_0,0.4,48,0.000456689524
obj_04_dolphin,0.2,2,10,random48_0,0.6,48,0.000456689524
obj_04_dolphin,0.2,2,10,random48_0,0.8,48,0.000456689524
obj_04_dolphin,0.2,2,10,random48_1,0.1,14,0.00253344623
obj_04_dolphin,0.2,2,10,random48_1,0.2,28,0.000238320277
obj_04_dolphin,0.2,2,10,random48_1,0.4,48,0.000456689524
obj_04_dolphin,0.2,2,10,random48_1,0.6,48,0.000456689524
obj_04_dolphin,0.2,2,10,random48_1,0.8,48,0.000456689524
obj_04_dolphin,0.2,2,10,random48_2,0.1,14,0.00869802623
obj_04_dolphin,0.2,2,10,random48_2,0.2,28,0.00468943937
obj_04_dolphin,0.2,2,10,random48_2,0.4,48,0.000456689524
obj_04_dolphin,0.2,2,10,random48_2,0.6,48,0.000456689524
obj_04_dolphin,0.2,2,10,random48_2,0.8,48,0.000456689524
obj_04_dolphin,0.2,2,10,random48_3,0.1,14,0.00795265393
obj_04_dolphin,0.2,2,10,random48_3,0.2,28,0.00738669669
obj_04_dolphin,0.2,2,10,random48_3,0.4,48,0.000456689524
obj_04_dolphin,0.2,2,10,random48_3,0.6,48,0.000456689524
obj_04_dolphin,0.2,2,10,random48_3,0.8,48,0.000456689524
obj_04_dolphin,0.2,2,10,random48_4,0.1,14,0.00589795335
obj_04_dolphin,0.2,2,10,random48_4,0.2,28,0.00647649442
obj_04_dolphin,0.2,2,10,random48_4,0.4,48,0.000456689524
obj_04_dolphin,0.2,2,10,random48_4,0.6,48,0.000456689524
obj_04_dolphin,0.2,2,10,random48_4,0.8,48,0.000456689524
obj_04_dolphin,0.2,2,100,random48_0,0.1,14,0.00557968858
obj_04_dolphin,0.2,2,100,random48_0,0.2,28,0.0207855084
obj_04_dolphin,0.2,2,100,random48_0,0.4,48,3.52839366e-05
obj_04_dolphin,0.2,2,100,random48_0,0.6,48,3.52839366e-05
obj_04_dolphin,0.2,2,100,random48_0,0.8,48,3.52839366e-05
obj_04_dolphin,0.2,2,100,random48_1,0.1,14,0.00715071035
obj_04_dolphin,0.2,2,100,random48_1,0.2,28,0.0027489497
obj_04_dolphin,0.2,2,100,random48_1,0.4,48,3.52839366e-05
obj_04_dolphin,0.2,2,100,random48_1,0.6,48,3.52839366e-05
obj_04_dolphin,0.2,2,100,random48_1,0.8,48,3.52839366e-05
obj_04_dolphin,0.2,2,100,random48_2,0.1,14,0.000743002498
obj_04_dolphin,0.2,2,100,random48_2,0.2,28,0.00237725399
obj_04_dolphin,0.2,2,100,random48_2,0.4,48,3.52839366e-05
obj_04_dolphin,0.2,2,100,random48_2,0.6,48,3.52839366e-05
obj_04_dolphin,0.2,2,100,random48_2,0.8,48,3.52839366e-05
obj_04_dolphin,0.2,2,100,random48_3,0.1,14,0.00385329923
obj_04_dolphin,0.2,2,100,random48_3,0.2,28,0.00697626932
obj_04_dolphin,0.2,2,100,random48_3,0.4,48,3.52839366e-05
obj_04_dolphin,0.2,2,100,random48_3,0.6,48,3.52839366e-05
obj_04_dolphin,0.2,2,100,random48_3,0.8,48,3.52839366e-05
obj_04_dolphin,0.2,2,100,random48_4,0.1,14,0.00252312223
obj_04_dolphin,0.2,2,100,random48_4,0.2,28,0.00173726709
obj_04_dolphin,0.2,2,100,random48_4,0.4,48,3.52839366e-05
obj_04_dolphin,0.2,2,100,random48_4,0.6,48,3.52839366e-05
obj_04_dolphin,0.2,2,100,random48_4,0.8,48,3.52839366e-05
obj_04_dolphin,0.2,3,10,random48_0,0.1,14,0.0108428943
obj_04_dolphin,0.2,3,10,random48_0,0.2,28,0.0111479858
obj_04_dolphin,0.2,3,10,random48_0,0.4,48,0.00279590017
obj_04_dolphin,0.2,3,10,random48_0,0.6,48,0.00279590017
obj_04_dolphin,0.2,3,10,random48_0,0.8,48,0.00279590017
obj_04_dolphin,0.2,3,10,random48_1,0.1,14,0.023769243
obj_04_dolphin,0.2,3,10,random48_1,0.2,28,0.0112936583
obj_04_dolphin,0.2,3,10,random48_1,0.4,48,0.00279590017
obj_04_dolphin,0.2,3,10,random48_1,0.6,48,0.00279590017
obj_04_dolphin,0.2,3,10,random48_1,0.8,48,0.00279590017
obj_04_dolphin,0.2,3,10,random48_2,0.1,14,0.0183477444
obj_04_dolphin,0.2,3,10,random48_2,0.2,28,0.0145142109
obj_04_dolphin,0.2,3,10,random48_2,0.4,48,0.00279590017
obj_04_dolphin,0.2,3,10,random48_2,0.6,48,0.00279590017
obj_04_dolphin,0.2,3,10,random48_2,0.8,48,0.00279590017
obj_04_dolphin,0.2,3,10,random48_3,0.1,14,0.0214252275
obj_04_dolphin,0.2,3,10,random48_3,0.2,28,0.0152330592
obj_04_dolphin,0.2,3,10,random48_3,0.4,48,0.00279590017
obj_04_dolphin,0.2,3,10,random48_3,0.6,48,0.00279590017
obj_04_dolphin,0.2,3,10,random48_3,0.8,48,0.00279590017
obj_04_dolphin,0.2,3,10,random48_4,0.1,14,0.0188788192
obj_04_dolphin,0.2,3,10,random48_4,0.2,28,0.0101452313
obj_04_dolphin,0.2,3,10,random48_4,0.4,48,0.00279590017
obj_04_dolphin,0.2,3,10,random48_4,0.6,48,0.00279590017
obj_04_dolphin,0.2,3,10,random48_4,0.8,48,0.00279590017
obj_04_dolphin,0.2,3,100,random48_0,0.1,14,0.0160163402
obj_04_dolphin,0.2,3,100,random48_0,0.2,28,0.0113449711
obj_04_dolphin,0.2,3,100,random48_0,0.4,48,0.000287214223
obj_04_dolphin,0.2,3,100,random48_0,0.6,48,0.000287214223
obj_04_dolphin,0.2,3,100,random48_0,0.8,48,0.000287214223
obj_04_dolphin,0.2,3,100,random48_1,0.1,14,0.0300852604
obj_04_dolphin,0.2,3,100,random48_1,0.2,28,0.0187149144
obj_04_dolphin,0.2,3,100,random48_1,0.4,48,0.000287214223
obj_04_dolphin,0.2,3,100,random48_1,0.6,48,0.000287214223
obj_04_dolphin,0.2,3,100,random48_1,0.8,48,0.000287214223
obj_04_dolphin,0.2,3,100,random48_2,0.1,14,0.0118812168
obj_04_dolphin,0.2,3,100,random48_2,0.2,28,0.00305449652
obj_04_dolphin,0.2,3,100,random48_2,0.4,48,0.000287214223
obj_04_dolphin,0.2,3,100,random48_2,0.6,48,0.000287214223
obj_04_dolphin,0.2,3,100,random48_2,0.8,48,0.000287214223
obj_04_dolphin,0.2,3,100,random48_3,0.1,14,0.00809455123
obj_04_dolphin,0.2,3,100,random48_3,0.2,28,0.00378057917
obj_04_dolphin,0.2,3,100,random48_3,0.4,48,0.000287214223
obj_04_dolphin,0.2,3,100,random48_3,0.6,48,0.000287214223
obj_04_dolphin,0.2,3,100,random48_3,0.8,48,0.000287214223
obj_04_dolphin,0.2,3,100,random48_4,0.1,14,0.0113948278
obj_04_dolphin,0.2,3,100,random48_4,0.2,28,0.00531276277
obj_04_dolphin,0.2,3,100,random48_4,0.4,48,0.000287214223
obj_04_dolphin,0.2,3,100,random48_4,0.6,48,0.000287214223
obj_04_dolphin,0.2,3,100,random48_4,0.8,48,0.000287214223
obj_04_dolphin,0.2,4,10,random48_0,0.1,14,0.013058983
obj_04_dolphin,0.2,4,10,random48_0,0.2,28,0.00836328127
obj_04_dolphin,0.2,4,10,random48_0,0.4,48,0.00120674951
obj_04_dolphin,0.2,4,10,random48_0,0.6,48,0.00120674951
obj_04_dolphin,0.2,4,10,random48_0,0.8,48,0.00120674951
obj_04_dolphin,0.2,4,10,random48_1,0.1,14,0.0121038425
obj_04_dolphin,0.2,4,10,random48_1,0.2,28,0.00841747929
obj_04_dolphin,0.2,4,10,random48_1,0.4,48,0.00120674951
obj_04_dolphin,0.2,4,10,random48_1,0.6,48,0.00120674951
obj_04_dolphin,0.2,4,10,random48_1,0.8,48,0.00120674951
obj_04_dolphin,0.2,4,10,random48_2,0.1,14,0.0174148592
obj_04_dolphin,0.2,4,10,random48_2,0.2,28,0.012146842
obj_04_dolphin,0.2,4,10,random48_2,0.4,48,0.00120674951
obj_04_dolphin,0.2,4,10,random48_2,0.6,48,0.00120674951
obj_04_dolphin,0.2,4,10,random48_2,0.8,48,0.00120674951
obj_04_dolphin,0.2,4,10,random48_3,0.1,14,0.00715968043
obj_04_dolphin,0.2,4,10,random48_3,0.2,28,0.00104764013
obj_04_dolphin,0.2,4,10,random48_3,0.4,48,0.00120674951
obj_04_dolphin,0.2,4,10,random48_3,0.6,48,0.00120674951
obj_04_dolphin,0.2,4,10,random48_3,0.8,48,0.00120674951
obj_04_dolphin,0.2,4,10,random48_4,0.1,14,0.00613402522
obj_04_dolphin,0.2,4,10,random48_4,0.2,28,0.00257497792
obj_04_dolphin,0.2,4,10,random48_4,0.4,48,0.00120674951
obj_04_dolphin,0.2,4,10,random48_4,0.6,48,0.00120674951
obj_04_dolphin,0.2,4,10,random48_4,0.8,48,0.00120674951
obj_04_dolphin,0.2,4,100,random48_0,0.1,14,0.0205562357
obj_04_dolphin,0.2,4,100,random48_0,0.2,28,0.00540612924
obj_04_dolphin,0.2,4,100,random48_0,0.4,48,0.000109726623
obj_04_dolphin,0.2,4,100,random48_0,0.6,48,0.000109726623
obj_04_dolphin,0.2,4,100,random48_0,0.8,48,0.000109726623
obj_04_dolphin,0.2,4,100,random48_1,0.1,14,0.0187302521
obj_04_dolphin,0.2,4,100,random48_1,0.2,28,0.0194267747
obj_04_dolphin,0.2,4,100,random48_1,0.4,48,0.000109726623
obj_04_dolphin,0.2,4,100,random48_1,0.6,48,0.000109726623
obj_04_dolphin,0.2,4,100,random48_1,0.8,48,0.000109726623
obj_04_dolphin,0.2,4,100,random48_2,0.1,14,0.0209205636
obj_04_dolphin,0.2,4,100,random48_2,0.2,28,0.0118998305
obj_04_dolphin,0.2,4,100,random48_2,0.4,48,0.000109726623
obj_04_dolphin,0.2,4,100,random48_2,0.6,48,0.000109726623
obj_04_dolphin,0.2,4,100,random48_2,0.8,48,0.000109726623
obj_04_dolphin,0.2,4,100,random48_3,0.1,14,0.0181096289
obj_04_dolphin,0.2,4,100,random48_3,0.2,28,0.0133121144
obj_04_dolphin,0.2,4,100,random48_3,0.4,48,0.000109726623
obj_04_dolphin,0.2,4,100,random48_3,0.6,48,0.000109726623
obj_04_dolphin,0.2,4,100,random48_3,0.8,48,0.000109726623
obj_04_dolphin,0.2,4,100,random48_4,0.1,14,0.0158859289
obj_04_dolphin,0.2,4,100,random48_4,0.2,28,0.00585375779
obj_04_dolphin,0.2,4,100,random48_4,0.4,48,0.000109726623
obj_04_dolphin,0.2,4,100,random48_4,0.6,48,0.000109726623
obj_04_dolphin,0.2,4,100,random48_4,0.8,48,0.000109726623
obj_04_dolphin,0.2,5,10,random48_0,0.1,14,0.0164357331
obj_04_dolphin,0.2,5,10,random48_0,0.2,28,0.0117928711
obj_04_dolphin,0.2,5,10,random48_0,0.4,48,0.00454515816
obj_04_dolphin,0.2,5,10,random48_0,0.6,48,0.00454515816
obj_04_dolphin,0.2,5,10,random48_0,0.8,48,0.00454515816
obj_04_dolphin,0.2,5,10,random48_1,0.1,14,0.024464095
obj_04_dolphin,0.2,5,10,random48_1,0.2,28,0.00913261298
obj_04_dolphin,0.2,5,10,random48_1,0.4,48,0.00454515816
obj_04_dolphin,0.2,5,10,random48_1,0.6,48,0.00454515816
obj_04_dolphin,0.2,5,10,random48_1,0.8,48,0.00454515816
obj_04_dolphin,0.2,5,10,random48_2,0.1,14,0.0295107447
obj_04_dolphin,0.2,5,10,random48_2,0.2,28,0.0204880928
obj_04_dolphin,0.2,5,10,random48_2,0.4,48,0.00454515816
obj_04_dolphin,0.2,5,10,random48_2,0.6,48,0.00454515816
obj_04_dolphin,0.2,5,10,random48_2,0.8,48,0.00454515816
obj_04_dolphin,0.2,5,10,random48_3,0.1,14,0.0312086636
obj_04_dolphin,0.2,5,10,random48_3,0.2,28,0.0269902609
obj_04_dolphin,0.2,5,10,random48_3,0.4,48,0.00454515816
obj_04_dolphin,0.2,5,10,random48_3,0.6,48,0.00454515816
obj_04_dolphin,0.2,5,10,random48_3,0.8,48,0.00454515816
obj_04_dolphin,0.2,5,10,random48_4,0.1,14,0.0338087106
obj_04_dolphin,0.2,5,10,random48_4,0.2,28,0.0103648215
obj_04_dolphin,0.2,5,10,random48_4,0.4,48,0.00454515816
obj_04_dolphin,0.2,5,10,random48_4,0.6,48,0.00454515816
obj_04_dolphin,0.2,5,10,random48_4,0.8,48,0.00454515816
obj_04_dolphin,0.2,5,100,random48_0,0.1,14,0.0212535862
obj_04_dolphin,0.2,5,100,random48_0,0.2,28,0.00904229219
obj_04_dolphin,0.2,5,100,random48_0,0.4,48,0.000463373455
obj_04_dolphin,0.2,5,100,random48_0,0.6,48,0.000463373455
obj_04_dolphin,0.2,5,100,random48_0,0.8,48,0.000463373455
obj_04_dolphin,0.2,5,100,random48_1,0.1,14,0.0217499076
obj_04_dolphin,0.2,5,100,random48_1,0.2,28,0.0209819621
obj_04_dolphin,0.2,5,100,random48_1,0.4,48,0.000463373455
obj_04_dolphin,0.2,5,100,random48_1,0.6,48,0.000463373455
obj_04_dolphin,0.2,5,100,random48_1,0.8,48,0.000463373455
obj_04_dolphin,0.2,5,100,random48_2,0.1,14,0.0206898627
obj_04_dolphin,0.2,5,100,random48_2,0.2,28,0.0156049202
obj_04_dolphin,0.2,5,100,random48_2,0.4,48,0.000463373455
obj_04_dolphin,0.2,5,100,random48_2,0.6,48,0.000463373455
obj_04_dolphin,0.2,5,100,random48_2,0.8,48,0.000463373455
obj_04_dolphin,0.2,5,100,random48_3,0.1,14,0.0293602342
obj_04_dolphin,0.2,5,100,random48_3,0.2,28,0.0213605779
obj_04_dolphin,0.2,5,100,random48_3,0.4,48,0.000463373455
obj_04_dolphin,0.2,5,100,random48_3,0.6,48,0.000463373455
obj_04_dolphin,0.2,5,100,random48_3,0.8,48,0.000463373455
obj_04_dolphin,0.2,5,100,random48_4,0.1,14,0.0223479168
obj_04_dolphin,0.2,5,100,random48_4,0.2,28,0.0191318175
obj_04_dolphin,0.2,5,100,random48_4,0.4,48,0.000463373455
obj_04_dolphin,0.2,5,100,random48_4,0.6,48,0.000463373455
obj_04_dolphin,0.2,5,100,random48_4,0.8,48,0.000463373455
obj_04_dolphin,0.2,6,10,random48_0,0.1,14,0.0111989341
obj_04_dolphin,0.2,6,10,random48_0,0.2,28,0.0162186795
obj_04_dolphin,0.2,6,10,random48_0,0.4,48,0.00151371637
obj_04_dolphin,0.2,6,10,random48_0,0.6,48,0.00151371637
obj_04_dolphin,0.2,6,10,random48_0,0.8,48,0.00151371637
obj_04_dolphin,0.2,6,10,random48_1,0.1,14,0.0166194216
obj_04_dolphin,0.2,6,10,random48_1,0.2,28,0.0101652978
obj_04_dolphin,0.2,6,10,random48_1,0.4,48,0.00151371637
obj_04_dolphin,0.2,6,10,random48_1,0.6,48,0.00151371637
obj_04_dolphin,0.2,6,10,random48_1,0.8,48,0.00151371637
obj_04_dolphin,0.2,6,10,random48_2,0.1,14,0.00940789551
obj_04_dolphin,0.2,6,10,random48_2,0.2,28,0.0115755666
obj_04_dolphin,0.2,6,10,random48_2,0.4,48,0.00151371637
obj_04_dolphin,0.2,6,10,random48_2,0.6,48,0.00151371637
obj_04_dolphin,0.2,6,10,random48_2,0.8,48,0.00151371637
obj_04_dolphin,0.2,6,10,random48_3,0.1,14,0.0119464467
obj_04_dolphin,0.2,6,10,random48_3,0.2,28,0.0120583482
obj_04_dolphin,0.2,6,10,random48_3,0.4,48,0.00151371637
obj_04_dolphin,0.2,6,10,random48_3,0.6,48,0.00151371637
obj_04_dolphin,0.2,6,10,random48_3,0.8,48,0.00151371637
obj_04_dolphin,0.2,6,10,random48_4,0.1,14,0.0127730188
obj_04_dolphin,0.2,6,10,random48_4,0.2,28,0.0137398752
obj_04_dolphin,0.2,6,10,random48_4,0.4,48,0.00151371637
obj_04_dolphin,0.2,6,10,random48_4,0.6,48,0.00151371637
obj_04_dolphin,0.2,6,10,random48_4,0.8,48,0.00151371637
obj_04_dolphin,0.2,6,100,random48_0,0.1,14,0.00432713218
obj_04_dolphin,0.2,6,100,random48_0,0.2,28,0.00928230021
obj_04_dolphin,0.2,6,100,random48_0,0.4,48,0.000161943315
obj_04_dolphin,0.2,6,100,random48_0,0.6,48,0.000161943315
obj_04_dolphin,0.2,6,100,random48_0,0.8,48,0.000161943315
obj_04_dolphin,0.2,6,100,random48_1,0.1,14,0.020887585
obj_04_dolphin,0.2,6,100,random48_1,0.2,28,0.0184901271
obj_04_dolphin,0.2,6,100,random48_1,0.4,48,0.000161943315
obj_04_dolphin,0.2,6,100,random48_1,0.6,48,0.000161943315
obj_04_dolphin,0.2,6,100,random48_1,0.8,48,0.000161943315
obj_04_dolphin,0.2,6,100,random48_2,0.1,14,0.00202107293
obj_04_dolphin,0.2,6,100,random48_2,0.2,28,0.00381062581
obj_04_dolphin,0.2,6,100,random48_2,0.4,48,0.000161943315
obj_04_dolphin,0.2,6,100,random48_2,0.6,48,0.000161943315
obj_04_dolphin,0.2,6,100,random48_2,0.8,48,0.000161943315
obj_04_dolphin,0.2,6,100,random48_3,0.1,14,0.0109262244
obj_04_dolphin,0.2,6,100,random48_3,0.2,28,0.00887807646
obj_04_dolphin,0.2,6,100,random48_3,0.4,48,0.000161943315
obj_04_dolphin,0.2,6,100,random48_3,0.6,48,0.000161943315
obj_04_dolphin,0.2,6,100,random48_3,0.8,48,0.000161943315
obj_04_dolphin,0.2,6,100,random48_4,0.1,14,0.0102949995
obj_04_dolphin,0.2,6,100,random48_4,0.2,28,0.00536567754
obj_04_dolphin,0.2,6,100,random48_4,0.4,48,0.000161943315
obj_04_dolphin,0.2,6,100,random48_4,0.6,48,0.000161943315
obj_04_dolphin,0.2,6,100,random48_4,0.8,48,0.000161943315
obj_04_dolphin,0.2,7,10,random48_0,0.1,14,0.0211935512
obj_04_dolphin,0.2,7,10,random48_0,0.2,28,0.0159426017
obj_04_dolphin,0.2,7,10,random48_0,0.4,48,0.00503466961
obj_04_dolphin,0.2,7,10,random48_0,0.6,48,0.00503466961
obj_04_dolphin,0.2,7,10,random48_0,0.8,48,0.00503466961
obj_04_dolphin,0.2,7,10,random48_1,0.1,14,0.0454069035
obj_04_dolphin,0.2,7,10,random48_1,0.2,28,0.0221371953
obj_04_dolphin,0.2,7,10,random48_1,0.4,48,0.00503466961
obj_04_dolphin,0.2,7,10,random48_1,0.6,48,0.00503466961
obj_04_dolphin,0.2,7,10,random48_1,0.8,48,0.00503466961
obj_04_dolphin,0.2,7,10,random48_2,0.1,14,0.0392969723
obj_04_dolphin,0.2,7,10,random48_2,0.2,28,0.0210434505
obj_04_dolphin,0.2,7,10,random48_2,0.4,48,0.00503466961
obj_04_dolphin,0.2,7,10,random48_2,0.6,48,0.00503466961
obj_04_dolphin,0.2,7,10,random48_2,0.8,48,0.00503466961
obj_04_dolphin,0.2,7,10,random48_3,0.1,14,0.0552840009
obj_04_dolphin,0.2,7,10,random48_3,0.2,28,0.0355219191
obj_04_dolphin,0.2,7,10,random48_3,0.4,48,0.00503466961
obj_04_dolphin,0.2,7,10,random48_3,0.6,48,0.00503466961
obj_04_dolphin,0.2,7,10,random48_3,0.8,48,0.00503466961
obj_04_dolphin,0.2,7,10,random48_4,0.1,14,0.0484822065
obj_04_dolphin,0.2,7,10,random48_4,0.2,28,0.0193574435
obj_04_dolphin,0.2,7,10,random48_4,0.4,48,0.00503466961
obj_04_dolphin,0.2,7,10,random48_4,0.6,48,0.00503466961
obj_04_dolphin,0.2,7,10,random48_4,0.8,48,0.00503466961
obj_04_dolphin,0.2,7,100,random48_0,0.1,14,0.0382924549
obj_04_dolphin,0.2,7,100,random48_0,0.2,28,0.0143244044
obj_04_dolphin,0.2,7,100,random48_0,0.4,48,0.000506741323
obj_04_dolphin,0.2,7,100,random48_0,0.6,48,0.000506741323
obj_04_dolphin,0.2,7,100,random48_0,0.8,48,0.000506741323
obj_04_dolphin,0.2,7,100,random48_1,0.1,14,0.0451127011
obj_04_dolphin,0.2,7,100,random48_1,0.2,28,0.0178914522
obj_04_dolphin,0.2,7,100,random48_1,0.4,48,0.000506741323
obj_04_dolphin,0.2,7,100,random48_1,0.6,48,0.000506741323
obj_04_dolphin,0.2,7,100,random48_1,0.8,48,0.000506741323
obj_04_dolphin,0.2,7,100,random48_2,0.1,14,0.0247976536
obj_04_dolphin,0.2,7,100,random48_2,0.2,28,0.00983785421
obj_04_dolphin,0.2,7,100,random48_2,0.4,48,0.000506741323
obj_04_dolphin,0.2,7,100,random48_2,0.6,48,0.000506741323
obj_04_dolphin,0.2,7,100,random48_2,0.8,48,0.000506741323
obj_04_dolphin,0.2,7,100,random48_3,0.1,14,0.0130255486
obj_04_dolphin,0.2,7,100,random48_3,0.2,28,0.00645216577
obj_04_dolphin,0.2,7,100,random48_3,0.4,48,0.000506741323
obj_04_dolphin,0.2,7,100,random48_3,0.6,48,0.000506741323
obj_04_dolphin,0.2,7,100,random48_3,0.8,48,0.000506741323
obj_04_dolphin,0.2,7,100,random48_4,0.1,14,0.0358791807
obj_04_dolphin,0.2,7,100,random48_4,0.2,28,0.0131912681
obj_04_dolphin,0.2,7,100,random48_4,0.4,48,0.000506741323
obj_04_dolphin,0.2,7,100,random48_4,0.6,48,0.000506741323
obj_04_dolphin,0.2,7,100,random48_4,0.8,48,0.000506741323
obj_04_dolphin,0.2,8,10,random48_0,0.1,14,0.012951359
obj_04_dolphin,0.2,8,10,random48_0,0.2,28,0.0110411976
obj_04_dolphin,0.2,8,10,random48_0,0.4,48,0.00405976956
obj_04_dolphin,0.2,8,10,random48_0,0.6,48,0.00405976956
obj_04_dolphin,0.2,8,10,random48_0,0.8,48,0.00405976956
obj_04_dolphin,0.2,8,10,random48_1,0.1,14,0.0441299314
obj_04_dolphin,0.2,8,10,random48_1,0.2,28,0.0112255385
obj_04_dolphin,0.2,8,10,random48_1,0.4,48,0.00405976956
obj_04_dolphin,0.2,8,10,random48_1,0.6,48,0.00405976956
obj_04_dolphin,0.2,8,10,random48_1,0.8,48,0.00405976956
obj_04_dolphin,0.2,8,10,random48_2,0.1,14,0.0256126155
obj_04_dolphin,0.2,8,10,random48_2,0.2,28,0.0188435019
obj_04_dolphin,0.2,8,10,random48_2,0.4,48,0.00405976956
obj_04_dolphin,0.2,8,10,random48_2,0.6,48,0.00405976956
obj_04_dolphin,0.2,8,10,random48_2,0.8,48,0.00405976956
obj_04_dolphin,0.2,8,10,random48_3,0.1,14,0.0246355802
obj_04_dolphin,0.2,8,10,random48_3,0.2,28,0.0279273826
obj_04_dolphin,0.2,8,10,random48_3,0.4,48,0.00405976956
obj_04_dolphin,0.2,8,10,random48_3,0.6,48,0.00405976956
obj_04_dolphin,0.2,8,10,random48_3,0.8,48,0.00405976956
obj_04_dolphin,0.2,8,10,random48_4,0.1,14,0.0361795584
obj_04_dolphin,0.2,8,10,random48_4,0.2,28,0.0258005469
obj_04_dolphin,0.2,8,10,random48_4,0.4,48,0.00405976956
obj_04_dolphin,0.2,8,10,random48_4,0.6,48,0.00405976956
obj_04_dolphin,0.2,8,10,random48_4,0.8,48,0.00405976956
obj_04_dolphin,0.2,8,100,random48_0,0.1,14,0.0166447065
obj_04_dolphin,0.2,8,100,random48_0,0.2,28,0.000747477871
obj_04_dolphin,0.2,8,100,random48_0,0.4,48,0.000435054178
obj_04_dolphin,0.2,8,100,random48_0,0.6,48,0.000435054178
obj_04_dolphin,0.2,8,100,random48_0,0.8,48,0.000435054178
obj_04_dolphin,0.2,8,100,random48_1,0.1,14,0.0394975224
obj_04_dolphin,0.2,8,100,random48_1,0.2,28,0.0117829644
obj_04_dolphin,0.2,8,100,random48_1,0.4,48,0.000435054178
obj_04_dolphin,0.2,8,100,random48_1,0.6,48,0.000435054178
obj_04_dolphin,0.2,8,100,random48_1,0.8,48,0.000435054178
obj_04_dolphin,0.2,8,100,random48_2,0.1,14,0.0190844693
obj_04_dolphin,0.2,8,100,random48_2,0.2,28,0.00188512385
obj_04_dolphin,0.2,8,100,random48_2,0.4,48,0.000435054178
obj_04_dolphin,0.2,8,100,random48_2,0.6,48,0.000435054178
obj_04_dolphin,0.2,8,100,random48_2,0.8,48,0.000435054178
obj_04_dolphin,0.2,8,100,random48_3,0.1,14,0.0166877122
obj_04_dolphin,0.2,8,100,random48_3,0.2,28,0.00708104348
obj_04_dolphin,0.2,8,100,random48_3,0.4,48,0.000435054178
obj_04_dolphin,0.2,8,100,random48_3,0.6,48,0.000435054178
obj_04_dolphin,0.2,8,100,random48_3,0.8,48,0.000435054178
obj_04_dolphin,0.2,8,100,random48_4,0.1,14,0.00935004307
obj_04_dolphin,0.2,8,100,random48_4,0.2,28,0.0118622748
obj_04_dolphin,0.2,8,100,random48_4,0.4,48,0.000435054178
obj_04_dolphin,0.2,8,100,random48_4,0.6,48,0.000435054178
obj_04_dolphin,0.2,8,100,random48_4,0.8,48,0.000435054178
obj_04_dolphin,0.2,9,10,random48_0,0.1,14,0.0524488404
obj_04_dolphin,0.2,9,10,random48_0,0.2,28,0.0407264687
obj_04_dolphin,0.2,9,10,random48_0,0.4,48,0.00646455038
obj_04_dolphin,0.2,9,10,random48_0,0.6,48,0.00646455038
obj_04_dolphin,0.2,9,10,random48_0,0.8,48,0.00646455038
obj_04_dolphin,0.2,9,10,random48_1,0.1,14,0.0551381523
obj_04_dolphin,0.2,9,10,random48_1,0.2,28,0.0151801268
obj_04_dolphin,0.2,9,10,random48_1,0.4,48,0.00646455038
obj_04_dolphin,0.2,9,10,random48_1,0.6,48,0.00646455038
obj_04_dolphin,0.2,9,10,random48_1,0.8,48,0.00646455038
obj_04_dolphin,0.2,9,10,random48_2,0.1,14,0.0223417207
obj_04_dolphin,0.2,9,10,random48_2,0.2,28,0.0266161602
obj_04_dolphin,0.2,9,10,random48_2,0.4,48,0.00646455038
obj_04_dolphin,0.2,9,10,random48_2,0.6,48,0.00646455038
obj_04_dolphin,0.2,9,10,random48_2,0.8,48,0.00646455038
obj_04_dolphin,0.2,9,10,random48_3,0.1,14,0.113804435
obj_04_dolphin,0.2,9,10,random48_3,0.2,28,0.070096206
obj_04_dolphin,0.2,9,10,random48_3,0.4,48,0.00646455038
obj_04_dolphin,0.2,9,10,random48_3,0.6,48,0.00646455038
obj_04_dolphin,0.2,9,10,random48_3,0.8,48,0.00646455038
obj_04_dolphin,0.2,9,10,random48_4,0.1,14,0.0992540338
obj_04_dolphin,0.2,9,10,random48_4,0.2,28,0.0677675318
obj_04_dolphin,0.2,9,10,random48_4,0.4,48,0.00646455038
obj_04_dolphin,0.2,9,10,random48_4,0.6,48,0.00646455038
obj_04_dolphin,0.2,9,10,random48_4,0.8,48,0.00646455038
obj_04_dolphin,0.2,9,100,random48_0,0.1,14,0.0422550914
obj_04_dolphin,0.2,9,100,random48_0,0.2,28,0.0155099545
obj_04_dolphin,0.2,9,100,random48_0,0.4,48,0.0006557365
obj_04_dolphin,0.2,9,100,random48_0,0.6,48,0.0006557365
obj_04_dolphin,0.2,9,100,random48_0,0.8,48,0.0006557365
obj_04_dolphin,0.2,9,100,random48_1,0.1,14,0.0298218277
obj_04_dolphin,0.2,9,100,random48_1,0.2,28,0.0293521057
obj_04_dolphin,0.2,9,100,random48_1,0.4,48,0.0006557365
obj_04_dolphin,0.2,9,100,random48_1,0.6,48,0.0006557365
obj_04_dolphin,0.2,9,100,random48_1,0.8,48,0.0006557365
obj_04_dolphin,0.2,9,100,random48_2,0.1,14,0.0303453066
obj_04_dolphin,0.2,9,100,random48_2,0.2,28,0.00903537244
obj_04_dolphin,0.2,9,100,random48_2,0.4,48,0.0006557365
obj_04_dolphin,0.2,9,100,random48_2,0.6,48,0.0006557365
obj_04_dolphin,0.2,9,100,random48_2,0.8,48,0.0006557365
obj_04_dolphin,0.2,9,100,random48_3,0.1,14,0.0186307447
obj_04_dolphin,0.2,9,100,random48_3,0.2,28,0.0129140694
obj_04_dolphin,0.2,9,100,random48_3,0.4,48,0.0006557365
obj_04_dolphin,0.2,9,100,random48_3,0.6,48,0.0006557365
obj_04_dolphin,0.2,9,100,random48_3,0.8,48,0.0006557365
obj_04_dolphin,0.2,9,100,random48_4,0.1,14,0.0359030375
obj_04_dolphin,0.2,9,100,random48_4,0.2,28,0.0379772547
obj_04_dolphin,0.2,9,100,random48_4,0.4,48,0.0006557365
obj_04_dolphin,0.2,9,100,random48_4,0.6,48,0.0006557365
obj_04_dolphin,0.2,9,100,random48_4,0.8,48,0.0006557365
obj_04_dolphin,0.5,0,10,random48_0,0.1,14,0.00418426899
obj_04_dolphin,0.5,0,10,random48_0,0.2,28,0.00432383711
obj_04_dolphin,0.5,0,10,random48_0,0.4,48,0.00927044812
obj_04_dolphin,0.5,0,10,random48_0,0.6,48,0.00927044812
obj_04_dolphin,0.5,0,10,random48_0,0.8,48,0.00927044812
obj_04_dolphin,0.5,0,10,random48_1,0.1,14,0.173271616
obj_04_dolphin,0.5,0,10,random48_1,0.2,28,0.00894963628
obj_04_dolphin,0.5,0,10,random48_1,0.4,48,0.00927044812
obj_04_dolphin,0.5,0,10,random48_1,0.6,48,0.00927044812
obj_04_dolphin,0.5,0,10,random48_1,0.8,48,0.00927044812
obj_04_dolphin,0.5,0,10,random48_2,0.1,14,0.226017034
obj_04_dolphin,0.5,0,10,random48_2,0.2,28,0.0840890264
obj_04_dolphin,0.5,0,10,random48_2,0.4,48,0.00927044812
obj_04_dolphin,0.5,0,10,random48_2,0.6,48,0.00927044812
obj_04_dolphin,0.5,0,10,random48_2,0.8,48,0.00927044812
obj_04_dolphin,0.5,0,10,random48_3,0.1,14,0.0704261231
obj_04_dolphin,0.5,0,10,random48_3,0.2,28,0.00600330201
obj_04_dolphin,0.5,0,10,random48_3,0.4,48,0.00927044812
obj_04_dolphin,0.5,0,10,random48_3,0.6,48,0.00927044812
obj_04_dolphin,0.5,0,10,random48_3,0.8,48,0.00927044812
obj_04_dolphin,0.5,0,10,random48_4,0.1,14,0.16934534
obj_04_dolphin,0.5,0,10,random48_4,0.2,28,0.0125001301
obj_04_dolphin,0.5,0,10,random48_4,0.4,48,0.00927044812
obj_04_dolphin,0.5,0,10,random48_4,0.6,48,0.00927044812
obj_04_dolphin,0.5,0,10,random48_4,0.8,48,0.00927044812
obj_04_dolphin,0.5,0,100,random48_0,0.1,14,0.18122712
obj_04_dolphin,0.5,0,100,random48_0,0.2,28,0.00469712161
obj_04_dolphin,0.5,0,100,random48_0,0.4,48,0.000559754088
obj_04_dolphin,0.5,0,100,random48_0,0.6,48,0.000559754088
obj_04_dolphin,0.5,0,100,random48_0,0.8,48,0.000559754088
obj_04_dolphin,0.5,0,100,random48_1,0.1,14,0.0631621725
obj_04_dolphin,0.5,0,100,random48_1,0.2,28,0.052277439
obj_04_dolphin,0.5,0,100,random48_1,0.4,48,0.000559754088
obj_04_dolphin,0.5,0,100,random48_1,0.6,48,0.000559754088
obj_04_dolphin,0.5,0,100,random48_1,0.8,48,0.000559754088
obj_04_dolphin,0.5,0,100,random48_2,0.1,14,0.10850337
obj_04_dolphin,0.5,0,100,random48_2,0.2,28,0.00983405905
obj_04_dolphin,0.5,0,100,random48_2,0.4,48,0.000559754088
obj_04_dolphin,0.5,0,100,random48_2,0.6,48,0.000559754088
obj_04_dolphin,0.5,0,100,random48_2,0.8,48,0.000559754088
obj_04_dolphin,0.5,0,100,random48_3,0.1,14,0.210233447
obj_04_dolphin,0.5,0,100,random48_3,0.2,28,0.243078729
obj_04_dolphin,0.5,0,100,random48_3,0.4,48,0.000559754088
obj_04_dolphin,0.5,0,100,random48_3,0.6,48,0.000559754088
obj_04_dolphin,0.5,0,100,random48_3,0.8,48,0.000559754088
obj_04_dolphin,0.5,0,100,random48_4,0.1,14,0.258022655
obj_04_dolphin,0.5,0,100,random48_4,0.2,28,0.175795418
obj_04_dolphin,0.5,0,100,random48_4,0.4,48,0.000559754088
obj_04_dolphin,0.5,0,100,random48_4,0.6,48,0.000559754088
obj_04_dolphin,0.5,0,100,random48_4,0.8,48,0.000559754088
obj_04_dolphin,0.5,1,10,random48_0,0.1,14,0.187487916
obj_04_dolphin,0.5,1,10,random48_0,0.2,28,0.185940554
obj_04_dolphin,0.5,1,10,random48_0,0.4,48,0.0328588923
obj_04_dolphin,0.5,1,10,random48_0,0.6,48,0.0328588923
obj_04_dolphin,0.5,1,10,random48_0,0.8,48,0.0328588923
obj_04_dolphin,0.5,1,10,random48_1,0.1,14,0.234670659
obj_04_dolphin,0.5,1,10,random48_1,0.2,28,0.192118689
obj_04_dolphin,0.5,1,10,random48_1,0.4,48,0.0328588923
obj_04_dolphin,0.5,1,10,random48_1,0.6,48,0.0328588923
obj_04_dolphin,0.5,1,10,random48_1,0.8,48,0.0328588923
obj_04_dolphin,0.5,1,10,random48_2,0.1,14,0.114429706
obj_04_dolphin,0.5,1,10,random48_2,0.2,28,0.0807923939
obj_04_dolphin,0.5,1,10,random48_2,0.4,48,0.0328588923
obj_04_dolphin,0.5,1,10,random48_2,0.6,48,0.0328588923
obj_04_dolphin,0.5,1,10,random48_2,0.8,48,0.0328588923
obj_04_dolphin,0.5,1,10,random48_3,0.1,14,0.137430847
obj_04_dolphin,0.5,1,10,random48_3,0.2,28,0.146028778
obj_04_dolphin,0.5,1,10,random48_3,0.4,48,0.0328588923
obj_04_dolphin,0.5,1,10,random48_3,0.6,48,0.0328588923
obj_04_dolphin,0.5,1,10,random48_3,0.8,48,0.0328588923
obj_04_dolphin,0.5,1,10,random48_4,0.1,14,0.100682369
obj_04_dolphin,0.5,1,10,random48_4,0.2,28,0.0802633857
obj_04_dolphin,0.5,1,10,random48_4,0.4,48,0.0328588923
obj_04_dolphin,0.5,1,10,random48_4,0.6,48,0.0328588923
obj_04_dolphin,0.5,1,10,random48_4,0.8,48,0.0328588923
obj_04_dolphin,0.5,1,100,random48_0,0.1,14,0.203733054
obj_04_dolphin,0.5,1,100,random48_0,0.2,28,0.244515594
obj_04_dolphin,0.5,1,100,random48_0,0.4,48,0.00382601709
obj_04_dolphin,0.5,1,100,random48_0,0.6,48,0.00382601709
obj_04_dolphin,0.5,1,100,random48_0,0.8,48,0.00382601709
obj_04_dolphin,0.5,1,100,random48_1,0.1,14,0.25054691
obj_04_dolphin,0.5,1,100,random48_1,0.2,28,0.165512834
obj_04_dolphin,0.5,1,100,random48_1,0.4,48,0.00382601709
obj_04_dolphin,0.5,1,100,random48_1,0.6,48,0.00382601709
obj_04_dolphin,0.5,1,100,random48_1,0.8,48,0.00382601709
obj_04_dolphin,0.5,1,100,random48_2,0.1,14,0.133126477
obj_04_dolphin,0.5,1,100,random48_2,0.2,28,0.150374658
obj_04_dolphin,0.5,1,100,random48_2,0.4,48,0.00382601709
obj_04_dolphin,0.5,1,100,random48_2,0.6,48,0.00382601709
obj_04_dolphin,0.5,1,100,random48_2,0.8,48,0.00382601709
obj_04_dolphin,0.5,1,100,random48_3,0.1,14,0.191605381
obj_04_dolphin,0.5,1,100,random48_3,0.2,28,0.18712513
obj_04_dolphin,0.5,1,100,random48_3,0.4,48,0.00382601709
obj_04_dolphin,0.5,1,100,random48_3,0.6,48,0.00382601709
obj_04_dolphin,0.5,1,100,random48_3,0.8,48,0.00382601709
obj_04_dolphin,0.5,1,100,random48_4,0.1,14,0.236267339
obj_04_dolphin,0.5,1,100,random48_4,0.2,28,0.32390049
obj_04_dolphin,0.5,1,100,random48_4,0.4,48,0.00382601709
obj_04_dolphin,0.5,1,100,random48_4,0.6,48,0.00382601709
obj_04_dolphin,0.5,1,100,random48_4,0.8,48,0.00382601709
obj_04_dolphin,0.5,2,10,random48_0,0.1,14,0.241266471
obj_04_dolphin,0.5,2,10,random48_0,0.2,28,0.32148718
obj_04_dolphin,0.5,2,10,random48_0,0.4,48,0.0367128176
obj_04_dolphin,0.5,2,10,random48_0,0.6,48,0.0367128176
obj_04_dolphin,0.5,2,10,random48_0,0.8,48,0.0367128176
obj_04_dolphin,0.5,2,10,random48_1,0.1,14,0.243678258
obj_04_dolphin,0.5,2,10,random48_1,0.2,28,0.261001712
obj_04_dolphin,0.5,2,10,random48_1,0.4,48,0.0367128176
obj_04_dolphin,0.5,2,10,random48_1,0.6,48,0.0367128176
obj_04_dolphin,0.5,2,10,random48_1,0.8,48,0.0367128176
obj_04_dolphin,0.5,2,10,random48_2,0.1,14,0.248175178
obj_04_dolphin,0.5,2,10,random48_2,0.2,28,0.0735180657
obj_04_dolphin,0.5,2,10,random48_2,0.4,48,0.0367128176
obj_04_dolphin,0.5,2,10,random48_2,0.6,48,0.0367128176
obj_04_dolphin,0.5,2,10,random48_2,0.8,48,0.0367128176
obj_04_dolphin,0.5,2,10,random48_3,0.1,14,0.233541971
obj_04_dolphin,0.5,2,10,random48_3,0.2,28,0.271365802
obj_04_dolphin,0.5,2,10,random48_3,0.4,48,0.0367128176
obj_04_dolphin,0.5,2,10,random48_3,0.6,48,0.0367128176
obj_04_dolphin,0.5,2,10,random48_3,0.8,48,0.0367128176
obj_04_dolphin,0.5,2,10,random48_4,0.1,14,0.131837239
obj_04_dolphin,0.5,2,10,random48_4,0.2,28,0.239873704
obj_04_dolphin,0.5,2,10,random48_4,0.4,48,0.0367128176
obj_04_dolphin,0.5,2,10,random48_4,0.6,48,0.0367128176
obj_04_dolphin,0.5,2,10,random48_4,0.8,48,0.0367128176
obj_04_dolphin,0.5,2,100,random48_0,0.1,14,0.185426982
obj_04_dolphin,0.5,2,100,random48_0,0.2,28,0.224320444
obj_04_dolphin,0.5,2,100,random48_0,0.4,48,0.00377094313
obj_04_dolphin,0.5,2,100,random48_0,0.6,48,0.00377094313
obj_04_dolphin,0.5,2,100,random48_0,0.8,48,0.00377094313
obj_04_dolphin,0.5,2,100,random48_1,0.1,14,0.205736132
obj_04_dolphin,0.5,2,100,random48_1,0.2,28,0.208083186
obj_04_dolphin,0.5,2,100,random48_1,0.4,48,0.00377094313
obj_04_dolphin,0.5,2,100,random48_1,0.6,48,0.00377094313
obj_04_dolphin,0.5,2,100,random48_1,0.8,48,0.00377094313
obj_04_dolphin,0.5,2,100,random48_2,0.1,14,0.228189918
obj_04_dolphin,0.5,2,100,random48_2,0.2,28,0.235283568
obj_04_dolphin,0.5,2,100,random48_2,0.4,48,0.00377094313
obj_04_dolphin,0.5,2,100,random48_2,0.6,48,0.00377094313
obj_04_dolphin,0.5,2,100,random48_2,0.8,48,0.00377094313
obj_04_dolphin,0.5,2,100,random48_3,0.1,14,0.251884825
obj_04_dolphin,0.5,2,100,random48_3,0.2,28,0.205320954
obj_04_dolphin,0.5,2,100,random48_3,0.4,48,0.00377094313
obj_04_dolphin,0.5,2,100,random48_3,0.6,48,0.00377094313
obj_04_dolphin,0.5,2,100,random48_3,0.8,48,0.00377094313
obj_04_dolphin,0.5,2,100,random48_4,0.1,14,0.223516374
obj_04_dolphin,0.5,2,100,random48_4,0.2,28,0.0398326323
obj_04_dolphin,0.5,2,100,random48_4,0.4,48,0.00377094313
obj_04_dolphin,0.5,2,100,random48_4,0.6,48,0.00377094313
obj_04_dolphin,0.5,2,100,random48_4,0.8,48,0.00377094313
obj_04_dolphin,0.5,3,10,random48_0,0.1,14,0.0613801704
obj_04_dolphin,0.5,3,10,random48_0,0.2,28,0.109488324
obj_04_dolphin,0.5,3,10,random48_0,0.4,48,0.0160592501
obj_04_dolphin,0.5,3,10,random48_0,0.6,48,0.0160592501
obj_04_dolphin,0.5,3,10,random48_0,0.8,48,0.0160592501
obj_04_dolphin,0.5,3,10,random48_1,0.1,14,0.0949075253
obj_04_dolphin,0.5,3,10,random48_1,0.2,28,0.0664478472
obj_04_dolphin,0.5,3,10,random48_1,0.4,48,0.0160592501
obj_04_dolphin,0.5,3,10,random48_1,0.6,48,0.0160592501
obj_04_dolphin,0.5,3,10,random48_1,0.8,48,0.0160592501
obj_04_dolphin,0.5,3,10,random48_2,0.1,14,0.180170045
obj_04_dolphin,0.5,3,10,random48_2,0.2,28,0.0793796373
obj_04_dolphin,0.5,3,10,random48_2,0.4,48,0.0160592501
obj_04_dolphin,0.5,3,10,random48_2,0.6,48,0.0160592501
obj_04_dolphin,0.5,3,10,random48_2,0.8,48,0.0160592501
obj_04_dolphin,0.5,3,10,random48_3,0.1,14,0.172810972
obj_04_dolphin,0.5,3,10,random48_3,0.2,28,0.0258702225
obj_04_dolphin,0.5,3,10,random48_3,0.4,48,0.0160592501
obj_04_dolphin,0.5,3,10,random48_3,0.6,48,0.0160592501
obj_04_dolphin,0.5,3,10,random48_3,0.8,48,0.0160592501
obj_04_dolphin,0.5,3,10,random48_4,0.1,14,0.181753827
obj_04_dolphin,0.5,3,10,random48_4,0.2,28,0.0212304613
obj_04_dolphin,0.5,3,10,random48_4,0.4,48,0.0160592501
obj_04_dolphin,0.5,3,10,random48_4,0.6,48,0.0160592501
obj_04_dolphin,0.5,3,10,random48_4,0.8,48,0.0160592501
obj_04_dolphin,0.5,3,100,random48_0,0.1,14,0.157216796
obj_04_dolphin,0.5,3,100,random48_0,0.2,28,0.0290185571
obj_04_dolphin,0.5,3,100,random48_0,0.4,48,0.00129728962
obj_04_dolphin,0.5,3,100,random48_0,0.6,48,0.00129728962
obj_04_dolphin,0.5,3,100,random48_0,0.8,48,0.00129728962
obj_04_dolphin,0.5,3,100,random48_1,0.1,14,0.159702945
obj_04_dolphin,0.5,3,100,random48_1,0.2,28,0.0200591455
obj_04_dolphin,0.5,3,100,random48_1,0.4,48,0.00129728962
obj_04_dolphin,0.5,3,100,random48_1,0.6,48,0.00129728962
obj_04_dolphin,0.5,3,100,random48_1,0.8,48,0.00129728962
obj_04_dolphin,0.5,3,100,random48_2,0.1,14,0.135391578
obj_04_dolphin,0.5,3,100,random48_2,0.2,28,0.150243384
obj_04_dolphin,0.5,3,100,random48_2,0.4,48,0.00129728962
obj_04_dolphin,0.5,3,100,random48_2,0.6,48,0.00129728962
obj_04_dolphin,0.5,3,100,random48_2,0.8,48,0.00129728962
obj_04_dolphin,0.5,3,100,random48_3,0.1,14,0.124776648
obj_04_dolphin,0.5,3,100,random48_3,0.2,28,0.100822702
obj_04_dolphin,0.5,3,100,random48_3,0.4,48,0.00129728962
obj_04_dolphin,0.5,3,100,random48_3,0.6,48,0.00129728962
obj_04_dolphin,0.5,3,100,random48_3,0.8,48,0.00129728962
obj_04_dolphin,0.5,3,100,random48_4,0.1,14,0.16110224
obj_04_dolphin,0.5,3,100,random48_4,0.2,28,0.0803140023
obj_04_dolphin,0.5,3,100,random48_4,0.4,48,0.00129728962
obj_04_dolphin,0.5,3,100,random48_4,0.6,48,0.00129728962
obj_04_dolphin,0.5,3,100,random48_4,0.8,48,0.00129728962
obj_04_dolphin,0.5,4,10,random48_0,0.1,14,0.0614349373
obj_04_dolphin,0.5,4,10,random48_0,0.2,28,0.0845100254
obj_04_dolphin,0.5,4,10,random48_0,0.4,48,0.00764830431
obj_04_dolphin,0.5,4,10,random48_0,0.6,48,0.00764830431
obj_04_dolphin,0.5,4,10,random48_0,0.8,48,0.00764830431
obj_04_dolphin,0.5,4,10,random48_1,0.1,14,0.00255286961
obj_04_dolphin,0.5,4,10,random48_1,0.2,28,0.0153069963
obj_04_dolphin,0.5,4,10,random48_1,0.4,48,0.00764830431
obj_04_dolphin,0.5,4,10,random48_1,0.6,48,0.00764830431
obj_04_dolphin,0.5,4,10,random48_1,0.8,48,0.00764830431
obj_04_dolphin,0.5,4,10,random48_2,0.1,14,0.19533901
obj_04_dolphin,0.5,4,10,random48_2,0.2,28,0.313467122
obj_04_dolphin,0.5,4,10,random48_2,0.4,48,0.00764830431
obj_04_dolphin,0.5,4,10,random48_2,0.6,48,0.00764830431
obj_04_dolphin,0.5,4,10,random48_2,0.8,48,0.00764830431
obj_04_dolphin,0.5,4,10,random48_3,0.1,14,0.047898971
obj_04_dolphin,0.5,4,10,random48_3,0.2,28,0.0649442097
obj_04_dolphin,0.5,4,10,random48_3,0.4,48,0.00764830431
obj_04_dolphin,0.5,4,10,random48_3,0.6,48,0.00764830431
obj_04_dolphin,0.5,4,10,random48_3,0.8,48,0.00764830431
obj_04_dolphin,0.5,4,10,random48_4,0.1,14,0.00415465336
obj_04_dolphin,0.5,4,10,random48_4,0.2,28,0.304712358
obj_04_dolphin,0.5,4,10,random48_4,0.4,48,0.00764830431
obj_04_dolphin,0.5,4,10,random48_4,0.6,48,0.00764830431
obj_04_dolphin,0.5,4,10,random48_4,0.8,48,0.00764830431
obj_04_dolphin,0.5,4,100,random48_0,0.1,14,0.00518811514
obj_04_dolphin,0.5,4,100,random48_0,0.2,28,0.150832128
obj_04_dolphin,0.5,4,100,random48_0,0.4,48,0.00117601013
obj_04_dolphin,0.5,4,100,random48_0,0.6,48,0.00117601013
obj_04_dolphin,0.5,4,100,random48_0,0.8,48,0.00117601013
obj_04_dolphin,0.5,4,100,random48_1,0.1,14,0.0667753626
obj_04_dolphin,0.5,4,100,random48_1,0.2,28,0.120575665
obj_04_dolphin,0.5,4,100,random48_1,0.4,48,0.00117601013
obj_04_dolphin,0.5,4,100,random48_1,0.6,48,0.00117601013
obj_04_dolphin,0.5,4,100,random48_1,0.8,48,0.00117601013
obj_04_dolphin,0.5,4,100,random48_2,0.1,14,0.07949089
obj_04_dolphin,0.5,4,100,random48_2,0.2,28,0.0708884445
obj_04_dolphin,0.5,4,100,random48_2,0.4,48,0.00117601013
obj_04_dolphin,0.5,4,100,random48_2,0.6,48,0.00117601013
obj_04_dolphin,0.5,4,100,random48_2,0.8,48,0.00117601013
obj_04_dolphin,0.5,4,100,random48_3,0.1,14,0.231469642
obj_04_dolphin,0.5,4,100,random48_3,0.2,28,0.335853597
obj_04_dolphin,0.5,4,100,random48_3,0.4,48,0.00117601013
obj_04_dolphin,0.5,4,100,random48_3,0.6,48,0.00117601013
obj_04_dolphin,0.5,4,100,random48_3,0.8,48,0.00117601013
obj_04_dolphin,0.5,4,100,random48_4,0.1,14,0.312745965
obj_04_dolphin,0.5,4,100,random48_4,0.2,28,0.230781358
obj_04_dolphin,0.5,4,100,random48_4,0.4,48,0.00117601013
obj_04_dolphin,0.5,4,100,random48_4,0.6,48,0.00117601013
obj_04_dolphin,0.5,4,100,random48_4,0.8,48,0.00117601013
obj_04_dolphin,0.5,5,10,random48_0,0.1,14,0.136742923
obj_04_dolphin,0.5,5,10,random48_0,0.2,28,0.144168784
obj_04_dolphin,0.5,5,10,random48_0,0.4,48,0.0284062687
obj_04_dolphin,0.5,5,10,random48_0,0.6,48,0.0284062687
obj_04_dolphin,0.5,5,10,random48_0,0.8,48,0.0284062687
obj_04_dolphin,0.5,5,10,random48_1,0.1,14,0.325035339
obj_04_dolphin,0.5,5,10,random48_1,0.2,28,0.0877402349
obj_04_dolphin,0.5,5,10,random48_1,0.4,48,0.0284062687
obj_04_dolphin,0.5,5,10,random48_1,0.6,48,0.0284062687
obj_04_dolphin,0.5,5,10,random48_1,0.8,48,0.0284062687
obj_04_dolphin,0.5,5,10,random48_2,0.1,14,0.49821099
obj_04_dolphin,0.5,5,10,random48_2,0.2,28,0.201893928
obj_04_dolphin,0.5,5,10,random48_2,0.4,48,0.0284062687
obj_04_dolphin,0.5,5,10,random48_2,0.6,48,0.0284062687
obj_04_dolphin,0.5,5,10,random48_2,0.8,48,0.0284062687
obj_04_dolphin,0.5,5,10,random48_3,0.1,14,0.399235358
obj_04_dolphin,0.5,5,10,random48_3,0.2,28,0.276673913
obj_04_dolphin,0.5,5,10,random48_3,0.4,48,0.0284062687
obj_04_dolphin,0.5,5,10,random48_3,0.6,48,0.0284062687
obj_04_dolphin,0.5,5,10,random48_3,0.8,48,0.0284062687
obj_04_dolphin,0.5,5,10,random48_4,0.1,14,0.495859759
obj_04_dolphin,0.5,5,10,random48_4,0.2,28,0.266235106
obj_04_dolphin,0.5,5,10,random48_4,0.4,48,0.0284062687
obj_04_dolphin,0.5,5,10,random48_4,0.6,48,0.0284062687
obj_04_dolphin,0.5,5,10,random48_4,0.8,48,0.0284062687
obj_04_dolphin,0.5,5,100,random48_0,0.1,14,0.232087513
obj_04_dolphin,0.5,5,100,random48_0,0.2,28,0.0146047855
obj_04_dolphin,0.5,5,100,random48_0,0.4,48,0.00169151778
obj_04_dolphin,0.5,5,100,random48_0,0.6,48,0.00169151778
obj_04_dolphin,0.5,5,100,random48_0,0.8,48,0.00169151778
obj_04_dolphin,0.5,5,100,random48_1,0.1,14,0.0973174461
obj_04_dolphin,0.5,5,100,random48_1,0.2,28,0.0885097281
obj_04_dolphin,0.5,5,100,random48_1,0.4,48,0.00169151778
obj_04_dolphin,0.5,5,100,random48_1,0.6,48,0.00169151778
obj_04_dolphin,0.5,5,100,random48_1,0.8,48,0.00169151778
obj_04_dolphin,0.5,5,100,random48_2,0.1,14,0.234963222
obj_04_dolphin,0.5,5,100,random48_2,0.2,28,0.085536823
obj_04_dolphin,0.5,5,100,random48_2,0.4,48,0.00169151778
obj_04_dolphin,0.5,5,100,random48_2,0.6,48,0.00169151778
obj_04_dolphin,0.5,5,100,random48_2,0.8,48,0.00169151778
obj_04_dolphin,0.5,5,100,random48_3,0.1,14,0.521383937
obj_04_dolphin,0.5,5,100,random48_3,0.2,28,0.466987248
obj_04_dolphin,0.5,5,100,random48_3,0.4,48,0.00169151778
obj_04_dolphin,0.5,5,100,random48_3,0.6,48,0.00169151778
obj_04_dolphin,0.5,5,100,random48_3,0.8,48,0.00169151778
obj_04_dolphin,0.5,5,100,random48_4,0.1,14,0.335860462
obj_04_dolphin,0.5,5,100,random48_4,0.2,28,0.283834867
obj_04_dolphin,0.5,5,100,random48_4,0.4,48,0.00169151778
obj_04_dolphin,0.5,5,100,random48_4,0.6,48,0.00169151778
obj_04_dolphin,0.5,5,100,random48_4,0.8,48,0.00169151778
obj_04_dolphin,0.5,6,10,random48_0,0.1,14,0.0452313908
obj_04_dolphin,0.5,6,10,random48_0,0.2,28,0.0482407896
obj_04_dolphin,0.5,6,10,random48_0,0.4,48,0.00663240582
obj_04_dolphin,0.5,6,10,random48_0,0.6,48,0.00663240582
obj_04_dolphin,0.5,6,10,random48_0,0.8,48,0.00663240582
obj_04_dolphin,0.5,6,10,random48_1,0.1,14,0.0741913892
obj_04_dolphin,0.5,6,10,random48_1,0.2,28,0.0923949015
obj_04_dolphin,0.5,6,10,random48_1,0.4,48,0.00663240582
obj_04_dolphin,0.5,6,10,random48_1,0.6,48,0.00663240582
obj_04_dolphin,0.5,6,10,random48_1,0.8,48,0.00663240582
obj_04_dolphin,0.5,6,10,random48_2,0.1,14,0.0298546204
obj_04_dolphin,0.5,6,10,random48_2,0.2,28,0.0595067625
obj_04_dolphin,0.5,6,10,random48_2,0.4,48,0.00663240582
obj_04_dolphin,0.5,6,10,random48_2,0.6,48,0.00663240582
obj_04_dolphin,0.5,6,10,random48_2,0.8,48,0.00663240582
obj_04_dolphin,0.5,6,10,random48_3,0.1,14,0.0729173376
obj_04_dolphin,0.5,6,10,random48_3,0.2,28,0.149152849
obj_04_dolphin,0.5,6,10,random48_3,0.4,48,0.00663240582
obj_04_dolphin,0.5,6,10,random48_3,0.6,48,0.00663240582
obj_04_dolphin,0.5,6,10,random48_3,0.8,48,0.00663240582
obj_04_dolphin,0.5,6,10,random48_4,0.1,14,0.0757263179
obj_04_dolphin,0.5,6,10,random48_4,0.2,28,0.0338590671
obj_04_dolphin,0.5,6,10,random48_4,0.4,48,0.00663240582
obj_04_dolphin,0.5,6,10,random48_4,0.6,48,0.00663240582
obj_04_dolphin,0.5,6,10,random48_4,0.8,48,0.00663240582
obj_04_dolphin,0.5,6,100,random48_0,0.1,14,0.0156991242
obj_04_dolphin,0.5,6,100,random48_0,0.2,28,0.0500946618
obj_04_dolphin,0.5,6,100,random48_0,0.4,48,0.00087171311
obj_04_dolphin,0.5,6,100,random48_0,0.6,48,0.00087171311
obj_04_dolphin,0.5,6,100,random48_0,0.8,48,0.00087171311
obj_04_dolphin,0.5,6,100,random48_1,0.1,14,0.0822051862
obj_04_dolphin,0.5,6,100,random48_1,0.2,28,0.0383510621
obj_04_dolphin,0.5,6,100,random48_1,0.4,48,0.00087171311
obj_04_dolphin,0.5,6,100,random48_1,0.6,48,0.00087171311
obj_04_dolphin,0.5,6,100,random48_1,0.8,48,0.00087171311
obj_04_dolphin,0.5,6,100,random48_2,0.1,14,0.0348272864
obj_04_dolphin,0.5,6,100,random48_2,0.2,28,0.00705014235
obj_04_dolphin,0.5,6,100,random48_2,0.4,48,0.00087171311
obj_04_dolphin,0.5,6,100,random48_2,0.6,48,0.00087171311
obj_04_dolphin,0.5,6,100,random48_2,0.8,48,0.00087171311
obj_04_dolphin,0.5,6,100,random48_3,0.1,14,0.061835798
obj_04_dolphin,0.5,6,100,random48_3,0.2,28,0.0310467955
obj_04_dolphin,0.5,6,100,random48_3,0.4,48,0.00087171311
obj_04_dolphin,0.5,6,100,random48_3,0.6,48,0.00087171311
obj_04_dolphin,0.5,6,100,random48_3,0.8,48,0.00087171311
obj_04_dolphin,0.5,6,100,random48_4,0.1,14,0.121695427
obj_04_dolphin,0.5,6,100,random48_4,0.2,28,0.101778768
obj_04_dolphin,0.5,6,100,random48_4,0.4,48,0.00087171311
obj_04_dolphin,0.5,6,100,random48_4,0.6,48,0.00087171311
obj_04_dolphin,0.5,6,100,random48_4,0.8,48,0.00087171311
obj_04_dolphin,0.5,7,10,random48_0,0.1,14,0.128932296
obj_04_dolphin,0.5,7,10,random48_0,0.2,28,0.106357996
obj_04_dolphin,0.5,7,10,random48_0,0.4,48,0.0310927298
obj_04_dolphin,0.5,7,10,random48_0,0.6,48,0.0310927298
obj_04_dolphin,0.5,7,10,random48_0,0.8,48,0.0310927298
obj_04_dolphin,0.5,7,10,random48_1,0.1,14,0.245277916
obj_04_dolphin,0.5,7,10,random48_1,0.2,28,0.0384718092
obj_04_dolphin,0.5,7,10,random48_1,0.4,48,0.0310927298
obj_04_dolphin,0.5,7,10,random48_1,0.6,48,0.0310927298
obj_04_dolphin,0.5,7,10,random48_1,0.8,48,0.0310927298
obj_04_dolphin,0.5,7,10,random48_2,0.1,14,0.270025718
obj_04_dolphin,0.5,7,10,random48_2,0.2,28,0.00296663363
obj_04_dolphin,0.5,7,10,random48_2,0.4,48,0.0310927298
obj_04_dolphin,0.5,7,10,random48_2,0.6,48,0.0310927298
obj_04_dolphin,0.5,7,10,random48_2,0.8,48,0.0310927298
obj_04_dolphin,0.5,7,10,random48_3,0.1,14,0.289037217
obj_04_dolphin,0.5,7,10,random48_3,0.2,28,0.417649762
obj_04_dolphin,0.5,7,10,random48_3,0.4,48,0.0310927298
obj_04_dolphin,0.5,7,10,random48_3,0.6,48,0.0310927298
obj_04_dolphin,0.5,7,10,random48_3,0.8,48,0.0310927298
obj_04_dolphin,0.5,7,10,random48_4,0.1,14,0.293376811
obj_04_dolphin,0.5,7,10,random48_4,0.2,28,0.453364628
obj_04_dolphin,0.5,7,10,random48_4,0.4,48,0.0310927298
obj_04_dolphin,0.5,7,10,random48_4,0.6,48,0.0310927298
obj_04_dolphin,0.5,7,10,random48_4,0.8,48,0.0310927298
obj_04_dolphin,0.5,7,100,random48_0,0.1,14,0.269033294
obj_04_dolphin,0.5,7,100,random48_0,0.2,28,0.409081075
obj_04_dolphin,0.5,7,100,random48_0,0.4,48,0.00293681621
obj_04_dolphin,0.5,7,100,random48_0,0.6,48,0.00293681621
obj_04_dolphin,0.5,7,100,random48_0,0.8,48,0.00293681621
obj_04_dolphin,0.5,7,100,random48_1,0.1,14,0.24061283
obj_04_dolphin,0.5,7,100,random48_1,0.2,28,0.0167526526
obj_04_dolphin,0.5,7,100,random48_1,0.4,48,0.00293681621
obj_04_dolphin,0.5,7,100,random48_1,0.6,48,0.00293681621
obj_04_dolphin,0.5,7,100,random48_1,0.8,48,0.00293681621
obj_04_dolphin,0.5,7,100,random48_2,0.1,14,0.031064501
obj_04_dolphin,0.5,7,100,random48_2,0.2,28,0.0241876725
obj_04_dolphin,0.5,7,100,random48_2,0.4,48,0.00293681621
obj_04_dolphin,0.5,7,100,random48_2,0.6,48,0.00293681621
obj_04_dolphin,0.5,7,100,random48_2,0.8,48,0.00293681621
obj_04_dolphin,0.5,7,100,random48_3,0.1,14,0.057426231
obj_04_dolphin,0.5,7,100,random48_3,0.2,28,0.0967333965
obj_04_dolphin,0.5,7,100,random48_3,0.4,48,0.00293681621
obj_04_dolphin,0.5,7,100,random48_3,0.6,48,0.00293681621
obj_04_dolphin,0.5,7,100,random48_3,0.8,48,0.00293681621
obj_04_dolphin,0.5,7,100,random48_4,0.1,14,0.244302757
obj_04_dolphin,0.5,7,100,random48_4,0.2,28,0.47928334
obj_04_dolphin,0.5,7,100,random48_4,0.4,48,0.00293681621
obj_04_dolphin,0.5,7,100,random48_4,0.6,48,0.00293681621
obj_04_dolphin,0.5,7,100,random48_4,0.8,48,0.00293681621
obj_04_dolphin,0.5,8,10,random48_0,0.1,14,0.125848113
obj_04_dolphin,0.5,8,10,random48_0,0.2,28,0.0751028081
obj_04_dolphin,0.5,8,10,random48_0,0.4,48,0.0139068648
obj_04_dolphin,0.5,8,10,random48_0,0.6,48,0.0139068648
obj_04_dolphin,0.5,8,10,random48_0,0.8,48,0.0139068648
obj_04_dolphin,0.5,8,10,random48_1,0.1,14,0.0954253984
obj_04_dolphin,0.5,8,10,random48_1,0.2,28,0.103898335
obj_04_dolphin,0.5,8,10,random48_1,0.4,48,0.0139068648
obj_04_dolphin,0.5,8,10,random48_1,0.6,48,0.0139068648
obj_04_dolphin,0.5,8,10,random48_1,0.8,48,0.0139068648
obj_04_dolphin,0.5,8,10,random48_2,0.1,14,0.0591377374
obj_04_dolphin,0.5,8,10,random48_2,0.2,28,0.0621367519
obj_04_dolphin,0.5,8,10,random48_2,0.4,48,0.0139068648
obj_04_dolphin,0.5,8,10,random48_2,0.6,48,0.0139068648
obj_04_dolphin,0.5,8,10,random48_2,0.8,48,0.0139068648
obj_04_dolphin,0.5,8,10,random48_3,0.1,14,0.0700975156
obj_04_dolphin,0.5,8,10,random48_3,0.2,28,0.0709840431
obj_04_dolphin,0.5,8,10,random48_3,0.4,48,0.0139068648
obj_04_dolphin,0.5,8,10,random48_3,0.6,48,0.0139068648
obj_04_dolphin,0.5,8,10,random48_3,0.8,48,0.0139068648
obj_04_dolphin,0.5,8,10,random48_4,0.1,14,0.0483213749
obj_04_dolphin,0.5,8,10,random48_4,0.2,28,0.0319071978
obj_04_dolphin,0.5,8,10,random48_4,0.4,48,0.0139068648
obj_04_dolphin,0.5,8,10,random48_4,0.6,48,0.0139068648
obj_04_dolphin,0.5,8,10,random48_4,0.8,48,0.0139068648
obj_04_dolphin,0.5,8,100,random48_0,0.1,14,0.184644312
obj_04_dolphin,0.5,8,100,random48_0,0.2,28,0.145957982
obj_04_dolphin,0.5,8,100,random48_0,0.4,48,0.00137783697
obj_04_dolphin,0.5,8,100,random48_0,0.6,48,0.00137783697
obj_04_dolphin,0.5,8,100,random48_0,0.8,48,0.00137783697
obj_04_dolphin,0.5,8,100,random48_1,0.1,14,0.0645357216
obj_04_dolphin,0.5,8,100,random48_1,0.2,28,0.0500458794
obj_04_dolphin,0.5,8,100,random48_1,0.4,48,0.00137783697
obj_04_dolphin,0.5,8,100,random48_1,0.6,48,0.00137783697
obj_04_dolphin,0.5,8,100,random48_1,0.8,48,0.00137783697
obj_04_dolphin,0.5,8,100,random48_2,0.1,14,0.0607230311
obj_04_dolphin,0.5,8,100,random48_2,0.2,28,0.0953138364
obj_04_dolphin,0.5,8,100,random48_2,0.4,48,0.00137783697
obj_04_dolphin,0.5,8,100,random48_2,0.6,48,0.00137783697
obj_04_dolphin,0.5,8,100,random48_2,0.8,48,0.00137783697
obj_04_dolphin,0.5,8,100,random48_3,0.1,14,0.0701613254
obj_04_dolphin,0.5,8,100,random48_3,0.2,28,0.035680336
obj_04_dolphin,0.5,8,100,random48_3,0.4,48,0.00137783697
obj_04_dolphin,0.5,8,100,random48_3,0.6,48,0.00137783697
obj_04_dolphin,0.5,8,100,random48_3,0.8,48,0.00137783697
obj_04_dolphin,0.5,8,100,random48_4,0.1,14,0.0753712309
obj_04_dolphin,0.5,8,100,random48_4,0.2,28,0.0307607394
obj_04_dolphin,0.5,8,100,random48_4,0.4,48,0.00137783697
obj_04_dolphin,0.5,8,100,random48_4,0.6,48,0.00137783697
obj_04_dolphin,0.5,8,100,random48_4,0.8,48,0.00137783697
obj_04_dolphin,0.5,9,10,random48_0,0.1,14,0.0243232766
obj_04_dolphin,0.5,9,10,random48_0,0.2,28,0.00391753034
obj_04_dolphin,0.5,9,10,random48_0,0.4,48,0.0038946817
obj_04_dolphin,0.5,9,10,random48_0,0.6,48,0.0038946817
obj_04_dolphin,0.5,9,10,random48_0,0.8,48,0.0038946817
obj_04_dolphin,0.5,9,10,random48_1,0.1,14,0.023489915
obj_04_dolphin,0.5,9,10,random48_1,0.2,28,0.104207395
obj_04_dolphin,0.5,9,10,random48_1,0.4,48,0.0038946817
obj_04_dolphin,0.5,9,10,random48_1,0.6,48,0.0038946817
obj_04_dolphin,0.5,9,10,random48_1,0.8,48,0.0038946817
obj_04_dolphin,0.5,9,10,random48_2,0.1,14,0.0321667258
obj_04_dolphin,0.5,9,10,random48_2,0.2,28,0.0520795079
obj_04_dolphin,0.5,9,10,random48_2,0.4,48,0.0038946817
obj_04_dolphin,0.5,9,10,random48_2,0.6,48,0.0038946817
obj_04_dolphin,0.5,9,10,random48_2,0.8,48,0.0038946817
obj_04_dolphin,0.5,9,10,random48_3,0.1,14,0.0250528309
obj_04_dolphin,0.5,9,10,random48_3,0.2,28,0.0372946135
obj_04_dolphin,0.5,9,10,random48_3,0.4,48,0.0038946817
obj_04_dolphin,0.5,9,10,random48_3,0.6,48,0.0038946817
obj_04_dolphin,0.5,9,10,random48_3,0.8,48,0.0038946817
obj_04_dolphin,0.5,9,10,random48_4,0.1,14,0.0252113211
obj_04_dolphin,0.5,9,10,random48_4,0.2,28,0.119292149
obj_04_dolphin,0.5,9,10,random48_4,0.4,48,0.0038946817
obj_04_dolphin,0.5,9,10,random48_4,0.6,48,0.0038946817
obj_04_dolphin,0.5,9,10,random48_4,0.8,48,0.0038946817
obj_04_dolphin,0.5,9,100,random48_0,0.1,14,0.0676016033
obj_04_dolphin,0.5,9,100,random48_0,0.2,28,0.0310927902
obj_04_dolphin,0.5,9,100,random48_0,0.4,48,0.000403605694
obj_04_dolphin,0.5,9,100,random48_0,0.6,48,0.000403605694
obj_04_dolphin,0.5,9,100,random48_0,0.8,48,0.000403605694
obj_04_dolphin,0.5,9,100,random48_1,0.1,14,0.0231325539
obj_04_dolphin,0.5,9,100,random48_1,0.2,28,0.101829591
obj_04_dolphin,0.5,9,100,random48_1,0.4,48,0.000403605694
obj_04_dolphin,0.5,9,100,random48_1,0.6,48,0.000403605694
obj_04_dolphin,0.5,9,100,random48_1,0.8,48,0.000403605694
obj_04_dolphin,0.5,9,100,random48_2,0.1,14,0.134178647
obj_04_dolphin,0.5,9,100,random48_2,0.2,28,0.18854243
obj_04_dolphin,0.5,9,100,random48_2,0.4,48,0.000403605694
obj_04_dolphin,0.5,9,100,random48_2,0.6,48,0.000403605694
obj_04_dolphin,0.5,9,100,random48_2,0.8,48,0.000403605694
obj_04_dolphin,0.5,9,100,random48_3,0.1,14,0.107453296
obj_04_dolphin,0.5,9,100,random48_3,0.2,28,0.0864951858
obj_04_dolphin,0.5,9,100,random48_3,0.4,48,0.000403605694
obj_04_dolphin,0.5,9,100,random48_3,0.6,48,0.000403605694
obj_04_dolphin,0.5,9,100,random48_3,0.8,48,0.000403605694
obj_04_dolphin,0.5,9,100,random48_4,0.1,14,0.131512504
obj_04_dolphin,0.5,9,100,random48_4,0.2,28,0.0743392263
obj_04_dolphin,0.5,9,100,random48_4,0.4,48,0.000403605694
obj_04_dolphin,0.5,9,100,random48_4,0.6,48,0.000403605694
obj_04_dolphin,0.5,9,100,random48_4,0.8,48,0.000403605694
obj_04_dolphin,1.0,0,10,random48_0,0.1,14,0.424337954
obj_04_dolphin,1.0,0,10,random48_0,0.2,28,0.825664363
obj_04_dolphin,1.0,0,10,random48_0,0.4,48,0.0884274515
obj_04_dolphin,1.0,0,10,random48_0,0.6,48,0.0884274515
obj_04_dolphin,1.0,0,10,random48_0,0.8,48,0.0884274515
obj_04_dolphin,1.0,0,10,random48_1,0.1,14,0.202855387
obj_04_dolphin,1.0,0,10,random48_1,0.2,28,0.0738785028
obj_04_dolphin,1.0,0,10,random48_1,0.4,48,0.0884274515
obj_04_dolphin,1.0,0,10,random48_1,0.6,48,0.0884274515
obj_04_dolphin,1.0,0,10,random48_1,0.8,48,0.0884274515
obj_04_dolphin,1.0,0,10,random48_2,0.1,14,0.144966909
obj_04_dolphin,1.0,0,10,random48_2,0.2,28,0.11651135
obj_04_dolphin,1.0,0,10,random48_2,0.4,48,0.0884274515
obj_04_dolphin,1.0,0,10,random48_2,0.6,48,0.0884274515
obj_04_dolphin,1.0,0,10,random48_2,0.8,48,0.0884274515
obj_04_dolphin,1.0,0,10,random48_3,0.1,14,0.22753683
obj_04_dolphin,1.0,0,10,random48_3,0.2,28,0.431238429
obj_04_dolphin,1.0,0,10,random48_3,0.4,48,0.0884274515
obj_04_dolphin,1.0,0,10,random48_3,0.6,48,0.0884274515
obj_04_dolphin,1.0,0,10,random48_3,0.8,48,0.0884274515
obj_04_dolphin,1.0,0,10,random48_4,0.1,14,0.226766756
obj_04_dolphin,1.0,0,10,random48_4,0.2,28,0.272404364
obj_04_dolphin,1.0,0,10,random48_4,0.4,48,0.0884274515
obj_04_dolphin,1.0,0,10,random48_4,0.6,48,0.0884274515
obj_04_dolphin,1.0,0,10,random48_4,0.8,48,0.0884274515
obj_04_dolphin,1.0,0,100,random48_0,0.1,14,0.210349751
obj_04_dolphin,1.0,0,100,random48_0,0.2,28,0.284584334
obj_04_dolphin,1.0,0,100,random48_0,0.4,48,0.012674
obj_04_dolphin,1.0,0,100,random48_0,0.6,48,0.012674
obj_04_dolphin,1.0,0,100,random48_0,0.8,48,0.012674
obj_04_dolphin,1.0,0,100,random48_1,0.1,14,0.197056206
obj_04_dolphin,1.0,0,100,random48_1,0.2,28,0.2640363
obj_04_dolphin,1.0,0,100,random48_1,0.4,48,0.012674
obj_04_dolphin,1.0,0,100,random48_1,0.6,48,0.012674
obj_04_dolphin,1.0,0,100,random48_1,0.8,48,0.012674
obj_04_dolphin,1.0,0,100,random48_2,0.1,14,0.346270225
obj_04_dolphin,1.0,0,100,random48_2,0.2,28,0.446040192
obj_04_dolphin,1.0,0,100,random48_2,0.4,48,0.012674
obj_04_dolphin,1.0,0,100,random48_2,0.6,48,0.012674
obj_04_dolphin,1.0,0,100,random48_2,0.8,48,0.012674
obj_04_dolphin,1.0,0,100,random48_3,0.1,14,0.373205425
obj_04_dolphin,1.0,0,100,random48_3,0.2,28,0.288603749
obj_04_dolphin,1.0,0,100,random48_3,0.4,48,0.012674
obj_04_dolphin,1.0,0,100,random48_3,0.6,48,0.012674
obj_04_dolphin,1.0,0,100,random48_3,0.8,48,0.012674
obj_04_dolphin,1.0,0,100,random48_4,0.1,14,0.247344234
obj_04_dolphin,1.0,0,100,random48_4,0.2,28,0.722715564
obj_04_dolphin,1.0,0,100,random48_4,0.4,48,0.012674
obj_04_dolphin,1.0,0,100,random48_4,0.6,48,0.012674
obj_04_dolphin,1.0,0,100,random48_4,0.8,48,0.012674
obj_04_dolphin,1.0,1,10,random48_0,0.1,14,0.124986211
obj_04_dolphin,1.0,1,10,random48_0,0.2,28,0.172233952
obj_04_dolphin,1.0,1,10,random48_0,0.4,48,0.0233893532
obj_04_dolphin,1.0,1,10,random48_0,0.6,48,0.0233893532
obj_04_dolphin,1.0,1,10,random48_0,0.8,48,0.0233893532
obj_04_dolphin,1.0,1,10,random48_1,0.1,14,0.136737504
obj_04_dolphin,1.0,1,10,random48_1,0.2,28,0.218151099
obj_04_dolphin,1.0,1,10,random48_1,0.4,48,0.0233893532
obj_04_dolphin,1.0,1,10,random48_1,0.6,48,0.0233893532
obj_04_dolphin,1.0,1,10,random48_1,0.8,48,0.0233893532
obj_04_dolphin,1.0,1,10,random48_2,0.1,14,0.146944422
obj_04_dolphin,1.0,1,10,random48_2,0.2,28,0.204136404
obj_04_dolphin,1.0,1,10,random48_2,0.4,48,0.0233893532
obj_04_dolphin,1.0,1,10,random48_2,0.6,48,0.0233893532
obj_04_dolphin,1.0,1,10,random48_2,0.8,48,0.0233893532
obj_04_dolphin,1.0,1,10,random48_3,0.1,14,0.0937457464
obj_04_dolphin,1.0,1,10,random48_3,0.2,28,0.174224835
obj_04_dolphin,1.0,1,10,random48_3,0.4,48,0.0233893532
obj_04_dolphin,1.0,1,10,random48_3,0.6,48,0.0233893532
obj_04_dolphin,1.0,1,10,random48_3,0.8,48,0.0233893532
obj_04_dolphin,1.0,1,10,random48_4,0.1,14,0.123990265
obj_04_dolphin,1.0,1,10,random48_4,0.2,28,0.00118200621
obj_04_dolphin,1.0,1,10,random48_4,0.4,48,0.0233893532
obj_04_dolphin,1.0,1,10,random48_4,0.6,48,0.0233893532
obj_04_dolphin,1.0,1,10,random48_4,0.8,48,0.0233893532
obj_04_dolphin,1.0,1,100,random48_0,0.1,14,0.162897268
obj_04_dolphin,1.0,1,100,random48_0,0.2,28,0.221445327
obj_04_dolphin,1.0,1,100,random48_0,0.4,48,0.00149108326
obj_04_dolphin,1.0,1,100,random48_0,0.6,48,0.00149108326
obj_04_dolphin,1.0,1,100,random48_0,0.8,48,0.00149108326
obj_04_dolphin,1.0,1,100,random48_1,0.1,14,0.156903255
obj_04_dolphin,1.0,1,100,random48_1,0.2,28,0.243545299
obj_04_dolphin,1.0,1,100,random48_1,0.4,48,0.00149108326
obj_04_dolphin,1.0,1,100,random48_1,0.6,48,0.00149108326
obj_04_dolphin,1.0,1,100,random48_1,0.8,48,0.00149108326
obj_04_dolphin,1.0,1,100,random48_2,0.1,14,0.135358889
obj_04_dolphin,1.0,1,100,random48_2,0.2,28,0.177744965
obj_04_dolphin,1.0,1,100,random48_2,0.4,48,0.00149108326
obj_04_dolphin,1.0,1,100,random48_2,0.6,48,0.00149108326
obj_04_dolphin,1.0,1,100,random48_2,0.8,48,0.00149108326
obj_04_dolphin,1.0,1,100,random48_3,0.1,14,0.146999531
obj_04_dolphin,1.0,1,100,random48_3,0.2,28,0.0808792072
obj_04_dolphin,1.0,1,100,random48_3,0.4,48,0.00149108326
obj_04_dolphin,1.0,1,100,random48_3,0.6,48,0.00149108326
obj_04_dolphin,1.0,1,100,random48_3,0.8,48,0.00149108326
obj_04_dolphin,1.0,1,100,random48_4,0.1,14,0.12424822
obj_04_dolphin,1.0,1,100,random48_4,0.2,28,0.29859881
obj_04_dolphin,1.0,1,100,random48_4,0.4,48,0.00149108326
obj_04_dolphin,1.0,1,100,random48_4,0.6,48,0.00149108326
obj_04_dolphin,1.0,1,100,random48_4,0.8,48,0.00149108326
obj_04_dolphin,1.0,2,10,random48_0,0.1,14,0.214601977
obj_04_dolphin,1.0,2,10,random48_0,0.2,28,0.182812695
obj_04_dolphin,1.0,2,10,random48_0,0.4,48,0.127139209
obj_04_dolphin,1.0,2,10,random48_0,0.6,48,0.127139209
obj_04_dolphin,1.0,2,10,random48_0,0.8,48,0.127139209
obj_04_dolphin,1.0,2,10,random48_1,0.1,14,0.160366461
obj_04_dolphin,1.0,2,10,random48_1,0.2,28,0.260216239
obj_04_dolphin,1.0,2,10,random48_1,0.4,48,0.127139209
obj_04_dolphin,1.0,2,10,random48_1,0.6,48,0.127139209
obj_04_dolphin,1.0,2,10,random48_1,0.8,48,0.127139209
obj_04_dolphin,1.0,2,10,random48_2,0.1,14,0.0736044172
obj_04_dolphin,1.0,2,10,random48_2,0.2,28,0.326547117
obj_04_dolphin,1.0,2,10,random48_2,0.4,48,0.127139209
obj_04_dolphin,1.0,2,10,random48_2,0.6,48,0.127139209
obj_04_dolphin,1.0,2,10,random48_2,0.8,48,0.127139209
obj_04_dolphin,1.0,2,10,random48_3,0.1,14,0.130207162
obj_04_dolphin,1.0,2,10,random48_3,0.2,28,0.15694035
obj_04_dolphin,1.0,2,10,random48_3,0.4,48,0.127139209
obj_04_dolphin,1.0,2,10,random48_3,0.6,48,0.127139209
obj_04_dolphin,1.0,2,10,random48_3,0.8,48,0.127139209
obj_04_dolphin,1.0,2,10,random48_4,0.1,14,0.501696826
obj_04_dolphin,1.0,2,10,random48_4,0.2,28,0.820201951
obj_04_dolphin,1.0,2,10,random48_4,0.4,48,0.127139209
obj_04_dolphin,1.0,2,10,random48_4,0.6,48,0.127139209
obj_04_dolphin,1.0,2,10,random48_4,0.8,48,0.127139209
obj_04_dolphin,1.0,2,100,random48_0,0.1,14,0.138996306
obj_04_dolphin,1.0,2,100,random48_0,0.2,28,0.112923772
obj_04_dolphin,1.0,2,100,random48_0,0.4,48,0.0198771505
obj_04_dolphin,1.0,2,100,random48_0,0.6,48,0.0198771505
obj_04_dolphin,1.0,2,100,random48_0,0.8,48,0.0198771505
obj_04_dolphin,1.0,2,100,random48_1,0.1,14,0.216242547
obj_04_dolphin,1.0,2,100,random48_1,0.2,28,0.126314341
obj_04_dolphin,1.0,2,100,random48_1,0.4,48,0.0198771505
obj_04_dolphin,1.0,2,100,random48_1,0.6,48,0.0198771505
obj_04_dolphin,1.0,2,100,random48_1,0.8,48,0.0198771505
obj_04_dolphin,1.0,2,100,random48_2,0.1,14,0.765989995
obj_04_dolphin,1.0,2,100,random48_2,0.2,28,0.811724816
obj_04_dolphin,1.0,2,100,random48_2,0.4,48,0.0198771505
obj_04_dolphin,1.0,2,100,random48_2,0.6,48,0.0198771505
obj_04_dolphin,1.0,2,100,random48_2,0.8,48,0.0198771505
obj_04_dolphin,1.0,2,100,random48_3,0.1,14,0.190942019
obj_04_dolphin,1.0,2,100,random48_3,0.2,28,0.304396117
obj_04_dolphin,1.0,2,100,random48_3,0.4,48,0.0198771505
obj_04_dolphin,1.0,2,100,random48_3,0.6,48,0.0198771505
obj_04_dolphin,1.0,2,100,random48_3,0.8,48,0.0198771505
obj_04_dolphin,1.0,2,100,random48_4,0.1,14,0.156024641
obj_04_dolphin,1.0,2,100,random48_4,0.2,28,0.467763177
obj_04_dolphin,1.0,2,100,random48_4,0.4,48,0.0198771505
obj_04_dolphin,1.0,2,100,random48_4,0.6,48,0.0198771505
obj_04_dolphin,1.0,2,100,random48_4,0.8,48,0.0198771505
obj_04_dolphin,1.0,3,10,random48_0,0.1,14,0.213159622
obj_04_dolphin,1.0,3,10,random48_0,0.2,28,0.254986124
obj_04_dolphin,1.0,3,10,random48_0,0.4,48,0.0794017041
obj_04_dolphin,1.0,3,10,random48_0,0.6,48,0.0794017041
obj_04_dolphin,1.0,3,10,random48_0,0.8,48,0.0794017041
obj_04_dolphin,1.0,3,10,random48_1,0.1,14,0.084444735
obj_04_dolphin,1.0,3,10,random48_1,0.2,28,0.283271116
obj_04_dolphin,1.0,3,10,random48_1,0.4,48,0.0794017041
obj_04_dolphin,1.0,3,10,random48_1,0.6,48,0.0794017041
obj_04_dolphin,1.0,3,10,random48_1,0.8,48,0.0794017041
obj_04_dolphin,1.0,3,10,random48_2,0.1,14,0.0379672487
obj_04_dolphin,1.0,3,10,random48_2,0.2,28,0.0475983884
obj_04_dolphin,1.0,3,10,random48_2,0.4,48,0.0794017041
obj_04_dolphin,1.0,3,10,random48_2,0.6,48,0.0794017041
obj_04_dolphin,1.0,3,10,random48_2,0.8,48,0.0794017041
obj_04_dolphin,1.0,3,10,random48_3,0.1,14,0.0746053835
obj_04_dolphin,1.0,3,10,random48_3,0.2,28,0.232325296
obj_04_dolphin,1.0,3,10,random48_3,0.4,48,0.0794017041
obj_04_dolphin,1.0,3,10,random48_3,0.6,48,0.0794017041
obj_04_dolphin,1.0,3,10,random48_3,0.8,48,0.0794017041
obj_04_dolphin,1.0,3,10,random48_4,0.1,14,0.0832992119
obj_04_dolphin,1.0,3,10,random48_4,0.2,28,0.711109311
obj_04_dolphin,1.0,3,10,random48_4,0.4,48,0.0794017041
obj_04_dolphin,1.0,3,10,random48_4,0.6,48,0.0794017041
obj_04_dolphin,1.0,3,10,random48_4,0.8,48,0.0794017041
obj_04_dolphin,1.0,3,100,random48_0,0.1,14,0.0770891128
obj_04_dolphin,1.0,3,100,random48_0,0.2,28,0.24632362
obj_04_dolphin,1.0,3,100,random48_0,0.4,48,0.0216686062
obj_04_dolphin,1.0,3,100,random48_0,0.6,48,0.0216686062
obj_04_dolphin,1.0,3,100,random48_0,0.8,48,0.0216686062
obj_04_dolphin,1.0,3,100,random48_1,0.1,14,0.0431120165
obj_04_dolphin,1.0,3,100,random48_1,0.2,28,0.0933463323
obj_04_dolphin,1.0,3,100,random48_1,0.4,48,0.0216686062
obj_04_dolphin,1.0,3,100,random48_1,0.6,48,0.0216686062
obj_04_dolphin,1.0,3,100,random48_1,0.8,48,0.0216686062
obj_04_dolphin,1.0,3,100,random48_2,0.1,14,0.0411273714
obj_04_dolphin,1.0,3,100,random48_2,0.2,28,0.156639935
obj_04_dolphin,1.0,3,100,random48_2,0.4,48,0.0216686062
obj_04_dolphin,1.0,3,100,random48_2,0.6,48,0.0216686062
obj_04_dolphin,1.0,3,100,random48_2,0.8,48,0.0216686062
obj_04_dolphin,1.0,3,100,random48_3,0.1,14,0.0846863025
obj_04_dolphin,1.0,3,100,random48_3,0.2,28,0.126690878
obj_04_dolphin,1.0,3,100,random48_3,0.4,48,0.0216686062
obj_04_dolphin,1.0,3,100,random48_3,0.6,48,0.0216686062
obj_04_dolphin,1.0,3,100,random48_3,0.8,48,0.0216686062
obj_04_dolphin,1.0,3,100,random48_4,0.1,14,0.0666808304
obj_04_dolphin,1.0,3,100,random48_4,0.2,28,0.42057407
obj_04_dolphin,1.0,3,100,random48_4,0.4,48,0.0216686062
obj_04_dolphin,1.0,3,100,random48_4,0.6,48,0.0216686062
obj_04_dolphin,1.0,3,100,random48_4,0.8,48,0.0216686062
obj_04_dolphin,1.0,4,10,random48_0,0.1,14,0.153908054
obj_04_dolphin,1.0,4,10,random48_0,0.2,28,0.194017507
obj_04_dolphin,1.0,4,10,random48_0,0.4,48,0.0534818907
obj_04_dolphin,1.0,4,10,random48_0,0.6,48,0.0534818907
obj_04_dolphin,1.0,4,10,random48_0,0.8,48,0.0534818907
obj_04_dolphin,1.0,4,10,random48_1,0.1,14,0.21728569
obj_04_dolphin,1.0,4,10,random48_1,0.2,28,0.171442392
obj_04_dolphin,1.0,4,10,random48_1,0.4,48,0.0534818907
obj_04_dolphin,1.0,4,10,random48_1,0.6,48,0.0534818907
obj_04_dolphin,1.0,4,10,random48_1,0.8,48,0.0534818907
obj_04_dolphin,1.0,4,10,random48_2,0.1,14,0.426754538
obj_04_dolphin,1.0,4,10,random48_2,0.2,28,0.486776691
obj_04_dolphin,1.0,4,10,random48_2,0.4,48,0.0534818907
obj_04_dolphin,1.0,4,10,random48_2,0.6,48,0.0534818907
obj_04_dolphin,1.0,4,10,random48_2,0.8,48,0.0534818907
obj_04_dolphin,1.0,4,10,random48_3,0.1,14,0.136502673
obj_04_dolphin,1.0,4,10,random48_3,0.2,28,0.159752179
obj_04_dolphin,1.0,4,10,random48_3,0.4,48,0.0534818907
obj_04_dolphin,1.0,4,10,random48_3,0.6,48,0.0534818907
obj_04_dolphin,1.0,4,10,random48_3,0.8,48,0.0534818907
obj_04_dolphin,1.0,4,10,random48_4,0.1,14,0.111004958
obj_04_dolphin,1.0,4,10,random48_4,0.2,28,0.675529304
obj_04_dolphin,1.0,4,10,random48_4,0.4,48,0.0534818907
obj_04_dolphin,1.0,4,10,random48_4,0.6,48,0.0534818907
obj_04_dolphin,1.0,4,10,random48_4,0.8,48,0.0534818907
obj_04_dolphin,1.0,4,100,random48_0,0.1,14,0.251310524
obj_04_dolphin,1.0,4,100,random48_0,0.2,28,0.315027149
obj_04_dolphin,1.0,4,100,random48_0,0.4,48,0.00335307752
obj_04_dolphin,1.0,4,100,random48_0,0.6,48,0.00335307752
obj_04_dolphin,1.0,4,100,random48_0,0.8,48,0.00335307752
obj_04_dolphin,1.0,4,100,random48_1,0.1,14,0.223248328
obj_04_dolphin,1.0,4,100,random48_1,0.2,28,0.218944313
obj_04_dolphin,1.0,4,100,random48_1,0.4,48,0.00335307752
obj_04_dolphin,1.0,4,100,random48_1,0.6,48,0.00335307752
obj_04_dolphin,1.0,4,100,random48_1,0.8,48,0.00335307752
obj_04_dolphin,1.0,4,100,random48_2,0.1,14,0.903049715
obj_04_dolphin,1.0,4,100,random48_2,0.2,28,1.54757143
obj_04_dolphin,1.0,4,100,random48_2,0.4,48,0.00335307752
obj_04_dolphin,1.0,4,100,random48_2,0.6,48,0.00335307752
obj_04_dolphin,1.0,4,100,random48_2,0.8,48,0.00335307752
obj_04_dolphin,1.0,4,100,random48_3,0.1,14,0.396301115
obj_04_dolphin,1.0,4,100,random48_3,0.2,28,0.0715896913
obj_04_dolphin,1.0,4,100,random48_3,0.4,48,0.00335307752
obj_04_dolphin,1.0,4,100,random48_3,0.6,48,0.00335307752
obj_04_dolphin,1.0,4,100,random48_3,0.8,48,0.00335307752
obj_04_dolphin,1.0,4,100,random48_4,0.1,14,0.880269224
obj_04_dolphin,1.0,4,100,random48_4,0.2,28,0.546065918
obj_04_dolphin,1.0,4,100,random48_4,0.4,48,0.00335307752
obj_04_dolphin,1.0,4,100,random48_4,0.6,48,0.00335307752
obj_04_dolphin,1.0,4,100,random48_4,0.8,48,0.00335307752
obj_04_dolphin,1.0,5,10,random48_0,0.1,14,0.220782456
obj_04_dolphin,1.0,5,10,random48_0,0.2,28,0.150703495
obj_04_dolphin,1.0,5,10,random48_0,0.4,48,0.0973417938
obj_04_dolphin,1.0,5,10,random48_0,0.6,48,0.0973417938
obj_04_dolphin,1.0,5,10,random48_0,0.8,48,0.0973417938
obj_04_dolphin,1.0,5,10,random48_1,0.1,14,0.0944946245
obj_04_dolphin,1.0,5,10,random48_1,0.2,28,0.13578557
obj_04_dolphin,1.0,5,10,random48_1,0.4,48,0.0973417938
obj_04_dolphin,1.0,5,10,random48_1,0.6,48,0.0973417938
obj_04_dolphin,1.0,5,10,random48_1,0.8,48,0.0973417938
obj_04_dolphin,1.0,5,10,random48_2,0.1,14,0.166917257
obj_04_dolphin,1.0,5,10,random48_2,0.2,28,0.17363166
obj_04_dolphin,1.0,5,10,random48_2,0.4,48,0.0973417938
obj_04_dolphin,1.0,5,10,random48_2,0.6,48,0.0973417938
obj_04_dolphin,1.0,5,10,random48_2,0.8,48,0.0973417938
obj_04_dolphin,1.0,5,10,random48_3,0.1,14,0.0978818597
obj_04_dolphin,1.0,5,10,random48_3,0.2,28,0.0130149869
obj_04_dolphin,1.0,5,10,random48_3,0.4,48,0.0973417938
obj_04_dolphin,1.0,5,10,random48_3,0.6,48,0.0973417938
obj_04_dolphin,1.0,5,10,random48_3,0.8,48,0.0973417938
obj_04_dolphin,1.0,5,10,random48_4,0.1,14,0.232159553
obj_04_dolphin,1.0,5,10,random48_4,0.2,28,0.242906427
obj_04_dolphin,1.0,5,10,random48_4,0.4,48,0.0973417938
obj_04_dolphin,1.0,5,10,random48_4,0.6,48,0.0973417938
obj_04_dolphin,1.0,5,10,random48_4,0.8,48,0.0973417938
obj_04_dolphin,1.0,5,100,random48_0,0.1,14,0.390958318
obj_04_dolphin,1.0,5,100,random48_0,0.2,28,0.458067493
obj_04_dolphin,1.0,5,100,random48_0,0.4,48,0.0138091429
obj_04_dolphin,1.0,5,100,random48_0,0.6,48,0.0138091429
obj_04_dolphin,1.0,5,100,random48_0,0.8,48,0.0138091429
obj_04_dolphin,1.0,5,100,random48_1,0.1,14,0.294824108
obj_04_dolphin,1.0,5,100,random48_1,0.2,28,0.431002745
obj_04_dolphin,1.0,5,100,random48_1,0.4,48,0.0138091429
obj_04_dolphin,1.0,5,100,random48_1,0.6,48,0.0138091429
obj_04_dolphin,1.0,5,100,random48_1,0.8,48,0.0138091429
obj_04_dolphin,1.0,5,100,random48_2,0.1,14,0.49600691
obj_04_dolphin,1.0,5,100,random48_2,0.2,28,0.740851501
obj_04_dolphin,1.0,5,100,random48_2,0.4,48,0.0138091429
obj_04_dolphin,1.0,5,100,random48_2,0.6,48,0.0138091429
obj_04_dolphin,1.0,5,100,random48_2,0.8,48,0.0138091429
obj_04_dolphin,1.0,5,100,random48_3,0.1,14,0.101654804
obj_04_dolphin,1.0,5,100,random48_3,0.2,28,0.18299086
obj_04_dolphin,1.0,5,100,random48_3,0.4,48,0.0138091429
obj_04_dolphin,1.0,5,100,random48_3,0.6,48,0.0138091429
obj_04_dolphin,1.0,5,100,random48_3,0.8,48,0.0138091429
obj_04_dolphin,1.0,5,100,random48_4,0.1,14,0.199954353
obj_04_dolphin,1.0,5,100,random48_4,0.2,28,0.337321537
obj_04_dolphin,1.0,5,100,random48_4,0.4,48,0.0138091429
obj_04_dolphin,1.0,5,100,random48_4,0.6,48,0.0138091429
obj_04_dolphin,1.0,5,100,random48_4,0.8,48,0.0138091429
obj_04_dolphin,1.0,6,10,random48_0,0.1,14,0.232129349
obj_04_dolphin,1.0,6,10,random48_0,0.2,28,0.406769711
obj_04_dolphin,1.0,6,10,random48_0,0.4,48,0.0604351505
obj_04_dolphin,1.0,6,10,random48_0,0.6,48,0.0604351505
obj_04_dolphin,1.0,6,10,random48_0,0.8,48,0.0604351505
obj_04_dolphin,1.0,6,10,random48_1,0.1,14,0.108291353
obj_04_dolphin,1.0,6,10,random48_1,0.2,28,0.397472565
obj_04_dolphin,1.0,6,10,random48_1,0.4,48,0.0604351505
obj_04_dolphin,1.0,6,10,random48_1,0.6,48,0.0604351505
obj_04_dolphin,1.0,6,10,random48_1,0.8,48,0.0604351505
obj_04_dolphin,1.0,6,10,random48_2,0.1,14,0.0822445907
obj_04_dolphin,1.0,6,10,random48_2,0.2,28,0.307137268
obj_04_dolphin,1.0,6,10,random48_2,0.4,48,0.0604351505
obj_04_dolphin,1.0,6,10,random48_2,0.6,48,0.0604351505
obj_04_dolphin,1.0,6,10,random48_2,0.8,48,0.0604351505
obj_04_dolphin,1.0,6,10,random48_3,0.1,14,0.146174662
obj_04_dolphin,1.0,6,10,random48_3,0.2,28,0.545974102
obj_04_dolphin,1.0,6,10,random48_3,0.4,48,0.0604351505
obj_04_dolphin,1.0,6,10,random48_3,0.6,48,0.0604351505
obj_04_dolphin,1.0,6,10,random48_3,0.8,48,0.0604351505
obj_04_dolphin,1.0,6,10,random48_4,0.1,14,0.11338565
obj_04_dolphin,1.0,6,10,random48_4,0.2,28,0.152814046
obj_04_dolphin,1.0,6,10,random48_4,0.4,48,0.0604351505
obj_04_dolphin,1.0,6,10,random48_4,0.6,48,0.0604351505
obj_04_dolphin,1.0,6,10,random48_4,0.8,48,0.0604351505
obj_04_dolphin,1.0,6,100,random48_0,0.1,14,0.239022546
obj_04_dolphin,1.0,6,100,random48_0,0.2,28,0.266587178
obj_04_dolphin,1.0,6,100,random48_0,0.4,48,0.00685258716
obj_04_dolphin,1.0,6,100,random48_0,0.6,48,0.00685258716
obj_04_dolphin,1.0,6,100,random48_0,0.8,48,0.00685258716
obj_04_dolphin,1.0,6,100,random48_1,0.1,14,0.198344046
obj_04_dolphin,1.0,6,100,random48_1,0.2,28,0.285926579
obj_04_dolphin,1.0,6,100,random48_1,0.4,48,0.00685258716
obj_04_dolphin,1.0,6,100,random48_1,0.6,48,0.00685258716
obj_04_dolphin,1.0,6,100,random48_1,0.8,48,0.00685258716
obj_04_dolphin,1.0,6,100,random48_2,0.1,14,0.203064812
obj_04_dolphin,1.0,6,100,random48_2,0.2,28,0.0164411057
obj_04_dolphin,1.0,6,100,random48_2,0.4,48,0.00685258716
obj_04_dolphin,1.0,6,100,random48_2,0.6,48,0.00685258716
obj_04_dolphin,1.0,6,100,random48_2,0.8,48,0.00685258716
obj_04_dolphin,1.0,6,100,random48_3,0.1,14,0.258844568
obj_04_dolphin,1.0,6,100,random48_3,0.2,28,0.421472353
obj_04_dolphin,1.0,6,100,random48_3,0.4,48,0.00685258716
obj_04_dolphin,1.0,6,100,random48_3,0.6,48,0.00685258716
obj_04_dolphin,1.0,6,100,random48_3,0.8,48,0.00685258716
obj_04_dolphin,1.0,6,100,random48_4,0.1,14,0.137943139
obj_04_dolphin,1.0,6,100,random48_4,0.2,28,0.409428707
obj_04_dolphin,1.0,6,100,random48_4,0.4,48,0.00685258716
obj_04_dolphin,1.0,6,100,random48_4,0.6,48,0.00685258716
obj_04_dolphin,1.0,6,100,random48_4,0.8,48,0.00685258716
obj_04_dolphin,1.0,7,10,random48_0,0.1,14,0.59105826
obj_04_dolphin,1.0,7,10,random48_0,0.2,28,0.200678941
obj_04_dolphin,1.0,7,10,random48_0,0.4,48,0.0386109068
obj_04_dolphin,1.0,7,10,random48_0,0.6,48,0.0386109068
obj_04_dolphin,1.0,7,10,random48_0,0.8,48,0.0386109068
obj_04_dolphin,1.0,7,10,random48_1,0.1,14,0.160148086
obj_04_dolphin,1.0,7,10,random48_1,0.2,28,0.785151794
obj_04_dolphin,1.0,7,10,random48_1,0.4,48,0.0386109068
obj_04_dolphin,1.0,7,10,random48_1,0.6,48,0.0386109068
obj_04_dolphin,1.0,7,10,random48_1,0.8,48,0.0386109068
obj_04_dolphin,1.0,7,10,random48_2,0.1,14,0.185681503
obj_04_dolphin,1.0,7,10,random48_2,0.2,28,0.230359849
obj_04_dolphin,1.0,7,10,random48_2,0.4,48,0.0386109068
obj_04_dolphin,1.0,7,10,random48_2,0.6,48,0.0386109068
obj_04_dolphin,1.0,7,10,random48_2,0.8,48,0.0386109068
obj_04_dolphin,1.0,7,10,random48_3,0.1,14,0.113785367
obj_04_dolphin,1.0,7,10,random48_3,0.2,28,0.121665665
obj_04_dolphin,1.0,7,10,random48_3,0.4,48,0.0386109068
obj_04_dolphin,1.0,7,10,random48_3,0.6,48,0.0386109068
obj_04_dolphin,1.0,7,10,random48_3,0.8,48,0.0386109068
obj_04_dolphin,1.0,7,10,random48_4,0.1,14,0.132743137
obj_04_dolphin,1.0,7,10,random48_4,0.2,28,0.229717393
obj_04_dolphin,1.0,7,10,random48_4,0.4,48,0.0386109068
obj_04_dolphin,1.0,7,10,random48_4,0.6,48,0.0386109068
obj_04_dolphin,1.0,7,10,random48_4,0.8,48,0.0386109068
obj_04_dolphin,1.0,7,100,random48_0,0.1,14,0.543537732
obj_04_dolphin,1.0,7,100,random48_0,0.2,28,0.293000915
obj_04_dolphin,1.0,7,100,random48_0,0.4,48,0.00326430603
obj_04_dolphin,1.0,7,100,random48_0,0.6,48,0.00326430603
obj_04_dolphin,1.0,7,100,random48_0,0.8,48,0.00326430603
obj_04_dolphin,1.0,7,100,random48_1,0.1,14,0.130231751
obj_04_dolphin,1.0,7,100,random48_1,0.2,28,0.174050356
obj_04_dolphin,1.0,7,100,random48_1,0.4,48,0.00326430603
obj_04_dolphin,1.0,7,100,random48_1,0.6,48,0.00326430603
obj_04_dolphin,1.0,7,100,random48_1,0.8,48,0.00326430603
obj_04_dolphin,1.0,7,100,random48_2,0.1,14,0.233450024
obj_04_dolphin,1.0,7,100,random48_2,0.2,28,0.661637427
obj_04_dolphin,1.0,7,100,random48_2,0.4,48,0.00326430603
obj_04_dolphin,1.0,7,100,random48_2,0.6,48,0.00326430603
obj_04_dolphin,1.0,7,100,random48_2,0.8,48,0.00326430603
obj_04_dolphin,1.0,7,100,random48_3,0.1,14,0.537313886
obj_04_dolphin,1.0,7,100,random48_3,0.2,28,0.471072119
obj_04_dolphin,1.0,7,100,random48_3,0.4,48,0.00326430603
obj_04_dolphin,1.0,7,100,random48_3,0.6,48,0.00326430603
obj_04_dolphin,1.0,7,100,random48_3,0.8,48,0.00326430603
obj_04_dolphin,1.0,7,100,random48_4,0.1,14,0.320687172
obj_04_dolphin,1.0,7,100,random48_4,0.2,28,0.324610878
obj_04_dolphin,1.0,7,100,random48_4,0.4,48,0.00326430603
obj_04_dolphin,1.0,7,100,random48_4,0.6,48,0.00326430603
obj_04_dolphin,1.0,7,100,random48_4,0.8,48,0.00326430603
obj_04_dolphin,1.0,8,10,random48_0,0.1,14,0.484688137
obj_04_dolphin,1.0,8,10,random48_0,0.2,28,0.560545169
obj_04_dolphin,1.0,8,10,random48_0,0.4,48,0.0188184245
obj_04_dolphin,1.0,8,10,random48_0,0.6,48,0.0188184245
obj_04_dolphin,1.0,8,10,random48_0,0.8,48,0.0188184245
obj_04_dolphin,1.0,8,10,random48_1,0.1,14,0.107212208
obj_04_dolphin,1.0,8,10,random48_1,0.2,28,0.131060037
obj_04_dolphin,1.0,8,10,random48_1,0.4,48,0.0188184245
obj_04_dolphin,1.0,8,10,random48_1,0.6,48,0.0188184245
obj_04_dolphin,1.0,8,10,random48_1,0.8,48,0.0188184245
obj_04_dolphin,1.0,8,10,random48_2,0.1,14,0.514263334
obj_04_dolphin,1.0,8,10,random48_2,0.2,28,0.590678729
obj_04_dolphin,1.0,8,10,random48_2,0.4,48,0.0188184245
obj_04_dolphin,1.0,8,10,random48_2,0.6,48,0.0188184245
obj_04_dolphin,1.0,8,10,random48_2,0.8,48,0.0188184245
obj_04_dolphin,1.0,8,10,random48_3,0.1,14,0.540194591
obj_04_dolphin,1.0,8,10,random48_3,0.2,28,0.595692669
obj_04_dolphin,1.0,8,10,random48_3,0.4,48,0.0188184245
obj_04_dolphin,1.0,8,10,random48_3,0.6,48,0.0188184245
obj_04_dolphin,1.0,8,10,random48_3,0.8,48,0.0188184245
obj_04_dolphin,1.0,8,10,random48_4,0.1,14,0.532753322
obj_04_dolphin,1.0,8,10,random48_4,0.2,28,0.69601708
obj_04_dolphin,1.0,8,10,random48_4,0.4,48,0.0188184245
obj_04_dolphin,1.0,8,10,random48_4,0.6,48,0.0188184245
obj_04_dolphin,1.0,8,10,random48_4,0.8,48,0.0188184245
obj_04_dolphin,1.0,8,100,random48_0,0.1,14,0.25045122
obj_04_dolphin,1.0,8,100,random48_0,0.2,28,0.167696582
obj_04_dolphin,1.0,8,100,random48_0,0.4,48,0.00119792267
obj_04_dolphin,1.0,8,100,random48_0,0.6,48,0.00119792267
obj_04_dolphin,1.0,8,100,random48_0,0.8,48,0.00119792267
obj_04_dolphin,1.0,8,100,random48_1,0.1,14,0.296362749
obj_04_dolphin,1.0,8,100,random48_1,0.2,28,0.365206749
obj_04_dolphin,1.0,8,100,random48_1,0.4,48,0.00119792267
obj_04_dolphin,1.0,8,100,random48_1,0.6,48,0.00119792267
obj_04_dolphin,1.0,8,100,random48_1,0.8,48,0.00119792267
obj_04_dolphin,1.0,8,100,random48_2,0.1,14,0.311107495
obj_04_dolphin,1.0,8,100,random48_2,0.2,28,0.470580761
obj_04_dolphin,1.0,8,100,random48_2,0.4,48,0.00119792267
obj_04_dolphin,1.0,8,100,random48_2,0.6,48,0.00119792267
obj_04_dolphin,1.0,8,100,random48_2,0.8,48,0.00119792267
obj_04_dolphin,1.0,8,100,random48_3,0.1,14,0.110668232
obj_04_dolphin,1.0,8,100,random48_3,0.2,28,0.205347619
obj_04_dolphin,1.0,8,100,random48_3,0.4,48,0.00119792267
obj_04_dolphin,1.0,8,100,random48_3,0.6,48,0.00119792267
obj_04_dolphin,1.0,8,100,random48_3,0.8,48,0.00119792267
obj_04_dolphin,1.0,8,100,random48_4,0.1,14,0.123784833
obj_04_dolphin,1.0,8,100,random48_4,0.2,28,1.06707231
obj_04_dolphin,1.0,8,100,random48_4,0.4,48,0.00119792267
obj_04_dolphin,1.0,8,100,random48_4,0.6,48,0.00119792267
obj_04_dolphin,1.0,8,100,random48_4,0.8,48,0.00119792267
obj_04_dolphin,1.0,9,10,random48_0,0.1,14,0.533420849
obj_04_dolphin,1.0,9,10,random48_0,0.2,28,0.772093934
obj_04_dolphin,1.0,9,10,random48_0,0.4,48,0.0732656654
obj_04_dolphin,1.0,9,10,random48_0,0.6,48,0.0732656654
obj_04_dolphin,1.0,9,10,random48_0,0.8,48,0.0732656654
obj_04_dolphin,1.0,9,10,random48_1,0.1,14,0.541843618
obj_04_dolphin,1.0,9,10,random48_1,0.2,28,0.652875968
obj_04_dolphin,1.0,9,10,random48_1,0.4,48,0.0732656654
obj_04_dolphin,1.0,9,10,random48_1,0.6,48,0.0732656654
obj_04_dolphin,1.0,9,10,random48_1,0.8,48,0.0732656654
obj_04_dolphin,1.0,9,10,random48_2,0.1,14,1.07368848
obj_04_dolphin,1.0,9,10,random48_2,0.2,28,0.139641024
obj_04_dolphin,1.0,9,10,random48_2,0.4,48,0.0732656654
obj_04_dolphin,1.0,9,10,random48_2,0.6,48,0.0732656654
obj_04_dolphin,1.0,9,10,random48_2,0.8,48,0.0732656654
obj_04_dolphin,1.0,9,10,random48_3,0.1,14,0.489177794
obj_04_dolphin,1.0,9,10,random48_3,0.2,28,0.437060499
obj_04_dolphin,1.0,9,10,random48_3,0.4,48,0.0732656654
obj_04_dolphin,1.0,9,10,random48_3,0.6,48,0.0732656654
obj_04_dolphin,1.0,9,10,random48_3,0.8,48,0.0732656654
obj_04_dolphin,1.0,9,10,random48_4,0.1,14,0.689026331
obj_04_dolphin,1.0,9,10,random48_4,0.2,28,0.691495564
obj_04_dolphin,1.0,9,10,random48_4,0.4,48,0.0732656654
obj_04_dolphin,1.0,9,10,random48_4,0.6,48,0.0732656654
obj_04_dolphin,1.0,9,10,random48_4,0.8,48,0.0732656654
obj_04_dolphin,1.0,9,100,random48_0,0.1,14,0.906565765
obj_04_dolphin,1.0,9,100,random48_0,0.2,28,0.654146097
obj_04_dolphin,1.0,9,100,random48_0,0.4,48,0.00396712508
obj_04_dolphin,1.0,9,100,random48_0,0.6,48,0.00396712508
obj_04_dolphin,1.0,9,100,random48_0,0.8,48,0.00396712508
obj_04_dolphin,1.0,9,100,random48_1,0.1,14,0.513574268
obj_04_dolphin,1.0,9,100,random48_1,0.2,28,0.531719294
obj_04_dolphin,1.0,9,100,random48_1,0.4,48,0.00396712508
obj_04_dolphin,1.0,9,100,random48_1,0.6,48,0.00396712508
obj_04_dolphin,1.0,9,100,random48_1,0.8,48,0.00396712508
obj_04_dolphin,1.0,9,100,random48_2,0.1,14,0.732754269
obj_04_dolphin,1.0,9,100,random48_2,0.2,28,1.16875596
obj_04_dolphin,1.0,9,100,random48_2,0.4,48,0.00396712508
obj_04_dolphin,1.0,9,100,random48_2,0.6,48,0.00396712508
obj_04_dolphin,1.0,9,100,random48_2,0.8,48,0.00396712508
obj_04_dolphin,1.0,9,100,random48_3,0.1,14,0.588252264
obj_04_dolphin,1.0,9,100,random48_3,0.2,28,0.535394463
obj_04_dolphin,1.0,9,100,random48_3,0.4,48,0.00396712508
obj_04_dolphin,1.0,9,100,random48_3,0.6,48,0.00396712508
obj_04_dolphin,1.0,9,100,random48_3,0.8,48,0.00396712508
obj_04_dolphin,1.0,9,100,random48_4,0.1,14,0.586566061
obj_04_dolphin,1.0,9,100,random48_4,0.2,28,0.388698885
obj_04_dolphin,1.0,9,100,random48_4,0.4,48,0.00396712508
obj_04_dolphin,1.0,9,100,random48_4,0.6,48,0.00396712508
obj_04_dolphin,1.0,9,100,random48_4,0.8,48,0.00396712508
obj_07_pumpkin2,0.2,0,10,random48_0,0.1,14,0.0255036799
obj_07_pumpkin2,0.2,0,10,random48_0,0.2,28,0.0277289623
obj_07_pumpkin2,0.2,0,10,random48_0,0.4,48,0.00393794205
obj_07_pumpkin2,0.2,0,10,random48_0,0.6,48,0.00393794205
obj_07_pumpkin2,0.2,0,10,random48_0,0.8,48,0.00393794205
obj_07_pumpkin2,0.2,0,10,random48_1,0.1,14,0.0238885607
obj_07_pumpkin2,0.2,0,10,random48_1,0.2,28,0.0291031864
obj_07_pumpkin2,0.2,0,10,random48_1,0.4,48,0.00393794205
obj_07_pumpkin2,0.2,0,10,random48_1,0.6,48,0.00393794205
obj_07_pumpkin2,0.2,0,10,random48_1,0.8,48,0.00393794205
obj_07_pumpkin2,0.2,0,10,random48_2,0.1,14,0.020182245
obj_07_pumpkin2,0.2,0,10,random48_2,0.2,28,0.00623567956
obj_07_pumpkin2,0.2,0,10,random48_2,0.4,48,0.00393794205
obj_07_pumpkin2,0.2,0,10,random48_2,0.6,48,0.00393794205
obj_07_pumpkin2,0.2,0,10,random48_2,0.8,48,0.00393794205
obj_07_pumpkin2,0.2,0,10,random48_3,0.1,14,0.0271778042
obj_07_pumpkin2,0.2,0,10,random48_3,0.2,28,0.00423182899
obj_07_pumpkin2,0.2,0,10,random48_3,0.4,48,0.00393794205
obj_07_pumpkin2,0.2,0,10,random48_3,0.6,48,0.00393794205
obj_07_pumpkin2,0.2,0,10,random48_3,0.8,48,0.00393794205
obj_07_pumpkin2,0.2,0,10,random48_4,0.1,14,0.0407233284
obj_07_pumpkin2,0.2,0,10,random48_4,0.2,28,0.0147510867
obj_07_pumpkin2,0.2,0,10,random48_4,0.4,48,0.00393794205
obj_07_pumpkin2,0.2,0,10,random48_4,0.6,48,0.00393794205
obj_07_pumpkin2,0.2,0,10,random48_4,0.8,48,0.00393794205
obj_07_pumpkin2,0.2,0,100,random48_0,0.1,14,0.0276257771
obj_07_pumpkin2,0.2,0,100,random48_0,0.2,28,0.0185478
obj_07_pumpkin2,0.2,0,100,random48_0,0.4,48,0.00034961238
obj_07_pumpkin2,0.2,0,100,random48_0,0.6,48,0.00034961238
obj_07_pumpkin2,0.2,0,100,random48_0,0.8,48,0.00034961238
obj_07_pumpkin2,0.2,0,100,random48_1,0.1,14,0.0440121481
obj_07_pumpkin2,0.2,0,100,random48_1,0.2,28,0.0299640676
obj_07_pumpkin2,0.2,0,100,random48_1,0.4,48,0.00034961238
obj_07_pumpkin2,0.2,0,100,random48_1,0.6,48,0.00034961238
obj_07_pumpkin2,0.2,0,100,random48_1,0.8,48,0.00034961238
obj_07_pumpkin2,0.2,0,100,random48_2,0.1,14,0.0399887101
obj_07_pumpkin2,0.2,0,100,random48_2,0.2,28,0.0118144779
obj_07_pumpkin2,0.2,0,100,random48_2,0.4,48,0.00034961238
obj_07_pumpkin2,0.2,0,100,random48_2,0.6,48,0.00034961238
obj_07_pumpkin2,0.2,0,100,random48_2,0.8,48,0.00034961238
obj_07_pumpkin2,0.2,0,100,random48_3,0.1,14,0.0243698997
obj_07_pumpkin2,0.2,0,100,random48_3,0.2,28,0.0134992403
obj_07_pumpkin2,0.2,0,100,random48_3,0.4,48,0.00034961238
obj_07_pumpkin2,0.2,0,100,random48_3,0.6,48,0.00034961238
obj_07_pumpkin2,0.2,0,100,random48_3,0.8,48,0.00034961238
obj_07_pumpkin2,0.2,0,100,random48_4,0.1,14,0.0228061511
obj_07_pumpkin2,0.2,0,100,random48_4,0.2,28,0.0162271146
obj_07_pumpkin2,0.2,0,100,random48_4,0.4,48,0.00034961238
obj_07_pumpkin2,0.2,0,100,random48_4,0.6,48,0.00034961238
obj_07_pumpkin2,0.2,0,100,random48_4,0.8,48,0.00034961238
obj_07_pumpkin2,0.2,1,10,random48_0,0.1,14,0.0152552863
obj_07_pumpkin2,0.2,1,10,random48_0,0.2,28,0.0120250719
obj_07_pumpkin2,0.2,1,10,random48_0,0.4,48,0.00127485557
obj_07_pumpkin2,0.2,1,10,random48_0,0.6,48,0.00127485557
obj_07_pumpkin2,0.2,1,10,random48_0,0.8,48,0.00127485557
obj_07_pumpkin2,0.2,1,10,random48_1,0.1,14,0.00216664129
obj_07_pumpkin2,0.2,1,10,random48_1,0.2,28,0.00684311683
obj_07_pumpkin2,0.2,1,10,random48_1,0.4,48,0.00127485557
obj_07_pumpkin2,0.2,1,10,random48_1,0.6,48,0.00127485557
obj_07_pumpkin2,0.2,1,10,random48_1,0.8,48,0.00127485557
obj_07_pumpkin2,0.2,1,10,random48_2,0.1,14,0.00667452123
obj_07_pumpkin2,0.2,1,10,random48_2,0.2,28,0.00745632335
obj_07_pumpkin2,0.2,1,10,random48_2,0.4,48,0.00127485557
obj_07_pumpkin2,0.2,1,10,random48_2,0.6,48,0.00127485557
obj_07_pumpkin2,0.2,1,10,random48_2,0.8,48,0.00127485557
obj_07_pumpkin2,0.2,1,10,random48_3,0.1,14,0.00739249668
obj_07_pumpkin2,0.2,1,10,random48_3,0.2,28,0.00343949199
obj_07_pumpkin2,0.2,1,10,random48_3,0.4,48,0.00127485557
obj_07_pumpkin2,0.2,1,10,random48_3,0.6,48,0.00127485557
obj_07_pumpkin2,0.2,1,10,random48_3,0.8,48,0.00127485557
obj_07_pumpkin2,0.2,1,10,random48_4,0.1,14,0.00561013152
obj_07_pumpkin2,0.2,1,10,random48_4,0.2,28,0.00938589303
obj_07_pumpkin2,0.2,1,10,random48_4,0.4,48,0.00127485557
obj_07_pumpkin2,0.2,1,10,random48_4,0.6,48,0.00127485557
obj_07_pumpkin2,0.2,1,10,random48_4,0.8,48,0.00127485557
obj_07_pumpkin2,0.2,1,100,random48_0,0.1,14,0.0079580212
obj_07_pumpkin2,0.2,1,100,random48_0,0.2,28,0.0111548795
obj_07_pumpkin2,0.2,1,100,random48_0,0.4,48,0.00012875911
obj_07_pumpkin2,0.2,1,100,random48_0,0.6,48,0.00012875911
obj_07_pumpkin2,0.2,1,100,random48_0,0.8,48,0.00012875911
obj_07_pumpkin2,0.2,1,100,random48_1,0.1,14,0.00894147783
obj_07_pumpkin2,0.2,1,100,random48_1,0.2,28,0.0218345009
obj_07_pumpkin2,0.2,1,100,random48_1,0.4,48,0.00012875911
obj_07_pumpkin2,0.2,1,100,random48_1,0.6,48,0.00012875911
obj_07_pumpkin2,0.2,1,100,random48_1,0.8,48,0.00012875911
obj_07_pumpkin2,0.2,1,100,random48_2,0.1,14,0.00273682158
obj_07_pumpkin2,0.2,1,100,random48_2,0.2,28,0.00268930525
obj_07_pumpkin2,0.2,1,100,random48_2,0.4,48,0.00012875911
obj_07_pumpkin2,0.2,1,100,random48_2,0.6,48,0.00012875911
obj_07_pumpkin2,0.2,1,100,random48_2,0.8,48,0.00012875911
obj_07_pumpkin2,0.2,1,100,random48_3,0.1,14,0.0447995834
obj_07_pumpkin2,0.2,1,100,random48_3,0.2,28,0.00593068682
obj_07_pumpkin2,0.2,1,100,random48_3,0.4,48,0.00012875911
obj_07_pumpkin2,0.2,1,100,random48_3,0.6,48,0.00012875911
obj_07_pumpkin2,0.2,1,100,random48_3,0.8,48,0.00012875911
obj_07_pumpkin2,0.2,1,100,random48_4,0.1,14,0.0223183575
obj_07_pumpkin2,0.2,1,100,random48_4,0.2,28,0.0215585906
obj_07_pumpkin2,0.2,1,100,random48_4,0.4,48,0.00012875911
obj_07_pumpkin2,0.2,1,100,random48_4,0.6,48,0.00012875911
obj_07_pumpkin2,0.2,1,100,random48_4,0.8,48,0.00012875911
obj_07_pumpkin2,0.2,2,10,random48_0,0.1,14,0.0310413638
obj_07_pumpkin2,0.2,2,10,random48_0,0.2,28,0.0066700224
obj_07_pumpkin2,0.2,2,10,random48_0,0.4,48,0.00257202672
obj_07_pumpkin2,0.2,2,10,random48_0,0.6,48,0.00257202672
obj_07_pumpkin2,0.2,2,10,random48_0,0.8,48,0.00257202672
obj_07_pumpkin2,0.2,2,10,random48_1,0.1,14,0.0521463912
obj_07_pumpkin2,0.2,2,10,random48_1,0.2,28,0.00748603692
obj_07_pumpkin2,0.2,2,10,random48_1,0.4,48,0.00257202672
obj_07_pumpkin2,0.2,2,10,random48_1,0.6,48,0.00257202672
obj_07_pumpkin2,0.2,2,10,random48_1,0.8,48,0.00257202672
obj_07_pumpkin2,0.2,2,10,random48_2,0.1,14,0.00477026523
obj_07_pumpkin2,0.2,2,10,random48_2,0.2,28,0.0301519707
obj_07_pumpkin2,0.2,2,10,random48_2,0.4,48,0.00257202672
obj_07_pumpkin2,0.2,2,10,random48_2,0.6,48,0.00257202672
obj_07_pumpkin2,0.2,2,10,random48_2,0.8,48,0.00257202672
obj_07_pumpkin2,0.2,2,10,random48_3,0.1,14,0.0267059915
obj_07_pumpkin2,0.2,2,10,random48_3,0.2,28,0.040871665
obj_07_pumpkin2,0.2,2,10,random48_3,0.4,48,0.00257202672
obj_07_pumpkin2,0.2,2,10,random48_3,0.6,48,0.00257202672
obj_07_pumpkin2,0.2,2,10,random48_3,0.8,48,0.00257202672
obj_07_pumpkin2,0.2,2,10,random48_4,0.1,14,0.0129899283
obj_07_pumpkin2,0.2,2,10,random48_4,0.2,28,0.0115791276
obj_07_pumpkin2,0.2,2,10,random48_4,0.4,48,0.00257202672
obj_07_pumpkin2,0.2,2,10,random48_4,0.6,48,0.00257202672
obj_07_pumpkin2,0.2,2,10,random48_4,0.8,48,0.00257202672
obj_07_pumpkin2,0.2,2,100,random48_0,0.1,14,0.0252214389
obj_07_pumpkin2,0.2,2,100,random48_0,0.2,28,0.00567632454
obj_07_pumpkin2,0.2,2,100,random48_0,0.4,48,0.000238473377
obj_07_pumpkin2,0.2,2,100,random48_0,0.6,48,0.000238473377
obj_07_pumpkin2,0.2,2,100,random48_0,0.8,48,0.000238473377
obj_07_pumpkin2,0.2,2,100,random48_1,0.1,14,0.0550854965
obj_07_pumpkin2,0.2,2,100,random48_1,0.2,28,0.0441595205
obj_07_pumpkin2,0.2,2,100,random48_1,0.4,48,0.000238473377
obj_07_pumpkin2,0.2,2,100,random48_1,0.6,48,0.000238473377
obj_07_pumpkin2,0.2,2,100,random48_1,0.8,48,0.000238473377
obj_07_pumpkin2,0.2,2,100,random48_2,0.1,14,0.00151207785
obj_07_pumpkin2,0.2,2,100,random48_2,0.2,28,0.00528013943
obj_07_pumpkin2,0.2,2,100,random48_2,0.4,48,0.000238473377
obj_07_pumpkin2,0.2,2,100,random48_2,0.6,48,0.000238473377
obj_07_pumpkin2,0.2,2,100,random48_2,0.8,48,0.000238473377
obj_07_pumpkin2,0.2,2,100,random48_3,0.1,14,0.0566576642
obj_07_pumpkin2,0.2,2,100,random48_3,0.2,28,0.0115251776
obj_07_pumpkin2,0.2,2,100,random48_3,0.4,48,0.000238473377
obj_07_pumpkin2,0.2,2,100,random48_3,0.6,48,0.000238473377
obj_07_pumpkin2,0.2,2,100,random48_3,0.8,48,0.000238473377
obj_07_pumpkin2,0.2,2,100,random48_4,0.1,14,0.0230486819
obj_07_pumpkin2,0.2,2,100,random48_4,0.2,28,0.0212645721
obj_07_pumpkin2,0.2,2,100,random48_4,0.4,48,0.000238473377
obj_07_pumpkin2,0.2,2,100,random48_4,0.6,48,0.000238473377
obj_07_pumpkin2,0.2,2,100,random48_4,0.8,48,0.000238473377
obj_07_pumpkin2,0.2,3,10,random48_0,0.1,14,0.0515773694
obj_07_pumpkin2,0.2,3,10,random48_0,0.2,28,0.0386182354
obj_07_pumpkin2,0.2,3,10,random48_0,0.4,48,0.00566671399
obj_07_pumpkin2,0.2,3,10,random48_0,0.6,48,0.00566671399
obj_07_pumpkin2,0.2,3,10,random48_0,0.8,48,0.00566671399
obj_07_pumpkin2,0.2,3,10,random48_1,0.1,14,0.0215233978
obj_07_pumpkin2,0.2,3,10,random48_1,0.2,28,0.0142986123
obj_07_pumpkin2,0.2,3,10,random48_1,0.4,48,0.00566671399
obj_07_pumpkin2,0.2,3,10,random48_1,0.6,48,0.00566671399
obj_07_pumpkin2,0.2,3,10,random48_1,0.8,48,0.00566671399
obj_07_pumpkin2,0.2,3,10,random48_2,0.1,14,0.00444527419
obj_07_pumpkin2,0.2,3,10,random48_2,0.2,28,0.00369374886
obj_07_pumpkin2,0.2,3,10,random48_2,0.4,48,0.00566671399
obj_07_pumpkin2,0.2,3,10,random48_2,0.6,48,0.00566671399
obj_07_pumpkin2,0.2,3,10,random48_2,0.8,48,0.00566671399
obj_07_pumpkin2,0.2,3,10,random48_3,0.1,14,0.125878143
obj_07_pumpkin2,0.2,3,10,random48_3,0.2,28,0.0284365176
obj_07_pumpkin2,0.2,3,10,random48_3,0.4,48,0.00566671399
obj_07_pumpkin2,0.2,3,10,random48_3,0.6,48,0.00566671399
obj_07_pumpkin2,0.2,3,10,random48_3,0.8,48,0.00566671399
obj_07_pumpkin2,0.2,3,10,random48_4,0.1,14,0.129887992
obj_07_pumpkin2,0.2,3,10,random48_4,0.2,28,0.111443493
obj_07_pumpkin2,0.2,3,10,random48_4,0.4,48,0.00566671399
obj_07_pumpkin2,0.2,3,10,random48_4,0.6,48,0.00566671399
obj_07_pumpkin2,0.2,3,10,random48_4,0.8,48,0.00566671399
obj_07_pumpkin2,0.2,3,100,random48_0,0.1,14,0.0445177468
obj_07_pumpkin2,0.2,3,100,random48_0,0.2,28,0.0154165349
obj_07_pumpkin2,0.2,3,100,random48_0,0.4,48,0.000553089622
obj_07_pumpkin2,0.2,3,100,random48_0,0.6,48,0.000553089622
obj_07_pumpkin2,0.2,3,100,random48_0,0.8,48,0.000553089622
obj_07_pumpkin2,0.2,3,100,random48_1,0.1,14,0.043534887
obj_07_pumpkin2,0.2,3,100,random48_1,0.2,28,0.019170257
obj_07_pumpkin2,0.2,3,100,random48_1,0.4,48,0.000553089622
obj_07_pumpkin2,0.2,3,100,random48_1,0.6,48,0.000553089622
obj_07_pumpkin2,0.2,3,100,random48_1,0.8,48,0.000553089622
obj_07_pumpkin2,0.2,3,100,random48_2,0.1,14,0.0169585325
obj_07_pumpkin2,0.2,3,100,random48_2,0.2,28,0.0186937898
obj_07_pumpkin2,0.2,3,100,random48_2,0.4,48,0.000553089622
obj_07_pumpkin2,0.2,3,100,random48_2,0.6,48,0.000553089622
obj_07_pumpkin2,0.2,3,100,random48_2,0.8,48,0.000553089622
obj_07_pumpkin2,0.2,3,100,random48_3,0.1,14,0.126623321
obj_07_pumpkin2,0.2,3,100,random48_3,0.2,28,0.0151293842
obj_07_pumpkin2,0.2,3,100,random48_3,0.4,48,0.000553089622
obj_07_pumpkin2,0.2,3,100,random48_3,0.6,48,0.000553089622
obj_07_pumpkin2,0.2,3,100,random48_3,0.8,48,0.000553089622
obj_07_pumpkin2,0.2,3,100,random48_4,0.1,14,0.0459320034
obj_07_pumpkin2,0.2,3,100,random48_4,0.2,28,0.0463983641
obj_07_pumpkin2,0.2,3,100,random48_4,0.4,48,0.000553089622
obj_07_pumpkin2,0.2,3,100,random48_4,0.6,48,0.000553089622
obj_07_pumpkin2,0.2,3,100,random48_4,0.8,48,0.000553089622
obj_07_pumpkin2,0.2,4,10,random48_0,0.1,14,0.0820155346
obj_07_pumpkin2,0.2,4,10,random48_0,0.2,28,0.0753949123
obj_07_pumpkin2,0.2,4,10,random48_0,0.4,48,0.0108279398
obj_07_pumpkin2,0.2,4,10,random48_0,0.6,48,0.0108279398
obj_07_pumpkin2,0.2,4,10,random48_0,0.8,48,0.0108279398
obj_07_pumpkin2,0.2,4,10,random48_1,0.1,14,0.0663115291
obj_07_pumpkin2,0.2,4,10,random48_1,0.2,28,0.0285628436
obj_07_pumpkin2,0.2,4,10,random48_1,0.4,48,0.0108279398
obj_07_pumpkin2,0.2,4,10,random48_1,0.6,48,0.0108279398
obj_07_pumpkin2,0.2,4,10,random48_1,0.8,48,0.0108279398
obj_07_pumpkin2,0.2,4,10,random48_2,0.1,14,0.0529768773
obj_07_pumpkin2,0.2,4,10,random48_2,0.2,28,0.0518343415
obj_07_pumpkin2,0.2,4,10,random48_2,0.4,48,0.0108279398
obj_07_pumpkin2,0.2,4,10,random48_2,0.6,48,0.0108279398
obj_07_pumpkin2,0.2,4,10,random48_2,0.8,48,0.0108279398
obj_07_pumpkin2,0.2,4,10,random48_3,0.1,14,0.0713252427
obj_07_pumpkin2,0.2,4,10,random48_3,0.2,28,0.0438755565
obj_07_pumpkin2,0.2,4,10,random48_3,0.4,48,0.0108279398
obj_07_pumpkin2,0.2,4,10,random48_3,0.6,48,0.0108279398
obj_07_pumpkin2,0.2,4,10,random48_3,0.8,48,0.0108279398
obj_07_pumpkin2,0.2,4,10,random48_4,0.1,14,0.0454808373
obj_07_pumpkin2,0.2,4,10,random48_4,0.2,28,0.0368604758
obj_07_pumpkin2,0.2,4,10,random48_4,0.4,48,0.0108279398
obj_07_pumpkin2,0.2,4,10,random48_4,0.6,48,0.0108279398
obj_07_pumpkin2,0.2,4,10,random48_4,0.8,48,0.0108279398
obj_07_pumpkin2,0.2,4,100,random48_0,0.1,14,0.0889975456
obj_07_pumpkin2,0.2,4,100,random48_0,0.2,28,0.0323876975
obj_07_pumpkin2,0.2,4,100,random48_0,0.4,48,0.00106122712
obj_07_pumpkin2,0.2,4,100,random48_0,0.6,48,0.00106122712
obj_07_pumpkin2,0.2,4,100,random48_0,0.8,48,0.00106122712
obj_07_pumpkin2,0.2,4,100,random48_1,0.1,14,0.103695361
obj_07_pumpkin2,0.2,4,100,random48_1,0.2,28,0.0370733894
obj_07_pumpkin2,0.2,4,100,random48_1,0.4,48,0.00106122712
obj_07_pumpkin2,0.2,4,100,random48_1,0.6,48,0.00106122712
obj_07_pumpkin2,0.2,4,100,random48_1,0.8,48,0.00106122712
obj_07_pumpkin2,0.2,4,100,random48_2,0.1,14,0.0807777101
obj_07_pumpkin2,0.2,4,100,random48_2,0.2,28,0.0292620182
obj_07_pumpkin2,0.2,4,100,random48_2,0.4,48,0.00106122712
obj_07_pumpkin2,0.2,4,100,random48_2,0.6,48,0.00106122712
obj_07_pumpkin2,0.2,4,100,random48_2,0.8,48,0.00106122712
obj_07_pumpkin2,0.2,4,100,random48_3,0.1,14,0.0644941927
obj_07_pumpkin2,0.2,4,100,random48_3,0.2,28,0.0368109237
obj_07_pumpkin2,0.2,4,100,random48_3,0.4,48,0.00106122712
obj_07_pumpkin2,0.2,4,100,random48_3,0.6,48,0.00106122712
obj_07_pumpkin2,0.2,4,100,random48_3,0.8,48,0.00106122712
obj_07_pumpkin2,0.2,4,100,random48_4,0.1,14,0.112036858
obj_07_pumpkin2,0.2,4,100,random48_4,0.2,28,0.026448461
obj_07_pumpkin2,0.2,4,100,random48_4,0.4,48,0.00106122712
obj_07_pumpkin2,0.2,4,100,random48_4,0.6,48,0.00106122712
obj_07_pumpkin2,0.2,4,100,random48_4,0.8,48,0.00106122712
obj_07_pumpkin2,0.2,5,10,random48_0,0.1,14,0.0437783209
obj_07_pumpkin2,0.2,5,10,random48_0,0.2,28,0.0321627038
obj_07_pumpkin2,0.2,5,10,random48_0,0.4,48,0.00642001078
obj_07_pumpkin2,0.2,5,10,random48_0,0.6,48,0.00642001078
obj_07_pumpkin2,0.2,5,10,random48_0,0.8,48,0.00642001078
obj_07_pumpkin2,0.2,5,10,random48_1,0.1,14,0.0436732179
obj_07_pumpkin2,0.2,5,10,random48_1,0.2,28,0.0260875033
obj_07_pumpkin2,0.2,5,10,random48_1,0.4,48,0.00642001078
obj_07_pumpkin2,0.2,5,10,random48_1,0.6,48,0.00642001078
obj_07_pumpkin2,0.2,5,10,random48_1,0.8,48,0.00642001078
obj_07_pumpkin2,0.2,5,10,random48_2,0.1,14,0.0383355497
obj_07_pumpkin2,0.2,5,10,random48_2,0.2,28,0.025830586
obj_07_pumpkin2,0.2,5,10,random48_2,0.4,48,0.00642001078
obj_07_pumpkin2,0.2,5,10,random48_2,0.6,48,0.00642001078
obj_07_pumpkin2,0.2,5,10,random48_2,0.8,48,0.00642001078
obj_07_pumpkin2,0.2,5,10,random48_3,0.1,14,0.0408626426
obj_07_pumpkin2,0.2,5,10,random48_3,0.2,28,0.0314731368
obj_07_pumpkin2,0.2,5,10,random48_3,0.4,48,0.00642001078
obj_07_pumpkin2,0.2,5,10,random48_3,0.6,48,0.00642001078
obj_07_pumpkin2,0.2,5,10,random48_3,0.8,48,0.00642001078
obj_07_pumpkin2,0.2,5,10,random48_4,0.1,14,0.0460417692
obj_07_pumpkin2,0.2,5,10,random48_4,0.2,28,0.0184315859
obj_07_pumpkin2,0.2,5,10,random48_4,0.4,48,0.00642001078
obj_07_pumpkin2,0.2,5,10,random48_4,0.6,48,0.00642001078
obj_07_pumpkin2,0.2,5,10,random48_4,0.8,48,0.00642001078
obj_07_pumpkin2,0.2,5,100,random48_0,0.1,14,0.0247419115
obj_07_pumpkin2,0.2,5,100,random48_0,0.2,28,0.0189348783
obj_07_pumpkin2,0.2,5,100,random48_0,0.4,48,0.000670756875
obj_07_pumpkin2,0.2,5,100,random48_0,0.6,48,0.000670756875
obj_07_pumpkin2,0.2,5,100,random48_0,0.8,48,0.000670756875
obj_07_pumpkin2,0.2,5,100,random48_1,0.1,14,0.0754997732
obj_07_pumpkin2,0.2,5,100,random48_1,0.2,28,0.0312361786
obj_07_pumpkin2,0.2,5,100,random48_1,0.4,48,0.000670756875
obj_07_pumpkin2,0.2,5,100,random48_1,0.6,48,0.000670756875
obj_07_pumpkin2,0.2,5,100,random48_1,0.8,48,0.000670756875
obj_07_pumpkin2,0.2,5,100,random48_2,0.1,14,0.0429470758
obj_07_pumpkin2,0.2,5,100,random48_2,0.2,28,0.0242010103
obj_07_pumpkin2,0.2,5,100,random48_2,0.4,48,0.000670756875
obj_07_pumpkin2,0.2,5,100,random48_2,0.6,48,0.000670756875
obj_07_pumpkin2,0.2,5,100,random48_2,0.8,48,0.000670756875
obj_07_pumpkin2,0.2,5,100,random48_3,0.1,14,0.0396429467
obj_07_pumpkin2,0.2,5,100,random48_3,0.2,28,0.010408068
obj_07_pumpkin2,0.2,5,100,random48_3,0.4,48,0.000670756875
obj_07_pumpkin2,0.2,5,100,random48_3,0.6,48,0.000670756875
obj_07_pumpkin2,0.2,5,100,random48_3,0.8,48,0.000670756875
obj_07_pumpkin2,0.2,5,100,random48_4,0.1,14,0.0302240814
obj_07_pumpkin2,0.2,5,100,random48_4,0.2,28,0.027136866
obj_07_pumpkin2,0.2,5,100,random48_4,0.4,48,0.000670756875
obj_07_pumpkin2,0.2,5,100,random48_4,0.6,48,0.000670756875
obj_07_pumpkin2,0.2,5,100,random48_4,0.8,48,0.000670756875
obj_07_pumpkin2,0.2,6,10,random48_0,0.1,14,0.0401206181
obj_07_pumpkin2,0.2,6,10,random48_0,0.2,28,0.0190838571
obj_07_pumpkin2,0.2,6,10,random48_0,0.4,48,0.00309096141
obj_07_pumpkin2,0.2,6,10,random48_0,0.6,48,0.00309096141
obj_07_pumpkin2,0.2,6,10,random48_0,0.8,48,0.00309096141
obj_07_pumpkin2,0.2,6,10,random48_1,0.1,14,0.0297995269
obj_07_pumpkin2,0.2,6,10,random48_1,0.2,28,0.0132189341
obj_07_pumpkin2,0.2,6,10,random48_1,0.4,48,0.00309096141
obj_07_pumpkin2,0.2,6,10,random48_1,0.6,48,0.00309096141
obj_07_pumpkin2,0.2,6,10,random48_1,0.8,48,0.00309096141
obj_07_pumpkin2,0.2,6,10,random48_2,0.1,14,0.0279527143
obj_07_pumpkin2,0.2,6,10,random48_2,0.2,28,0.017479988
obj_07_pumpkin2,0.2,6,10,random48_2,0.4,48,0.00309096141
obj_07_pumpkin2,0.2,6,10,random48_2,0.6,48,0.00309096141
obj_07_pumpkin2,0.2,6,10,random48_2,0.8,48,0.00309096141
obj_07_pumpkin2,0.2,6,10,random48_3,0.1,14,0.0332556064
obj_07_pumpkin2,0.2,6,10,random48_3,0.2,28,0.016236043
obj_07_pumpkin2,0.2,6,10,random48_3,0.4,48,0.00309096141
obj_07_pumpkin2,0.2,6,10,random48_3,0.6,48,0.00309096141
obj_07_pumpkin2,0.2,6,10,random48_3,0.8,48,0.00309096141
obj_07_pumpkin2,0.2,6,10,random48_4,0.1,14,0.0375868358
obj_07_pumpkin2,0.2,6,10,random48_4,0.2,28,0.0205582865
obj_07_pumpkin2,0.2,6,10,random48_4,0.4,48,0.00309096141
obj_07_pumpkin2,0.2,6,10,random48_4,0.6,48,0.00309096141
obj_07_pumpkin2,0.2,6,10,random48_4,0.8,48,0.00309096141
obj_07_pumpkin2,0.2,6,100,random48_0,0.1,14,0.0162870087
obj_07_pumpkin2,0.2,6,100,random48_0,0.2,28,0.000845808306
obj_07_pumpkin2,0.2,6,100,random48_0,0.4,48,0.000306591218
obj_07_pumpkin2,0.2,6,100,random48_0,0.6,48,0.000306591218
obj_07_pumpkin2,0.2,6,100,random48_0,0.8,48,0.000306591218
obj_07_pumpkin2,0.2,6,100,random48_1,0.1,14,0.00977724182
obj_07_pumpkin2,0.2,6,100,random48_1,0.2,28,0.00215109875
obj_07_pumpkin2,0.2,6,100,random48_1,0.4,48,0.000306591218
obj_07_pumpkin2,0.2,6,100,random48_1,0.6,48,0.000306591218
obj_07_pumpkin2,0.2,6,100,random48_1,0.8,48,0.000306591218
obj_07_pumpkin2,0.2,6,100,random48_2,0.1,14,0.00743996533
obj_07_pumpkin2,0.2,6,100,random48_2,0.2,28,0.00766886364
obj_07_pumpkin2,0.2,6,100,random48_2,0.4,48,0.000306591218
obj_07_pumpkin2,0.2,6,100,random48_2,0.6,48,0.000306591218
obj_07_pumpkin2,0.2,6,100,random48_2,0.8,48,0.000306591218
obj_07_pumpkin2,0.2,6,100,random48_3,0.1,14,0.0186810063
obj_07_pumpkin2,0.2,6,100,random48_3,0.2,28,0.018144293
obj_07_pumpkin2,0.2,6,100,random48_3,0.4,48,0.000306591218
obj_07_pumpkin2,0.2,6,100,random48_3,0.6,48,0.000306591218
obj_07_pumpkin2,0.2,6,100,random48_3,0.8,48,0.000306591218
obj_07_pumpkin2,0.2,6,100,random48_4,0.1,14,0.0134755826
obj_07_pumpkin2,0.2,6,100,random48_4,0.2,28,0.00576632484
obj_07_pumpkin2,0.2,6,100,random48_4,0.4,48,0.000306591218
obj_07_pumpkin2,0.2,6,100,random48_4,0.6,48,0.000306591218
obj_07_pumpkin2,0.2,6,100,random48_4,0.8,48,0.000306591218
obj_07_pumpkin2,0.2,7,10,random48_0,0.1,14,0.0385521772
obj_07_pumpkin2,0.2,7,10,random48_0,0.2,28,0.0264719802
obj_07_pumpkin2,0.2,7,10,random48_0,0.4,48,0.00127146857
obj_07_pumpkin2,0.2,7,10,random48_0,0.6,48,0.00127146857
obj_07_pumpkin2,0.2,7,10,random48_0,0.8,48,0.00127146857
obj_07_pumpkin2,0.2,7,10,random48_1,0.1,14,0.0083428874
obj_07_pumpkin2,0.2,7,10,random48_1,0.2,28,0.00550817877
obj_07_pumpkin2,0.2,7,10,random48_1,0.4,48,0.00127146857
obj_07_pumpkin2,0.2,7,10,random48_1,0.6,48,0.00127146857
obj_07_pumpkin2,0.2,7,10,random48_1,0.8,48,0.00127146857
obj_07_pumpkin2,0.2,7,10,random48_2,0.1,14,0.0183903027
obj_07_pumpkin2,0.2,7,10,random48_2,0.2,28,0.0162946817
obj_07_pumpkin2,0.2,7,10,random48_2,0.4,48,0.00127146857
obj_07_pumpkin2,0.2,7,10,random48_2,0.6,48,0.00127146857
obj_07_pumpkin2,0.2,7,10,random48_2,0.8,48,0.00127146857
obj_07_pumpkin2,0.2,7,10,random48_3,0.1,14,0.0126799569
obj_07_pumpkin2,0.2,7,10,random48_3,0.2,28,0.00998410638
obj_07_pumpkin2,0.2,7,10,random48_3,0.4,48,0.00127146857
obj_07_pumpkin2,0.2,7,10,random48_3,0.6,48,0.00127146857
obj_07_pumpkin2,0.2,7,10,random48_3,0.8,48,0.00127146857
obj_07_pumpkin2,0.2,7,10,random48_4,0.1,14,0.00547870238
obj_07_pumpkin2,0.2,7,10,random48_4,0.2,28,0.0048428264
obj_07_pumpkin2,0.2,7,10,random48_4,0.4,48,0.00127146857
obj_07_pumpkin2,0.2,7,10,random48_4,0.6,48,0.00127146857
obj_07_pumpkin2,0.2,7,10,random48_4,0.8,48,0.00127146857
obj_07_pumpkin2,0.2,7,100,random48_0,0.1,14,0.00427571033
obj_07_pumpkin2,0.2,7,100,random48_0,0.2,28,0.0104299083
obj_07_pumpkin2,0.2,7,100,random48_0,0.4,48,0.000122397367
obj_07_pumpkin2,0.2,7,100,random48_0,0.6,48,0.000122397367
obj_07_pumpkin2,0.2,7,100,random48_0,0.8,48,0.000122397367
obj_07_pumpkin2,0.2,7,100,random48_1,0.1,14,0.0128357282
obj_07_pumpkin2,0.2,7,100,random48_1,0.2,28,0.00100766378
obj_07_pumpkin2,0.2,7,100,random48_1,0.4,48,0.000122397367
obj_07_pumpkin2,0.2,7,100,random48_1,0.6,48,0.000122397367
obj_07_pumpkin2,0.2,7,100,random48_1,0.8,48,0.000122397367
obj_07_pumpkin2,0.2,7,100,random48_2,0.1,14,0.00529618459
obj_07_pumpkin2,0.2,7,100,random48_2,0.2,28,0.00161962315
obj_07_pumpkin2,0.2,7,100,random48_2,0.4,48,0.000122397367
obj_07_pumpkin2,0.2,7,100,random48_2,0.6,48,0.000122397367
obj_07_pumpkin2,0.2,7,100,random48_2,0.8,48,0.000122397367
obj_07_pumpkin2,0.2,7,100,random48_3,0.1,14,0.00899516103
obj_07_pumpkin2,0.2,7,100,random48_3,0.2,28,0.00641875122
obj_07_pumpkin2,0.2,7,100,random48_3,0.4,48,0.000122397367
obj_07_pumpkin2,0.2,7,100,random48_3,0.6,48,0.000122397367
obj_07_pumpkin2,0.2,7,100,random48_3,0.8,48,0.000122397367
obj_07_pumpkin2,0.2,7,100,random48_4,0.1,14,0.0264574956
obj_07_pumpkin2,0.2,7,100,random48_4,0.2,28,0.0113536598
obj_07_pumpkin2,0.2,7,100,random48_4,0.4,48,0.000122397367
obj_07_pumpkin2,0.2,7,100,random48_4,0.6,48,0.000122397367
obj_07_pumpkin2,0.2,7,100,random48_4,0.8,48,0.000122397367
obj_07_pumpkin2,0.2,8,10,random48_0,0.1,14,0.0667539222
obj_07_pumpkin2,0.2,8,10,random48_0,0.2,28,0.0836190523
obj_07_pumpkin2,0.2,8,10,random48_0,0.4,48,0.00616246329
obj_07_pumpkin2,0.2,8,10,random48_0,0.6,48,0.00616246329
obj_07_pumpkin2,0.2,8,10,random48_0,0.8,48,0.00616246329
obj_07_pumpkin2,0.2,8,10,random48_1,0.1,14,0.0320454988
obj_07_pumpkin2,0.2,8,10,random48_1,0.2,28,0.0215105905
obj_07_pumpkin2,0.2,8,10,random48_1,0.4,48,0.00616246329
obj_07_pumpkin2,0.2,8,10,random48_1,0.6,48,0.00616246329
obj_07_pumpkin2,0.2,8,10,random48_1,0.8,48,0.00616246329
obj_07_pumpkin2,0.2,8,10,random48_2,0.1,14,0.0144912677
obj_07_pumpkin2,0.2,8,10,random48_2,0.2,28,0.0135898931
obj_07_pumpkin2,0.2,8,10,random48_2,0.4,48,0.00616246329
obj_07_pumpkin2,0.2,8,10,random48_2,0.6,48,0.00616246329
obj_07_pumpkin2,0.2,8,10,random48_2,0.8,48,0.00616246329
obj_07_pumpkin2,0.2,8,10,random48_3,0.1,14,0.0373273733
obj_07_pumpkin2,0.2,8,10,random48_3,0.2,28,0.0101691579
obj_07_pumpkin2,0.2,8,10,random48_3,0.4,48,0.00616246329
obj_07_pumpkin2,0.2,8,10,random48_3,0.6,48,0.00616246329
obj_07_pumpkin2,0.2,8,10,random48_3,0.8,48,0.00616246329
obj_07_pumpkin2,0.2,8,10,random48_4,0.1,14,0.0776680296
obj_07_pumpkin2,0.2,8,10,random48_4,0.2,28,0.0610202836
obj_07_pumpkin2,0.2,8,10,random48_4,0.4,48,0.00616246329
obj_07_pumpkin2,0.2,8,10,random48_4,0.6,48,0.00616246329
obj_07_pumpkin2,0.2,8,10,random48_4,0.8,48,0.00616246329
obj_07_pumpkin2,0.2,8,100,random48_0,0.1,14,0.0593210531
obj_07_pumpkin2,0.2,8,100,random48_0,0.2,28,0.010752418
obj_07_pumpkin2,0.2,8,100,random48_0,0.4,48,0.000561270068
obj_07_pumpkin2,0.2,8,100,random48_0,0.6,48,0.000561270068
obj_07_pumpkin2,0.2,8,100,random48_0,0.8,48,0.000561270068
obj_07_pumpkin2,0.2,8,100,random48_1,0.1,14,0.0621238609
obj_07_pumpkin2,0.2,8,100,random48_1,0.2,28,0.00734034254
obj_07_pumpkin2,0.2,8,100,random48_1,0.4,48,0.000561270068
obj_07_pumpkin2,0.2,8,100,random48_1,0.6,48,0.000561270068
obj_07_pumpkin2,0.2,8,100,random48_1,0.8,48,0.000561270068
obj_07_pumpkin2,0.2,8,100,random48_2,0.1,14,0.0173829587
obj_07_pumpkin2,0.2,8,100,random48_2,0.2,28,0.00709614007
obj_07_pumpkin2,0.2,8,100,random48_2,0.4,48,0.000561270068
obj_07_pumpkin2,0.2,8,100,random48_2,0.6,48,0.000561270068
obj_07_pumpkin2,0.2,8,100,random48_2,0.8,48,0.000561270068
obj_07_pumpkin2,0.2,8,100,random48_3,0.1,14,0.0284885213
obj_07_pumpkin2,0.2,8,100,random48_3,0.2,28,0.00311748325
obj_07_pumpkin2,0.2,8,100,random48_3,0.4,48,0.000561270068
obj_07_pumpkin2,0.2,8,100,random48_3,0.6,48,0.000561270068
obj_07_pumpkin2,0.2,8,100,random48_3,0.8,48,0.000561270068
obj_07_pumpkin2,0.2,8,100,random48_4,0.1,14,0.0626313897
obj_07_pumpkin2,0.2,8,100,random48_4,0.2,28,0.0420091054
obj_07_pumpkin2,0.2,8,100,random48_4,0.4,48,0.000561270068
obj_07_pumpkin2,0.2,8,100,random48_4,0.6,48,0.000561270068
obj_07_pumpkin2,0.2,8,100,random48_4,0.8,48,0.000561270068
obj_07_pumpkin2,0.2,9,10,random48_0,0.1,14,0.0356463429
obj_07_pumpkin2,0.2,9,10,random48_0,0.2,28,0.0259979467
obj_07_pumpkin2,0.2,9,10,random48_0,0.4,48,0.0030861629
obj_07_pumpkin2,0.2,9,10,random48_0,0.6,48,0.0030861629
obj_07_pumpkin2,0.2,9,10,random48_0,0.8,48,0.0030861629
obj_07_pumpkin2,0.2,9,10,random48_1,0.1,14,0.0491598231
obj_07_pumpkin2,0.2,9,10,random48_1,0.2,28,0.000322005494
obj_07_pumpkin2,0.2,9,10,random48_1,0.4,48,0.0030861629
obj_07_pumpkin2,0.2,9,10,random48_1,0.6,48,0.0030861629
obj_07_pumpkin2,0.2,9,10,random48_1,0.8,48,0.0030861629
obj_07_pumpkin2,0.2,9,10,random48_2,0.1,14,0.0288134146
obj_07_pumpkin2,0.2,9,10,random48_2,0.2,28,0.0387525691
obj_07_pumpkin2,0.2,9,10,random48_2,0.4,48,0.0030861629
obj_07_pumpkin2,0.2,9,10,random48_2,0.6,48,0.0030861629
obj_07_pumpkin2,0.2,9,10,random48_2,0.8,48,0.0030861629
obj_07_pumpkin2,0.2,9,10,random48_3,0.1,14,0.0174659528
obj_07_pumpkin2,0.2,9,10,random48_3,0.2,28,0.0271526673
obj_07_pumpkin2,0.2,9,10,random48_3,0.4,48,0.0030861629
obj_07_pumpkin2,0.2,9,10,random48_3,0.6,48,0.0030861629
obj_07_pumpkin2,0.2,9,10,random48_3,0.8,48,0.0030861629
obj_07_pumpkin2,0.2,9,10,random48_4,0.1,14,0.0443482275
obj_07_pumpkin2,0.2,9,10,random48_4,0.2,28,0.0410189524
obj_07_pumpkin2,0.2,9,10,random48_4,0.4,48,0.0030861629
obj_07_pumpkin2,0.2,9,10,random48_4,0.6,48,0.0030861629
obj_07_pumpkin2,0.2,9,10,random48_4,0.8,48,0.0030861629
obj_07_pumpkin2,0.2,9,100,random48_0,0.1,14,0.083013241
obj_07_pumpkin2,0.2,9,100,random48_0,0.2,28,0.0306626088
obj_07_pumpkin2,0.2,9,100,random48_0,0.4,48,0.000339499089
obj_07_pumpkin2,0.2,9,100,random48_0,0.6,48,0.000339499089
obj_07_pumpkin2,0.2,9,100,random48_0,0.8,48,0.000339499089
obj_07_pumpkin2,0.2,9,100,random48_1,0.1,14,0.0322455435
obj_07_pumpkin2,0.2,9,100,random48_1,0.2,28,0.0344408048
obj_07_pumpkin2,0.2,9,100,random48_1,0.4,48,0.000339499089
obj_07_pumpkin2,0.2,9,100,random48_1,0.6,48,0.000339499089
obj_07_pumpkin2,0.2,9,100,random48_1,0.8,48,0.000339499089
obj_07_pumpkin2,0.2,9,100,random48_2,0.1,14,0.0082859718
obj_07_pumpkin2,0.2,9,100,random48_2,0.2,28,0.000330193124
obj_07_pumpkin2,0.2,9,100,random48_2,0.4,48,0.000339499089
obj_07_pumpkin2,0.2,9,100,random48_2,0.6,48,0.000339499089
obj_07_pumpkin2,0.2,9,100,random48_2,0.8,48,0.000339499089
obj_07_pumpkin2,0.2,9,100,random48_3,0.1,14,0.0362814852
obj_07_pumpkin2,0.2,9,100,random48_3,0.2,28,0.0569813902
obj_07_pumpkin2,0.2,9,100,random48_3,0.4,48,0.000339499089
obj_07_pumpkin2,0.2,9,100,random48_3,0.6,48,0.000339499089
obj_07_pumpkin2,0.2,9,100,random48_3,0.8,48,0.000339499089
obj_07_pumpkin2,0.2,9,100,random48_4,0.1,14,0.0387954658
obj_07_pumpkin2,0.2,9,100,random48_4,0.2,28,0.0312418639
obj_07_pumpkin2,0.2,9,100,random48_4,0.4,48,0.000339499089
obj_07_pumpkin2,0.2,9,100,random48_4,0.6,48,0.000339499089
obj_07_pumpkin2,0.2,9,100,random48_4,0.8,48,0.000339499089
obj_07_pumpkin2,0.5,0,10,random48_0,0.1,14,0.86213645
obj_07_pumpkin2,0.5,0,10,random48_0,0.2,28,0.920945631
obj_07_pumpkin2,0.5,0,10,random48_0,0.4,48,0.0285925578
obj_07_pumpkin2,0.5,0,10,random48_0,0.6,48,0.0285925578
obj_07_pumpkin2,0.5,0,10,random48_0,0.8,48,0.0285925578
obj_07_pumpkin2,0.5,0,10,random48_1,0.1,14,0.726586282
obj_07_pumpkin2,0.5,0,10,random48_1,0.2,28,0.619641295
obj_07_pumpkin2,0.5,0,10,random48_1,0.4,48,0.0285925578
obj_07_pumpkin2,0.5,0,10,random48_1,0.6,48,0.0285925578
obj_07_pumpkin2,0.5,0,10,random48_1,0.8,48,0.0285925578
obj_07_pumpkin2,0.5,0,10,random48_2,0.1,14,0.577294461
obj_07_pumpkin2,0.5,0,10,random48_2,0.2,28,0.498987235
obj_07_pumpkin2,0.5,0,10,random48_2,0.4,48,0.0285925578
obj_07_pumpkin2,0.5,0,10,random48_2,0.6,48,0.0285925578
obj_07_pumpkin2,0.5,0,10,random48_2,0.8,48,0.0285925578
obj_07_pumpkin2,0.5,0,10,random48_3,0.1,14,0.231815385
obj_07_pumpkin2,0.5,0,10,random48_3,0.2,28,0.16907654
obj_07_pumpkin2,0.5,0,10,random48_3,0.4,48,0.0285925578
obj_07_pumpkin2,0.5,0,10,random48_3,0.6,48,0.0285925578
obj_07_pumpkin2,0.5,0,10,random48_3,0.8,48,0.0285925578
obj_07_pumpkin2,0.5,0,10,random48_4,0.1,14,0.556375005
obj_07_pumpkin2,0.5,0,10,random48_4,0.2,28,0.110692392
obj_07_pumpkin2,0.5,0,10,random48_4,0.4,48,0.0285925578
obj_07_pumpkin2,0.5,0,10,random48_4,0.6,48,0.0285925578
obj_07_pumpkin2,0.5,0,10,random48_4,0.8,48,0.0285925578
obj_07_pumpkin2,0.5,0,100,random48_0,0.1,14,0.60645609
obj_07_pumpkin2,0.5,0,100,random48_0,0.2,28,0.392449374
obj_07_pumpkin2,0.5,0,100,random48_0,0.4,48,0.00170139122
obj_07_pumpkin2,0.5,0,100,random48_0,0.6,48,0.00170139122
obj_07_pumpkin2,0.5,0,100,random48_0,0.8,48,0.00170139122
obj_07_pumpkin2,0.5,0,100,random48_1,0.1,14,0.799742228
obj_07_pumpkin2,0.5,0,100,random48_1,0.2,28,0.0370098055
obj_07_pumpkin2,0.5,0,100,random48_1,0.4,48,0.00170139122
obj_07_pumpkin2,0.5,0,100,random48_1,0.6,48,0.00170139122
obj_07_pumpkin2,0.5,0,100,random48_1,0.8,48,0.00170139122
obj_07_pumpkin2,0.5,0,100,random48_2,0.1,14,0.650864071
obj_07_pumpkin2,0.5,0,100,random48_2,0.2,28,0.0337091656
obj_07_pumpkin2,0.5,0,100,random48_2,0.4,48,0.00170139122
obj_07_pumpkin2,0.5,0,100,random48_2,0.6,48,0.00170139122
obj_07_pumpkin2,0.5,0,100,random48_2,0.8,48,0.00170139122
obj_07_pumpkin2,0.5,0,100,random48_3,0.1,14,0.188350107
obj_07_pumpkin2,0.5,0,100,random48_3,0.2,28,0.105795876
obj_07_pumpkin2,0.5,0,100,random48_3,0.4,48,0.00170139122
obj_07_pumpkin2,0.5,0,100,random48_3,0.6,48,0.00170139122
obj_07_pumpkin2,0.5,0,100,random48_3,0.8,48,0.00170139122
obj_07_pumpkin2,0.5,0,100,random48_4,0.1,14,0.680758696
obj_07_pumpkin2,0.5,0,100,random48_4,0.2,28,0.575058688
obj_07_pumpkin2,0.5,0,100,random48_4,0.4,48,0.00170139122
obj_07_pumpkin2,0.5,0,100,random48_4,0.6,48,0.00170139122
obj_07_pumpkin2,0.5,0,100,random48_4,0.8,48,0.00170139122
obj_07_pumpkin2,0.5,1,10,random48_0,0.1,14,0.0842539587
obj_07_pumpkin2,0.5,1,10,random48_0,0.2,28,0.314792773
obj_07_pumpkin2,0.5,1,10,random48_0,0.4,48,0.013399541
obj_07_pumpkin2,0.5,1,10,random48_0,0.6,48,0.013399541
obj_07_pumpkin2,0.5,1,10,random48_0,0.8,48,0.013399541
obj_07_pumpkin2,0.5,1,10,random48_1,0.1,14,0.0714655976
obj_07_pumpkin2,0.5,1,10,random48_1,0.2,28,0.0433710693
obj_07_pumpkin2,0.5,1,10,random48_1,0.4,48,0.013399541
obj_07_pumpkin2,0.5,1,10,random48_1,0.6,48,0.013399541
obj_07_pumpkin2,0.5,1,10,random48_1,0.8,48,0.013399541
obj_07_pumpkin2,0.5,1,10,random48_2,0.1,14,0.0777246134
obj_07_pumpkin2,0.5,1,10,random48_2,0.2,28,0.121534447
obj_07_pumpkin2,0.5,1,10,random48_2,0.4,48,0.013399541
obj_07_pumpkin2,0.5,1,10,random48_2,0.6,48,0.013399541
obj_07_pumpkin2,0.5,1,10,random48_2,0.8,48,0.013399541
obj_07_pumpkin2,0.5,1,10,random48_3,0.1,14,0.0655806283
obj_07_pumpkin2,0.5,1,10,random48_3,0.2,28,0.0590612784
obj_07_pumpkin2,0.5,1,10,random48_3,0.4,48,0.013399541
obj_07_pumpkin2,0.5,1,10,random48_3,0.6,48,0.013399541
obj_07_pumpkin2,0.5,1,10,random48_3,0.8,48,0.013399541
obj_07_pumpkin2,0.5,1,10,random48_4,0.1,14,0.085165245
obj_07_pumpkin2,0.5,1,10,random48_4,0.2,28,0.275155354
obj_07_pumpkin2,0.5,1,10,random48_4,0.4,48,0.013399541
obj_07_pumpkin2,0.5,1,10,random48_4,0.6,48,0.013399541
obj_07_pumpkin2,0.5,1,10,random48_4,0.8,48,0.013399541
obj_07_pumpkin2,0.5,1,100,random48_0,0.1,14,0.239091847
obj_07_pumpkin2,0.5,1,100,random48_0,0.2,28,0.350331188
obj_07_pumpkin2,0.5,1,100,random48_0,0.4,48,0.00206626703
obj_07_pumpkin2,0.5,1,100,random48_0,0.6,48,0.00206626703
obj_07_pumpkin2,0.5,1,100,random48_0,0.8,48,0.00206626703
obj_07_pumpkin2,0.5,1,100,random48_1,0.1,14,0.0403342062
obj_07_pumpkin2,0.5,1,100,random48_1,0.2,28,0.405682027
obj_07_pumpkin2,0.5,1,100,random48_1,0.4,48,0.00206626703
obj_07_pumpkin2,0.5,1,100,random48_1,0.6,48,0.00206626703
obj_07_pumpkin2,0.5,1,100,random48_1,0.8,48,0.00206626703
obj_07_pumpkin2,0.5,1,100,random48_2,0.1,14,0.420663312
obj_07_pumpkin2,0.5,1,100,random48_2,0.2,28,0.418531874
obj_07_pumpkin2,0.5,1,100,random48_2,0.4,48,0.00206626703
obj_07_pumpkin2,0.5,1,100,random48_2,0.6,48,0.00206626703
obj_07_pumpkin2,0.5,1,100,random48_2,0.8,48,0.00206626703
obj_07_pumpkin2,0.5,1,100,random48_3,0.1,14,0.070197305
obj_07_pumpkin2,0.5,1,100,random48_3,0.2,28,0.0755175725
obj_07_pumpkin2,0.5,1,100,random48_3,0.4,48,0.00206626703
obj_07_pumpkin2,0.5,1,100,random48_3,0.6,48,0.00206626703
obj_07_pumpkin2,0.5,1,100,random48_3,0.8,48,0.00206626703
obj_07_pumpkin2,0.5,1,100,random48_4,0.1,14,0.321388795
obj_07_pumpkin2,0.5,1,100,random48_4,0.2,28,0.350942968
obj_07_pumpkin2,0.5,1,100,random48_4,0.4,48,0.00206626703
obj_07_pumpkin2,0.5,1,100,random48_4,0.6,48,0.00206626703
obj_07_pumpkin2,0.5,1,100,random48_4,0.8,48,0.00206626703
obj_07_pumpkin2,0.5,2,10,random48_0,0.1,14,0.541790857
obj_07_pumpkin2,0.5,2,10,random48_0,0.2,28,0.27124582
obj_07_pumpkin2,0.5,2,10,random48_0,0.4,48,0.0955972644
obj_07_pumpkin2,0.5,2,10,random48_0,0.6,48,0.0955972644
obj_07_pumpkin2,0.5,2,10,random48_0,0.8,48,0.0955972644
obj_07_pumpkin2,0.5,2,10,random48_1,0.1,14,0.641587396
obj_07_pumpkin2,0.5,2,10,random48_1,0.2,28,0.141163903
obj_07_pumpkin2,0.5,2,10,random48_1,0.4,48,0.0955972644
obj_07_pumpkin2,0.5,2,10,random48_1,0.6,48,0.0955972644
obj_07_pumpkin2,0.5,2,10,random48_1,0.8,48,0.0955972644
obj_07_pumpkin2,0.5,2,10,random48_2,0.1,14,0.488065512
obj_07_pumpkin2,0.5,2,10,random48_2,0.2,28,0.362043163
obj_07_pumpkin2,0.5,2,10,random48_2,0.4,48,0.0955972644
obj_07_pumpkin2,0.5,2,10,random48_2,0.6,48,0.0955972644
obj_07_pumpkin2,0.5,2,10,random48_2,0.8,48,0.0955972644
obj_07_pumpkin2,0.5,2,10,random48_3,0.1,14,0.45248592
obj_07_pumpkin2,0.5,2,10,random48_3,0.2,28,0.638132286
obj_07_pumpkin2,0.5,2,10,random48_3,0.4,48,0.0955972644
obj_07_pumpkin2,0.5,2,10,random48_3,0.6,48,0.0955972644
obj_07_pumpkin2,0.5,2,10,random48_3,0.8,48,0.0955972644
obj_07_pumpkin2,0.5,2,10,random48_4,0.1,14,0.266957286
obj_07_pumpkin2,0.5,2,10,random48_4,0.2,28,0.190882801
obj_07_pumpkin2,0.5,2,10,random48_4,0.4,48,0.0955972644
obj_07_pumpkin2,0.5,2,10,random48_4,0.6,48,0.0955972644
obj_07_pumpkin2,0.5,2,10,random48_4,0.8,48,0.0955972644
obj_07_pumpkin2,0.5,2,100,random48_0,0.1,14,0.833599072
obj_07_pumpkin2,0.5,2,100,random48_0,0.2,28,0.601816699
obj_07_pumpkin2,0.5,2,100,random48_0,0.4,48,0.0104750706
obj_07_pumpkin2,0.5,2,100,random48_0,0.6,48,0.0104750706
obj_07_pumpkin2,0.5,2,100,random48_0,0.8,48,0.0104750706
obj_07_pumpkin2,0.5,2,100,random48_1,0.1,14,0.812607909
obj_07_pumpkin2,0.5,2,100,random48_1,0.2,28,0.727435128
obj_07_pumpkin2,0.5,2,100,random48_1,0.4,48,0.0104750706
obj_07_pumpkin2,0.5,2,100,random48_1,0.6,48,0.0104750706
obj_07_pumpkin2,0.5,2,100,random48_1,0.8,48,0.0104750706
obj_07_pumpkin2,0.5,2,100,random48_2,0.1,14,0.430956257
obj_07_pumpkin2,0.5,2,100,random48_2,0.2,28,0.315483297
obj_07_pumpkin2,0.5,2,100,random48_2,0.4,48,0.0104750706
obj_07_pumpkin2,0.5,2,100,random48_2,0.6,48,0.0104750706
obj_07_pumpkin2,0.5,2,100,random48_2,0.8,48,0.0104750706
obj_07_pumpkin2,0.5,2,100,random48_3,0.1,14,0.355465676
obj_07_pumpkin2,0.5,2,100,random48_3,0.2,28,0.346471899
obj_07_pumpkin2,0.5,2,100,random48_3,0.4,48,0.0104750706
obj_07_pumpkin2,0.5,2,100,random48_3,0.6,48,0.0104750706
obj_07_pumpkin2,0.5,2,100,random48_3,0.8,48,0.0104750706
obj_07_pumpkin2,0.5,2,100,random48_4,0.1,14,0.245702916
obj_07_pumpkin2,0.5,2,100,random48_4,0.2,28,0.198112455
obj_07_pumpkin2,0.5,2,100,random48_4,0.4,48,0.0104750706
obj_07_pumpkin2,0.5,2,100,random48_4,0.6,48,0.0104750706
obj_07_pumpkin2,0.5,2,100,random48_4,0.8,48,0.0104750706
obj_07_pumpkin2,0.5,3,10,random48_0,0.1,14,0.468995113
obj_07_pumpkin2,0.5,3,10,random48_0,0.2,28,0.498080964
obj_07_pumpkin2,0.5,3,10,random48_0,0.4,48,0.0344091139
obj_07_pumpkin2,0.5,3,10,random48_0,0.6,48,0.0344091139
obj_07_pumpkin2,0.5,3,10,random48_0,0.8,48,0.0344091139
obj_07_pumpkin2,0.5,3,10,random48_1,0.1,14,0.375673147
obj_07_pumpkin2,0.5,3,10,random48_1,0.2,28,0.198786927
obj_07_pumpkin2,0.5,3,10,random48_1,0.4,48,0.0344091139
obj_07_pumpkin2,0.5,3,10,random48_1,0.6,48,0.0344091139
obj_07_pumpkin2,0.5,3,10,random48_1,0.8,48,0.0344091139
obj_07_pumpkin2,0.5,3,10,random48_2,0.1,14,0.356282091
obj_07_pumpkin2,0.5,3,10,random48_2,0.2,28,0.343185928
obj_07_pumpkin2,0.5,3,10,random48_2,0.4,48,0.0344091139
obj_07_pumpkin2,0.5,3,10,random48_2,0.6,48,0.0344091139
obj_07_pumpkin2,0.5,3,10,random48_2,0.8,48,0.0344091139
obj_07_pumpkin2,0.5,3,10,random48_3,0.1,14,0.392945188
obj_07_pumpkin2,0.5,3,10,random48_3,0.2,28,0.423027454
obj_07_pumpkin2,0.5,3,10,random48_3,0.4,48,0.0344091139
obj_07_pumpkin2,0.5,3,10,random48_3,0.6,48,0.0344091139
obj_07_pumpkin2,0.5,3,10,random48_3,0.8,48,0.0344091139
obj_07_pumpkin2,0.5,3,10,random48_4,0.1,14,0.612755164
obj_07_pumpkin2,0.5,3,10,random48_4,0.2,28,0.377804359
obj_07_pumpkin2,0.5,3,10,random48_4,0.4,48,0.0344091139
obj_07_pumpkin2,0.5,3,10,random48_4,0.6,48,0.0344091139
obj_07_pumpkin2,0.5,3,10,random48_4,0.8,48,0.0344091139
obj_07_pumpkin2,0.5,3,100,random48_0,0.1,14,0.490807749
obj_07_pumpkin2,0.5,3,100,random48_0,0.2,28,0.521879828
obj_07_pumpkin2,0.5,3,100,random48_0,0.4,48,0.00243247798
obj_07_pumpkin2,0.5,3,100,random48_0,0.6,48,0.00243247798
obj_07_pumpkin2,0.5,3,100,random48_0,0.8,48,0.00243247798
obj_07_pumpkin2,0.5,3,100,random48_1,0.1,14,0.449490435
obj_07_pumpkin2,0.5,3,100,random48_1,0.2,28,0.578905945
obj_07_pumpkin2,0.5,3,100,random48_1,0.4,48,0.00243247798
obj_07_pumpkin2,0.5,3,100,random48_1,0.6,48,0.00243247798
obj_07_pumpkin2,0.5,3,100,random48_1,0.8,48,0.00243247798
obj_07_pumpkin2,0.5,3,100,random48_2,0.1,14,0.418936031
obj_07_pumpkin2,0.5,3,100,random48_2,0.2,28,0.264164925
obj_07_pumpkin2,0.5,3,100,random48_2,0.4,48,0.00243247798
obj_07_pumpkin2,0.5,3,100,random48_2,0.6,48,0.00243247798
obj_07_pumpkin2,0.5,3,100,random48_2,0.8,48,0.00243247798
obj_07_pumpkin2,0.5,3,100,random48_3,0.1,14,0.437512064
obj_07_pumpkin2,0.5,3,100,random48_3,0.2,28,0.527685002
obj_07_pumpkin2,0.5,3,100,random48_3,0.4,48,0.00243247798
obj_07_pumpkin2,0.5,3,100,random48_3,0.6,48,0.00243247798
obj_07_pumpkin2,0.5,3,100,random48_3,0.8,48,0.00243247798
obj_07_pumpkin2,0.5,3,100,random48_4,0.1,14,0.55097312
obj_07_pumpkin2,0.5,3,100,random48_4,0.2,28,0.429903416
obj_07_pumpkin2,0.5,3,100,random48_4,0.4,48,0.00243247798
obj_07_pumpkin2,0.5,3,100,random48_4,0.6,48,0.00243247798
obj_07_pumpkin2,0.5,3,100,random48_4,0.8,48,0.00243247798
obj_07_pumpkin2,0.5,4,10,random48_0,0.1,14,0.332846449
obj_07_pumpkin2,0.5,4,10,random48_0,0.2,28,0.189195389
obj_07_pumpkin2,0.5,4,10,random48_0,0.4,48,0.0106543837
obj_07_pumpkin2,0.5,4,10,random48_0,0.6,48,0.0106543837
obj_07_pumpkin2,0.5,4,10,random48_0,0.8,48,0.0106543837
obj_07_pumpkin2,0.5,4,10,random48_1,0.1,14,0.104642839
obj_07_pumpkin2,0.5,4,10,random48_1,0.2,28,0.232458813
obj_07_pumpkin2,0.5,4,10,random48_1,0.4,48,0.0106543837
obj_07_pumpkin2,0.5,4,10,random48_1,0.6,48,0.0106543837
obj_07_pumpkin2,0.5,4,10,random48_1,0.8,48,0.0106543837
obj_07_pumpkin2,0.5,4,10,random48_2,0.1,14,0.339964656
obj_07_pumpkin2,0.5,4,10,random48_2,0.2,28,0.10183259
obj_07_pumpkin2,0.5,4,10,random48_2,0.4,48,0.0106543837
obj_07_pumpkin2,0.5,4,10,random48_2,0.6,48,0.0106543837
obj_07_pumpkin2,0.5,4,10,random48_2,0.8,48,0.0106543837
obj_07_pumpkin2,0.5,4,10,random48_3,0.1,14,0.25947372
obj_07_pumpkin2,0.5,4,10,random48_3,0.2,28,0.170467382
obj_07_pumpkin2,0.5,4,10,random48_3,0.4,48,0.0106543837
obj_07_pumpkin2,0.5,4,10,random48_3,0.6,48,0.0106543837
obj_07_pumpkin2,0.5,4,10,random48_3,0.8,48,0.0106543837
obj_07_pumpkin2,0.5,4,10,random48_4,0.1,14,0.120212318
obj_07_pumpkin2,0.5,4,10,random48_4,0.2,28,0.0996770196
obj_07_pumpkin2,0.5,4,10,random48_4,0.4,48,0.0106543837
obj_07_pumpkin2,0.5,4,10,random48_4,0.6,48,0.0106543837
obj_07_pumpkin2,0.5,4,10,random48_4,0.8,48,0.0106543837
obj_07_pumpkin2,0.5,4,100,random48_0,0.1,14,0.44009082
obj_07_pumpkin2,0.5,4,100,random48_0,0.2,28,0.314787729
obj_07_pumpkin2,0.5,4,100,random48_0,0.4,48,0.000553686796
obj_07_pumpkin2,0.5,4,100,random48_0,0.6,48,0.000553686796
obj_07_pumpkin2,0.5,4,100,random48_0,0.8,48,0.000553686796
obj_07_pumpkin2,0.5,4,100,random48_1,0.1,14,0.183730804
obj_07_pumpkin2,0.5,4,100,random48_1,0.2,28,0.248720975
obj_07_pumpkin2,0.5,4,100,random48_1,0.4,48,0.000553686796
obj_07_pumpkin2,0.5,4,100,random48_1,0.6,48,0.000553686796
obj_07_pumpkin2,0.5,4,100,random48_1,0.8,48,0.000553686796
obj_07_pumpkin2,0.5,4,100,random48_2,0.1,14,0.195048181
obj_07_pumpkin2,0.5,4,100,random48_2,0.2,28,0.121102884
obj_07_pumpkin2,0.5,4,100,random48_2,0.4,48,0.000553686796
obj_07_pumpkin2,0.5,4,100,random48_2,0.6,48,0.000553686796
obj_07_pumpkin2,0.5,4,100,random48_2,0.8,48,0.000553686796
obj_07_pumpkin2,0.5,4,100,random48_3,0.1,14,0.267728287
obj_07_pumpkin2,0.5,4,100,random48_3,0.2,28,0.237070763
obj_07_pumpkin2,0.5,4,100,random48_3,0.4,48,0.000553686796
obj_07_pumpkin2,0.5,4,100,random48_3,0.6,48,0.000553686796
obj_07_pumpkin2,0.5,4,100,random48_3,0.8,48,0.000553686796
obj_07_pumpkin2,0.5,4,100,random48_4,0.1,14,0.0946836553
obj_07_pumpkin2,0.5,4,100,random48_4,0.2,28,0.033252668
obj_07_pumpkin2,0.5,4,100,random48_4,0.4,48,0.000553686796
obj_07_pumpkin2,0.5,4,100,random48_4,0.6,48,0.000553686796
obj_07_pumpkin2,0.5,4,100,random48_4,0.8,48,0.000553686796
obj_07_pumpkin2,0.5,5,10,random48_0,0.1,14,0.155516258
obj_07_pumpkin2,0.5,5,10,random48_0,0.2,28,0.410302433
obj_07_pumpkin2,0.5,5,10,random48_0,0.4,48,0.0400428614
obj_07_pumpkin2,0.5,5,10,random48_0,0.6,48,0.0400428614
obj_07_pumpkin2,0.5,5,10,random48_0,0.8,48,0.0400428614
obj_07_pumpkin2,0.5,5,10,random48_1,0.1,14,0.0290292211
obj_07_pumpkin2,0.5,5,10,random48_1,0.2,28,0.352819002
obj_07_pumpkin2,0.5,5,10,random48_1,0.4,48,0.0400428614
obj_07_pumpkin2,0.5,5,10,random48_1,0.6,48,0.0400428614
obj_07_pumpkin2,0.5,5,10,random48_1,0.8,48,0.0400428614
obj_07_pumpkin2,0.5,5,10,random48_2,0.1,14,0.0433048831
obj_07_pumpkin2,0.5,5,10,random48_2,0.2,28,0.0105798824
obj_07_pumpkin2,0.5,5,10,random48_2,0.4,48,0.0400428614
obj_07_pumpkin2,0.5,5,10,random48_2,0.6,48,0.0400428614
obj_07_pumpkin2,0.5,5,10,random48_2,0.8,48,0.0400428614
obj_07_pumpkin2,0.5,5,10,random48_3,0.1,14,0.161896841
obj_07_pumpkin2,0.5,5,10,random48_3,0.2,28,0.130238192
obj_07_pumpkin2,0.5,5,10,random48_3,0.4,48,0.0400428614
obj_07_pumpkin2,0.5,5,10,random48_3,0.6,48,0.0400428614
obj_07_pumpkin2,0.5,5,10,random48_3,0.8,48,0.0400428614
obj_07_pumpkin2,0.5,5,10,random48_4,0.1,14,0.441101685
obj_07_pumpkin2,0.5,5,10,random48_4,0.2,28,0.485233682
obj_07_pumpkin2,0.5,5,10,random48_4,0.4,48,0.0400428614
obj_07_pumpkin2,0.5,5,10,random48_4,0.6,48,0.0400428614
obj_07_pumpkin2,0.5,5,10,random48_4,0.8,48,0.0400428614
obj_07_pumpkin2,0.5,5,100,random48_0,0.1,14,0.159785426
obj_07_pumpkin2,0.5,5,100,random48_0,0.2,28,0.170674518
obj_07_pumpkin2,0.5,5,100,random48_0,0.4,48,0.00492888513
obj_07_pumpkin2,0.5,5,100,random48_0,0.6,48,0.00492888513
obj_07_pumpkin2,0.5,5,100,random48_0,0.8,48,0.00492888513
obj_07_pumpkin2,0.5,5,100,random48_1,0.1,14,0.107943488
obj_07_pumpkin2,0.5,5,100,random48_1,0.2,28,0.15258961
obj_07_pumpkin2,0.5,5,100,random48_1,0.4,48,0.00492888513
obj_07_pumpkin2,0.5,5,100,random48_1,0.6,48,0.00492888513
obj_07_pumpkin2,0.5,5,100,random48_1,0.8,48,0.00492888513
obj_07_pumpkin2,0.5,5,100,random48_2,0.1,14,0.28008977
obj_07_pumpkin2,0.5,5,100,random48_2,0.2,28,0.00963809557
obj_07_pumpkin2,0.5,5,100,random48_2,0.4,48,0.00492888513
obj_07_pumpkin2,0.5,5,100,random48_2,0.6,48,0.00492888513
obj_07_pumpkin2,0.5,5,100,random48_2,0.8,48,0.00492888513
obj_07_pumpkin2,0.5,5,100,random48_3,0.1,14,0.128369636
obj_07_pumpkin2,0.5,5,100,random48_3,0.2,28,0.140703626
obj_07_pumpkin2,0.5,5,100,random48_3,0.4,48,0.00492888513
obj_07_pumpkin2,0.5,5,100,random48_3,0.6,48,0.00492888513
obj_07_pumpkin2,0.5,5,100,random48_3,0.8,48,0.00492888513
obj_07_pumpkin2,0.5,5,100,random48_4,0.1,14,0.207222531
obj_07_pumpkin2,0.5,5,100,random48_4,0.2,28,0.224685077
obj_07_pumpkin2,0.5,5,100,random48_4,0.4,48,0.00492888513
obj_07_pumpkin2,0.5,5,100,random48_4,0.6,48,0.00492888513
obj_07_pumpkin2,0.5,5,100,random48_4,0.8,48,0.00492888513
obj_07_pumpkin2,0.5,6,10,random48_0,0.1,14,0.0275749912
obj_07_pumpkin2,0.5,6,10,random48_0,0.2,28,0.155075417
obj_07_pumpkin2,0.5,6,10,random48_0,0.4,48,0.00612510682
obj_07_pumpkin2,0.5,6,10,random48_0,0.6,48,0.00612510682
obj_07_pumpkin2,0.5,6,10,random48_0,0.8,48,0.00612510682
obj_07_pumpkin2,0.5,6,10,random48_1,0.1,14,0.0286310736
obj_07_pumpkin2,0.5,6,10,random48_1,0.2,28,0.128859127
obj_07_pumpkin2,0.5,6,10,random48_1,0.4,48,0.00612510682
obj_07_pumpkin2,0.5,6,10,random48_1,0.6,48,0.00612510682
obj_07_pumpkin2,0.5,6,10,random48_1,0.8,48,0.00612510682
obj_07_pumpkin2,0.5,6,10,random48_2,0.1,14,0.0802418293
obj_07_pumpkin2,0.5,6,10,random48_2,0.2,28,0.0604979477
obj_07_pumpkin2,0.5,6,10,random48_2,0.4,48,0.00612510682
obj_07_pumpkin2,0.5,6,10,random48_2,0.6,48,0.00612510682
obj_07_pumpkin2,0.5,6,10,random48_2,0.8,48,0.00612510682
obj_07_pumpkin2,0.5,6,10,random48_3,0.1,14,0.0516143824
obj_07_pumpkin2,0.5,6,10,random48_3,0.2,28,0.0276443828
obj_07_pumpkin2,0.5,6,10,random48_3,0.4,48,0.00612510682
obj_07_pumpkin2,0.5,6,10,random48_3,0.6,48,0.00612510682
obj_07_pumpkin2,0.5,6,10,random48_3,0.8,48,0.00612510682
obj_07_pumpkin2,0.5,6,10,random48_4,0.1,14,0.0679991604
obj_07_pumpkin2,0.5,6,10,random48_4,0.2,28,0.228035449
obj_07_pumpkin2,0.5,6,10,random48_4,0.4,48,0.00612510682
obj_07_pumpkin2,0.5,6,10,random48_4,0.6,48,0.00612510682
obj_07_pumpkin2,0.5,6,10,random48_4,0.8,48,0.00612510682
obj_07_pumpkin2,0.5,6,100,random48_0,0.1,14,0.0745220265
obj_07_pumpkin2,0.5,6,100,random48_0,0.2,28,0.272198387
obj_07_pumpkin2,0.5,6,100,random48_0,0.4,48,0.000625566045
obj_07_pumpkin2,0.5,6,100,random48_0,0.6,48,0.000625566045
obj_07_pumpkin2,0.5,6,100,random48_0,0.8,48,0.000625566045
obj_07_pumpkin2,0.5,6,100,random48_1,0.1,14,0.0408841532
obj_07_pumpkin2,0.5,6,100,random48_1,0.2,28,0.0723239162
obj_07_pumpkin2,0.5,6,100,random48_1,0.4,48,0.000625566045
obj_07_pumpkin2,0.5,6,100,random48_1,0.6,48,0.000625566045
obj_07_pumpkin2,0.5,6,100,random48_1,0.8,48,0.000625566045
obj_07_pumpkin2,0.5,6,100,random48_2,0.1,14,0.159305742
obj_07_pumpkin2,0.5,6,100,random48_2,0.2,28,0.0757318257
obj_07_pumpkin2,0.5,6,100,random48_2,0.4,48,0.000625566045
obj_07_pumpkin2,0.5,6,100,random48_2,0.6,48,0.000625566045
obj_07_pumpkin2,0.5,6,100,random48_2,0.8,48,0.000625566045
obj_07_pumpkin2,0.5,6,100,random48_3,0.1,14,0.32760246
obj_07_pumpkin2,0.5,6,100,random48_3,0.2,28,0.183903416
obj_07_pumpkin2,0.5,6,100,random48_3,0.4,48,0.000625566045
obj_07_pumpkin2,0.5,6,100,random48_3,0.6,48,0.000625566045
obj_07_pumpkin2,0.5,6,100,random48_3,0.8,48,0.000625566045
obj_07_pumpkin2,0.5,6,100,random48_4,0.1,14,0.191661786
obj_07_pumpkin2,0.5,6,100,random48_4,0.2,28,0.116947326
obj_07_pumpkin2,0.5,6,100,random48_4,0.4,48,0.000625566045
obj_07_pumpkin2,0.5,6,100,random48_4,0.6,48,0.000625566045
obj_07_pumpkin2,0.5,6,100,random48_4,0.8,48,0.000625566045
obj_07_pumpkin2,0.5,7,10,random48_0,0.1,14,0.294807951
obj_07_pumpkin2,0.5,7,10,random48_0,0.2,28,0.309071199
obj_07_pumpkin2,0.5,7,10,random48_0,0.4,48,0.0542892498
obj_07_pumpkin2,0.5,7,10,random48_0,0.6,48,0.0542892498
obj_07_pumpkin2,0.5,7,10,random48_0,0.8,48,0.0542892498
obj_07_pumpkin2,0.5,7,10,random48_1,0.1,14,0.577768433
obj_07_pumpkin2,0.5,7,10,random48_1,0.2,28,0.161254164
obj_07_pumpkin2,0.5,7,10,random48_1,0.4,48,0.0542892498
obj_07_pumpkin2,0.5,7,10,random48_1,0.6,48,0.0542892498
obj_07_pumpkin2,0.5,7,10,random48_1,0.8,48,0.0542892498
obj_07_pumpkin2,0.5,7,10,random48_2,0.1,14,0.163860764
obj_07_pumpkin2,0.5,7,10,random48_2,0.2,28,0.115018863
obj_07_pumpkin2,0.5,7,10,random48_2,0.4,48,0.0542892498
obj_07_pumpkin2,0.5,7,10,random48_2,0.6,48,0.0542892498
obj_07_pumpkin2,0.5,7,10,random48_2,0.8,48,0.0542892498
obj_07_pumpkin2,0.5,7,10,random48_3,0.1,14,0.378377942
obj_07_pumpkin2,0.5,7,10,random48_3,0.2,28,0.284958001
obj_07_pumpkin2,0.5,7,10,random48_3,0.4,48,0.0542892498
obj_07_pumpkin2,0.5,7,10,random48_3,0.6,48,0.0542892498
obj_07_pumpkin2,0.5,7,10,random48_3,0.8,48,0.0542892498
obj_07_pumpkin2,0.5,7,10,random48_4,0.1,14,0.486303384
obj_07_pumpkin2,0.5,7,10,random48_4,0.2,28,0.362245789
obj_07_pumpkin2,0.5,7,10,random48_4,0.4,48,0.0542892498
obj_07_pumpkin2,0.5,7,10,random48_4,0.6,48,0.0542892498
obj_07_pumpkin2,0.5,7,10,random48_4,0.8,48,0.0542892498
obj_07_pumpkin2,0.5,7,100,random48_0,0.1,14,0.295195721
obj_07_pumpkin2,0.5,7,100,random48_0,0.2,28,0.302851644
obj_07_pumpkin2,0.5,7,100,random48_0,0.4,48,0.00563220809
obj_07_pumpkin2,0.5,7,100,random48_0,0.6,48,0.00563220809
obj_07_pumpkin2,0.5,7,100,random48_0,0.8,48,0.00563220809
obj_07_pumpkin2,0.5,7,100,random48_1,0.1,14,0.257816762
obj_07_pumpkin2,0.5,7,100,random48_1,0.2,28,0.354143966
obj_07_pumpkin2,0.5,7,100,random48_1,0.4,48,0.00563220809
obj_07_pumpkin2,0.5,7,100,random48_1,0.6,48,0.00563220809
obj_07_pumpkin2,0.5,7,100,random48_1,0.8,48,0.00563220809
obj_07_pumpkin2,0.5,7,100,random48_2,0.1,14,0.284259855
obj_07_pumpkin2,0.5,7,100,random48_2,0.2,28,0.104889588
obj_07_pumpkin2,0.5,7,100,random48_2,0.4,48,0.00563220809
obj_07_pumpkin2,0.5,7,100,random48_2,0.6,48,0.00563220809
obj_07_pumpkin2,0.5,7,100,random48_2,0.8,48,0.00563220809
obj_07_pumpkin2,0.5,7,100,random48_3,0.1,14,0.430803219
obj_07_pumpkin2,0.5,7,100,random48_3,0.2,28,0.38284565
obj_07_pumpkin2,0.5,7,100,random48_3,0.4,48,0.00563220809
obj_07_pumpkin2,0.5,7,100,random48_3,0.6,48,0.00563220809
obj_07_pumpkin2,0.5,7,100,random48_3,0.8,48,0.00563220809
obj_07_pumpkin2,0.5,7,100,random48_4,0.1,14,0.276571022
obj_07_pumpkin2,0.5,7,100,random48_4,0.2,28,0.183748302
obj_07_pumpkin2,0.5,7,100,random48_4,0.4,48,0.00563220809
obj_07_pumpkin2,0.5,7,100,random48_4,0.6,48,0.00563220809
obj_07_pumpkin2,0.5,7,100,random48_4,0.8,48,0.00563220809
obj_07_pumpkin2,0.5,8,10,random48_0,0.1,14,0.0502339126
obj_07_pumpkin2,0.5,8,10,random48_0,0.2,28,0.074790988
obj_07_pumpkin2,0.5,8,10,random48_0,0.4,48,0.00856624721
obj_07_pumpkin2,0.5,8,10,random48_0,0.6,48,0.00856624721
obj_07_pumpkin2,0.5,8,10,random48_0,0.8,48,0.00856624721
obj_07_pumpkin2,0.5,8,10,random48_1,0.1,14,0.0298740581
obj_07_pumpkin2,0.5,8,10,random48_1,0.2,28,0.0536952826
obj_07_pumpkin2,0.5,8,10,random48_1,0.4,48,0.00856624721
obj_07_pumpkin2,0.5,8,10,random48_1,0.6,48,0.00856624721
obj_07_pumpkin2,0.5,8,10,random48_1,0.8,48,0.00856624721
obj_07_pumpkin2,0.5,8,10,random48_2,0.1,14,0.027344635
obj_07_pumpkin2,0.5,8,10,random48_2,0.2,28,0.0807107302
obj_07_pumpkin2,0.5,8,10,random48_2,0.4,48,0.00856624721
obj_07_pumpkin2,0.5,8,10,random48_2,0.6,48,0.00856624721
obj_07_pumpkin2,0.5,8,10,random48_2,0.8,48,0.00856624721
obj_07_pumpkin2,0.5,8,10,random48_3,0.1,14,0.0635652376
obj_07_pumpkin2,0.5,8,10,random48_3,0.2,28,0.0268012834
obj_07_pumpkin2,0.5,8,10,random48_3,0.4,48,0.00856624721
obj_07_pumpkin2,0.5,8,10,random48_3,0.6,48,0.00856624721
obj_07_pumpkin2,0.5,8,10,random48_3,0.8,48,0.00856624721
obj_07_pumpkin2,0.5,8,10,random48_4,0.1,14,0.0603871929
obj_07_pumpkin2,0.5,8,10,random48_4,0.2,28,0.0482389035
obj_07_pumpkin2,0.5,8,10,random48_4,0.4,48,0.00856624721
obj_07_pumpkin2,0.5,8,10,random48_4,0.6,48,0.00856624721
obj_07_pumpkin2,0.5,8,10,random48_4,0.8,48,0.00856624721
obj_07_pumpkin2,0.5,8,100,random48_0,0.1,14,0.0724084449
obj_07_pumpkin2,0.5,8,100,random48_0,0.2,28,0.100633294
obj_07_pumpkin2,0.5,8,100,random48_0,0.4,48,0.000968150891
obj_07_pumpkin2,0.5,8,100,random48_0,0.6,48,0.000968150891
obj_07_pumpkin2,0.5,8,100,random48_0,0.8,48,0.000968150891
obj_07_pumpkin2,0.5,8,100,random48_1,0.1,14,0.00629604795
obj_07_pumpkin2,0.5,8,100,random48_1,0.2,28,0.0433300353
obj_07_pumpkin2,0.5,8,100,random48_1,0.4,48,0.000968150891
obj_07_pumpkin2,0.5,8,100,random48_1,0.6,48,0.000968150891
obj_07_pumpkin2,0.5,8,100,random48_1,0.8,48,0.000968150891
obj_07_pumpkin2,0.5,8,100,random48_2,0.1,14,0.0511433678
obj_07_pumpkin2,0.5,8,100,random48_2,0.2,28,0.065181266
obj_07_pumpkin2,0.5,8,100,random48_2,0.4,48,0.000968150891
obj_07_pumpkin2,0.5,8,100,random48_2,0.6,48,0.000968150891
obj_07_pumpkin2,0.5,8,100,random48_2,0.8,48,0.000968150891
obj_07_pumpkin2,0.5,8,100,random48_3,0.1,14,0.0981863346
obj_07_pumpkin2,0.5,8,100,random48_3,0.2,28,0.0543996326
obj_07_pumpkin2,0.5,8,100,random48_3,0.4,48,0.000968150891
obj_07_pumpkin2,0.5,8,100,random48_3,0.6,48,0.000968150891
obj_07_pumpkin2,0.5,8,100,random48_3,0.8,48,0.000968150891
obj_07_pumpkin2,0.5,8,100,random48_4,0.1,14,0.162808337
obj_07_pumpkin2,0.5,8,100,random48_4,0.2,28,0.0980449921
obj_07_pumpkin2,0.5,8,100,random48_4,0.4,48,0.000968150891
obj_07_pumpkin2,0.5,8,100,random48_4,0.6,48,0.000968150891
obj_07_pumpkin2,0.5,8,100,random48_4,0.8,48,0.000968150891
obj_07_pumpkin2,0.5,9,10,random48_0,0.1,14,0.0648617584
obj_07_pumpkin2,0.5,9,10,random48_0,0.2,28,0.115395352
obj_07_pumpkin2,0.5,9,10,random48_0,0.4,48,0.012853784
obj_07_pumpkin2,0.5,9,10,random48_0,0.6,48,0.012853784
obj_07_pumpkin2,0.5,9,10,random48_0,0.8,48,0.012853784
obj_07_pumpkin2,0.5,9,10,random48_1,0.1,14,0.0483834654
obj_07_pumpkin2,0.5,9,10,random48_1,0.2,28,0.0657185151
obj_07_pumpkin2,0.5,9,10,random48_1,0.4,48,0.012853784
obj_07_pumpkin2,0.5,9,10,random48_1,0.6,48,0.012853784
obj_07_pumpkin2,0.5,9,10,random48_1,0.8,48,0.012853784
obj_07_pumpkin2,0.5,9,10,random48_2,0.1,14,0.155115838
obj_07_pumpkin2,0.5,9,10,random48_2,0.2,28,0.184488947
obj_07_pumpkin2,0.5,9,10,random48_2,0.4,48,0.012853784
obj_07_pumpkin2,0.5,9,10,random48_2,0.6,48,0.012853784
obj_07_pumpkin2,0.5,9,10,random48_2,0.8,48,0.012853784
obj_07_pumpkin2,0.5,9,10,random48_3,0.1,14,0.11360299
obj_07_pumpkin2,0.5,9,10,random48_3,0.2,28,0.178140181
obj_07_pumpkin2,0.5,9,10,random48_3,0.4,48,0.012853784
obj_07_pumpkin2,0.5,9,10,random48_3,0.6,48,0.012853784
obj_07_pumpkin2,0.5,9,10,random48_3,0.8,48,0.012853784
obj_07_pumpkin2,0.5,9,10,random48_4,0.1,14,0.103929244
obj_07_pumpkin2,0.5,9,10,random48_4,0.2,28,0.146283813
obj_07_pumpkin2,0.5,9,10,random48_4,0.4,48,0.012853784
obj_07_pumpkin2,0.5,9,10,random48_4,0.6,48,0.012853784
obj_07_pumpkin2,0.5,9,10,random48_4,0.8,48,0.012853784
obj_07_pumpkin2,0.5,9,100,random48_0,0.1,14,0.0783772743
obj_07_pumpkin2,0.5,9,100,random48_0,0.2,28,0.21822673
obj_07_pumpkin2,0.5,9,100,random48_0,0.4,48,0.00162971115
obj_07_pumpkin2,0.5,9,100,random48_0,0.6,48,0.00162971115
obj_07_pumpkin2,0.5,9,100,random48_0,0.8,48,0.00162971115
obj_07_pumpkin2,0.5,9,100,random48_1,0.1,14,0.184817958
obj_07_pumpkin2,0.5,9,100,random48_1,0.2,28,0.20473468
obj_07_pumpkin2,0.5,9,100,random48_1,0.4,48,0.00162971115
obj_07_pumpkin2,0.5,9,100,random48_1,0.6,48,0.00162971115
obj_07_pumpkin2,0.5,9,100,random48_1,0.8,48,0.00162971115
obj_07_pumpkin2,0.5,9,100,random48_2,0.1,14,0.10293552
obj_07_pumpkin2,0.5,9,100,random48_2,0.2,28,0.0417336757
obj_07_pumpkin2,0.5,9,100,random48_2,0.4,48,0.00162971115
obj_07_pumpkin2,0.5,9,100,random48_2,0.6,48,0.00162971115
obj_07_pumpkin2,0.5,9,100,random48_2,0.8,48,0.00162971115
obj_07_pumpkin2,0.5,9,100,random48_3,0.1,14,0.0492870635
obj_07_pumpkin2,0.5,9,100,random48_3,0.2,28,0.0255409374
obj_07_pumpkin2,0.5,9,100,random48_3,0.4,48,0.00162971115
obj_07_pumpkin2,0.5,9,100,random48_3,0.6,48,0.00162971115
obj_07_pumpkin2,0.5,9,100,random48_3,0.8,48,0.00162971115
obj_07_pumpkin2,0.5,9,100,random48_4,0.1,14,0.323705511
obj_07_pumpkin2,0.5,9,100,random48_4,0.2,28,0.334171977
obj_07_pumpkin2,0.5,9,100,random48_4,0.4,48,0.00162971115
obj_07_pumpkin2,0.5,9,100,random48_4,0.6,48,0.00162971115
obj_07_pumpkin2,0.5,9,100,random48_4,0.8,48,0.00162971115
obj_07_pumpkin2,1.0,0,10,random48_0,0.1,14,1.10641569
obj_07_pumpkin2,1.0,0,10,random48_0,0.2,28,0.0838760916
obj_07_pumpkin2,1.0,0,10,random48_0,0.4,48,0.0890101613
obj_07_pumpkin2,1.0,0,10,random48_0,0.6,48,0.0890101613
obj_07_pumpkin2,1.0,0,10,random48_0,0.8,48,0.0890101613
obj_07_pumpkin2,1.0,0,10,random48_1,0.1,14,0.362388145
obj_07_pumpkin2,1.0,0,10,random48_1,0.2,28,0.217563687
obj_07_pumpkin2,1.0,0,10,random48_1,0.4,48,0.0890101613
obj_07_pumpkin2,1.0,0,10,random48_1,0.6,48,0.0890101613
obj_07_pumpkin2,1.0,0,10,random48_1,0.8,48,0.0890101613
obj_07_pumpkin2,1.0,0,10,random48_2,0.1,14,1.12869536
obj_07_pumpkin2,1.0,0,10,random48_2,0.2,28,1.15901176
obj_07_pumpkin2,1.0,0,10,random48_2,0.4,48,0.0890101613
obj_07_pumpkin2,1.0,0,10,random48_2,0.6,48,0.0890101613
obj_07_pumpkin2,1.0,0,10,random48_2,0.8,48,0.0890101613
obj_07_pumpkin2,1.0,0,10,random48_3,0.1,14,0.399114383
obj_07_pumpkin2,1.0,0,10,random48_3,0.2,28,0.456346619
obj_07_pumpkin2,1.0,0,10,random48_3,0.4,48,0.0890101613
obj_07_pumpkin2,1.0,0,10,random48_3,0.6,48,0.0890101613
obj_07_pumpkin2,1.0,0,10,random48_3,0.8,48,0.0890101613
obj_07_pumpkin2,1.0,0,10,random48_4,0.1,14,0.17429444
obj_07_pumpkin2,1.0,0,10,random48_4,0.2,28,0.201120926
obj_07_pumpkin2,1.0,0,10,random48_4,0.4,48,0.0890101613
obj_07_pumpkin2,1.0,0,10,random48_4,0.6,48,0.0890101613
obj_07_pumpkin2,1.0,0,10,random48_4,0.8,48,0.0890101613
obj_07_pumpkin2,1.0,0,100,random48_0,0.1,14,1.5301158
obj_07_pumpkin2,1.0,0,100,random48_0,0.2,28,1.25522673
obj_07_pumpkin2,1.0,0,100,random48_0,0.4,48,0.00600532973
obj_07_pumpkin2,1.0,0,100,random48_0,0.6,48,0.00600532973
obj_07_pumpkin2,1.0,0,100,random48_0,0.8,48,0.00600532973
obj_07_pumpkin2,1.0,0,100,random48_1,0.1,14,1.95190124
obj_07_pumpkin2,1.0,0,100,random48_1,0.2,28,2.09818979
obj_07_pumpkin2,1.0,0,100,random48_1,0.4,48,0.00600532973
obj_07_pumpkin2,1.0,0,100,random48_1,0.6,48,0.00600532973
obj_07_pumpkin2,1.0,0,100,random48_1,0.8,48,0.00600532973
obj_07_pumpkin2,1.0,0,100,random48_2,0.1,14,0.687339457
obj_07_pumpkin2,1.0,0,100,random48_2,0.2,28,1.74735124
obj_07_pumpkin2,1.0,0,100,random48_2,0.4,48,0.00600532973
obj_07_pumpkin2,1.0,0,100,random48_2,0.6,48,0.00600532973
obj_07_pumpkin2,1.0,0,100,random48_2,0.8,48,0.00600532973
obj_07_pumpkin2,1.0,0,100,random48_3,0.1,14,0.572208883
obj_07_pumpkin2,1.0,0,100,random48_3,0.2,28,0.786498553
obj_07_pumpkin2,1.0,0,100,random48_3,0.4,48,0.00600532973
obj_07_pumpkin2,1.0,0,100,random48_3,0.6,48,0.00600532973
obj_07_pumpkin2,1.0,0,100,random48_3,0.8,48,0.00600532973
obj_07_pumpkin2,1.0,0,100,random48_4,0.1,14,0.498834031
obj_07_pumpkin2,1.0,0,100,random48_4,0.2,28,0.642411611
obj_07_pumpkin2,1.0,0,100,random48_4,0.4,48,0.00600532973
obj_07_pumpkin2,1.0,0,100,random48_4,0.6,48,0.00600532973
obj_07_pumpkin2,1.0,0,100,random48_4,0.8,48,0.00600532973
obj_07_pumpkin2,1.0,1,10,random48_0,0.1,14,0.127823699
obj_07_pumpkin2,1.0,1,10,random48_0,0.2,28,0.642806021
obj_07_pumpkin2,1.0,1,10,random48_0,0.4,48,0.07715778
obj_07_pumpkin2,1.0,1,10,random48_0,0.6,48,0.07715778
obj_07_pumpkin2,1.0,1,10,random48_0,0.8,48,0.07715778
obj_07_pumpkin2,1.0,1,10,random48_1,0.1,14,0.464230659
obj_07_pumpkin2,1.0,1,10,random48_1,0.2,28,0.697725666
obj_07_pumpkin2,1.0,1,10,random48_1,0.4,48,0.07715778
obj_07_pumpkin2,1.0,1,10,random48_1,0.6,48,0.07715778
obj_07_pumpkin2,1.0,1,10,random48_1,0.8,48,0.07715778
obj_07_pumpkin2,1.0,1,10,random48_2,0.1,14,0.496910251
obj_07_pumpkin2,1.0,1,10,random48_2,0.2,28,0.360387161
obj_07_pumpkin2,1.0,1,10,random48_2,0.4,48,0.07715778
obj_07_pumpkin2,1.0,1,10,random48_2,0.6,48,0.07715778
obj_07_pumpkin2,1.0,1,10,random48_2,0.8,48,0.07715778
obj_07_pumpkin2,1.0,1,10,random48_3,0.1,14,0.377328008
obj_07_pumpkin2,1.0,1,10,random48_3,0.2,28,0.790709199
obj_07_pumpkin2,1.0,1,10,random48_3,0.4,48,0.07715778
obj_07_pumpkin2,1.0,1,10,random48_3,0.6,48,0.07715778
obj_07_pumpkin2,1.0,1,10,random48_3,0.8,48,0.07715778
obj_07_pumpkin2,1.0,1,10,random48_4,0.1,14,0.244394237
obj_07_pumpkin2,1.0,1,10,random48_4,0.2,28,0.541962392
obj_07_pumpkin2,1.0,1,10,random48_4,0.4,48,0.07715778
obj_07_pumpkin2,1.0,1,10,random48_4,0.6,48,0.07715778
obj_07_pumpkin2,1.0,1,10,random48_4,0.8,48,0.07715778
obj_07_pumpkin2,1.0,1,100,random48_0,0.1,14,0.336935263
obj_07_pumpkin2,1.0,1,100,random48_0,0.2,28,0.273027451
obj_07_pumpkin2,1.0,1,100,random48_0,0.4,48,0.00749947951
obj_07_pumpkin2,1.0,1,100,random48_0,0.6,48,0.00749947951
obj_07_pumpkin2,1.0,1,100,random48_0,0.8,48,0.00749947951
obj_07_pumpkin2,1.0,1,100,random48_1,0.1,14,0.116369091
obj_07_pumpkin2,1.0,1,100,random48_1,0.2,28,0.304243621
obj_07_pumpkin2,1.0,1,100,random48_1,0.4,48,0.00749947951
obj_07_pumpkin2,1.0,1,100,random48_1,0.6,48,0.00749947951
obj_07_pumpkin2,1.0,1,100,random48_1,0.8,48,0.00749947951
obj_07_pumpkin2,1.0,1,100,random48_2,0.1,14,0.13021308
obj_07_pumpkin2,1.0,1,100,random48_2,0.2,28,0.828542814
obj_07_pumpkin2,1.0,1,100,random48_2,0.4,48,0.00749947951
obj_07_pumpkin2,1.0,1,100,random48_2,0.6,48,0.00749947951
obj_07_pumpkin2,1.0,1,100,random48_2,0.8,48,0.00749947951
obj_07_pumpkin2,1.0,1,100,random48_3,0.1,14,0.310938062
obj_07_pumpkin2,1.0,1,100,random48_3,0.2,28,0.832768613
obj_07_pumpkin2,1.0,1,100,random48_3,0.4,48,0.00749947951
obj_07_pumpkin2,1.0,1,100,random48_3,0.6,48,0.00749947951
obj_07_pumpkin2,1.0,1,100,random48_3,0.8,48,0.00749947951
obj_07_pumpkin2,1.0,1,100,random48_4,0.1,14,0.513484648
obj_07_pumpkin2,1.0,1,100,random48_4,0.2,28,0.853886915
obj_07_pumpkin2,1.0,1,100,random48_4,0.4,48,0.00749947951
obj_07_pumpkin2,1.0,1,100,random48_4,0.6,48,0.00749947951
obj_07_pumpkin2,1.0,1,100,random48_4,0.8,48,0.00749947951
obj_07_pumpkin2,1.0,2,10,random48_0,0.1,14,1.50909515
obj_07_pumpkin2,1.0,2,10,random48_0,0.2,28,1.10182182
obj_07_pumpkin2,1.0,2,10,random48_0,0.4,48,0.105190589
obj_07_pumpkin2,1.0,2,10,random48_0,0.6,48,0.105190589
obj_07_pumpkin2,1.0,2,10,random48_0,0.8,48,0.105190589
obj_07_pumpkin2,1.0,2,10,random48_1,0.1,14,1.65337853
obj_07_pumpkin2,1.0,2,10,random48_1,0.2,28,2.90191536
obj_07_pumpkin2,1.0,2,10,random48_1,0.4,48,0.105190589
obj_07_pumpkin2,1.0,2,10,random48_1,0.6,48,0.105190589
obj_07_pumpkin2,1.0,2,10,random48_1,0.8,48,0.105190589
obj_07_pumpkin2,1.0,2,10,random48_2,0.1,14,1.80933235
obj_07_pumpkin2,1.0,2,10,random48_2,0.2,28,1.99466929
obj_07_pumpkin2,1.0,2,10,random48_2,0.4,48,0.105190589
obj_07_pumpkin2,1.0,2,10,random48_2,0.6,48,0.105190589
obj_07_pumpkin2,1.0,2,10,random48_2,0.8,48,0.105190589
obj_07_pumpkin2,1.0,2,10,random48_3,0.1,14,0.429922412
obj_07_pumpkin2,1.0,2,10,random48_3,0.2,28,0.419309665
obj_07_pumpkin2,1.0,2,10,random48_3,0.4,48,0.105190589
obj_07_pumpkin2,1.0,2,10,random48_3,0.6,48,0.105190589
obj_07_pumpkin2,1.0,2,10,random48_3,0.8,48,0.105190589
obj_07_pumpkin2,1.0,2,10,random48_4,0.1,14,1.02622842
obj_07_pumpkin2,1.0,2,10,random48_4,0.2,28,0.892207315
obj_07_pumpkin2,1.0,2,10,random48_4,0.4,48,0.105190589
obj_07_pumpkin2,1.0,2,10,random48_4,0.6,48,0.105190589
obj_07_pumpkin2,1.0,2,10,random48_4,0.8,48,0.105190589
obj_07_pumpkin2,1.0,2,100,random48_0,0.1,14,1.12707379
obj_07_pumpkin2,1.0,2,100,random48_0,0.2,28,0.135339769
obj_07_pumpkin2,1.0,2,100,random48_0,0.4,48,0.00547434736
obj_07_pumpkin2,1.0,2,100,random48_0,0.6,48,0.00547434736
obj_07_pumpkin2,1.0,2,100,random48_0,0.8,48,0.00547434736
obj_07_pumpkin2,1.0,2,100,random48_1,0.1,14,2.29258007
obj_07_pumpkin2,1.0,2,100,random48_1,0.2,28,1.23413062
obj_07_pumpkin2,1.0,2,100,random48_1,0.4,48,0.00547434736
obj_07_pumpkin2,1.0,2,100,random48_1,0.6,48,0.00547434736
obj_07_pumpkin2,1.0,2,100,random48_1,0.8,48,0.00547434736
obj_07_pumpkin2,1.0,2,100,random48_2,0.1,14,2.34536835
obj_07_pumpkin2,1.0,2,100,random48_2,0.2,28,1.39246457
obj_07_pumpkin2,1.0,2,100,random48_2,0.4,48,0.00547434736
obj_07_pumpkin2,1.0,2,100,random48_2,0.6,48,0.00547434736
obj_07_pumpkin2,1.0,2,100,random48_2,0.8,48,0.00547434736
obj_07_pumpkin2,1.0,2,100,random48_3,0.1,14,1.2417867
obj_07_pumpkin2,1.0,2,100,random48_3,0.2,28,0.273302802
obj_07_pumpkin2,1.0,2,100,random48_3,0.4,48,0.00547434736
obj_07_pumpkin2,1.0,2,100,random48_3,0.6,48,0.00547434736
obj_07_pumpkin2,1.0,2,100,random48_3,0.8,48,0.00547434736
obj_07_pumpkin2,1.0,2,100,random48_4,0.1,14,2.15646692
obj_07_pumpkin2,1.0,2,100,random48_4,0.2,28,1.41104209
obj_07_pumpkin2,1.0,2,100,random48_4,0.4,48,0.00547434736
obj_07_pumpkin2,1.0,2,100,random48_4,0.6,48,0.00547434736
obj_07_pumpkin2,1.0,2,100,random48_4,0.8,48,0.00547434736
obj_07_pumpkin2,1.0,3,10,random48_0,0.1,14,1.16909888
obj_07_pumpkin2,1.0,3,10,random48_0,0.2,28,0.684798331
obj_07_pumpkin2,1.0,3,10,random48_0,0.4,48,0.406259676
obj_07_pumpkin2,1.0,3,10,random48_0,0.6,48,0.406259676
obj_07_pumpkin2,1.0,3,10,random48_0,0.8,48,0.406259676
obj_07_pumpkin2,1.0,3,10,random48_1,0.1,14,1.97712466
obj_07_pumpkin2,1.0,3,10,random48_1,0.2,28,0.189622676
obj_07_pumpkin2,1.0,3,10,random48_1,0.4,48,0.406259676
obj_07_pumpkin2,1.0,3,10,random48_1,0.6,48,0.406259676
obj_07_pumpkin2,1.0,3,10,random48_1,0.8,48,0.406259676
obj_07_pumpkin2,1.0,3,10,random48_2,0.1,14,1.19206992
obj_07_pumpkin2,1.0,3,10,random48_2,0.2,28,1.31008511
obj_07_pumpkin2,1.0,3,10,random48_2,0.4,48,0.406259676
obj_07_pumpkin2,1.0,3,10,random48_2,0.6,48,0.406259676
obj_07_pumpkin2,1.0,3,10,random48_2,0.8,48,0.406259676
obj_07_pumpkin2,1.0,3,10,random48_3,0.1,14,1.24685935
obj_07_pumpkin2,1.0,3,10,random48_3,0.2,28,2.18341149
obj_07_pumpkin2,1.0,3,10,random48_3,0.4,48,0.406259676
obj_07_pumpkin2,1.0,3,10,random48_3,0.6,48,0.406259676
obj_07_pumpkin2,1.0,3,10,random48_3,0.8,48,0.406259676
obj_07_pumpkin2,1.0,3,10,random48_4,0.1,14,1.06104585
obj_07_pumpkin2,1.0,3,10,random48_4,0.2,28,2.75294856
obj_07_pumpkin2,1.0,3,10,random48_4,0.4,48,0.406259676
obj_07_pumpkin2,1.0,3,10,random48_4,0.6,48,0.406259676
obj_07_pumpkin2,1.0,3,10,random48_4,0.8,48,0.406259676
obj_07_pumpkin2,1.0,3,100,random48_0,0.1,14,2.32140428
obj_07_pumpkin2,1.0,3,100,random48_0,0.2,28,1.25837811
obj_07_pumpkin2,1.0,3,100,random48_0,0.4,48,0.0292966428
obj_07_pumpkin2,1.0,3,100,random48_0,0.6,48,0.0292966428
obj_07_pumpkin2,1.0,3,100,random48_0,0.8,48,0.0292966428
obj_07_pumpkin2,1.0,3,100,random48_1,0.1,14,1.17308801
obj_07_pumpkin2,1.0,3,100,random48_1,0.2,28,0.786621186
obj_07_pumpkin2,1.0,3,100,random48_1,0.4,48,0.0292966428
obj_07_pumpkin2,1.0,3,100,random48_1,0.6,48,0.0292966428
obj_07_pumpkin2,1.0,3,100,random48_1,0.8,48,0.0292966428
obj_07_pumpkin2,1.0,3,100,random48_2,0.1,14,0.299195538
obj_07_pumpkin2,1.0,3,100,random48_2,0.2,28,0.566937806
obj_07_pumpkin2,1.0,3,100,random48_2,0.4,48,0.0292966428
obj_07_pumpkin2,1.0,3,100,random48_2,0.6,48,0.0292966428
obj_07_pumpkin2,1.0,3,100,random48_2,0.8,48,0.0292966428
obj_07_pumpkin2,1.0,3,100,random48_3,0.1,14,1.18786518
obj_07_pumpkin2,1.0,3,100,random48_3,0.2,28,1.37281887
obj_07_pumpkin2,1.0,3,100,random48_3,0.4,48,0.0292966428
obj_07_pumpkin2,1.0,3,100,random48_3,0.6,48,0.0292966428
obj_07_pumpkin2,1.0,3,100,random48_3,0.8,48,0.0292966428
obj_07_pumpkin2,1.0,3,100,random48_4,0.1,14,1.13326219
obj_07_pumpkin2,1.0,3,100,random48_4,0.2,28,1.42917417
obj_07_pumpkin2,1.0,3,100,random48_4,0.4,48,0.0292966428
obj_07_pumpkin2,1.0,3,100,random48_4,0.6,48,0.0292966428
obj_07_pumpkin2,1.0,3,100,random48_4,0.8,48,0.0292966428
obj_07_pumpkin2,1.0,4,10,random48_0,0.1,14,0.380389125
obj_07_pumpkin2,1.0,4,10,random48_0,0.2,28,1.01088385
obj_07_pumpkin2,1.0,4,10,random48_0,0.4,48,0.032279002
obj_07_pumpkin2,1.0,4,10,random48_0,0.6,48,0.032279002
obj_07_pumpkin2,1.0,4,10,random48_0,0.8,48,0.032279002
obj_07_pumpkin2,1.0,4,10,random48_1,0.1,14,0.411366495
obj_07_pumpkin2,1.0,4,10,random48_1,0.2,28,0.873026205
obj_07_pumpkin2,1.0,4,10,random48_1,0.4,48,0.032279002
obj_07_pumpkin2,1.0,4,10,random48_1,0.6,48,0.032279002
obj_07_pumpkin2,1.0,4,10,random48_1,0.8,48,0.032279002
obj_07_pumpkin2,1.0,4,10,random48_2,0.1,14,0.739667333
obj_07_pumpkin2,1.0,4,10,random48_2,0.2,28,0.765535774
obj_07_pumpkin2,1.0,4,10,random48_2,0.4,48,0.032279002
obj_07_pumpkin2,1.0,4,10,random48_2,0.6,48,0.032279002
obj_07_pumpkin2,1.0,4,10,random48_2,0.8,48,0.032279002
obj_07_pumpkin2,1.0,4,10,random48_3,0.1,14,0.953090414
obj_07_pumpkin2,1.0,4,10,random48_3,0.2,28,0.479035725
obj_07_pumpkin2,1.0,4,10,random48_3,0.4,48,0.032279002
obj_07_pumpkin2,1.0,4,10,random48_3,0.6,48,0.032279002
obj_07_pumpkin2,1.0,4,10,random48_3,0.8,48,0.032279002
obj_07_pumpkin2,1.0,4,10,random48_4,0.1,14,0.101873828
obj_07_pumpkin2,1.0,4,10,random48_4,0.2,28,0.0667393167
obj_07_pumpkin2,1.0,4,10,random48_4,0.4,48,0.032279002
obj_07_pumpkin2,1.0,4,10,random48_4,0.6,48,0.032279002
obj_07_pumpkin2,1.0,4,10,random48_4,0.8,48,0.032279002
obj_07_pumpkin2,1.0,4,100,random48_0,0.1,14,0.324374717
obj_07_pumpkin2,1.0,4,100,random48_0,0.2,28,0.867264793
obj_07_pumpkin2,1.0,4,100,random48_0,0.4,48,0.00202526472
obj_07_pumpkin2,1.0,4,100,random48_0,0.6,48,0.00202526472
obj_07_pumpkin2,1.0,4,100,random48_0,0.8,48,0.00202526472
obj_07_pumpkin2,1.0,4,100,random48_1,0.1,14,0.763437242
obj_07_pumpkin2,1.0,4,100,random48_1,0.2,28,1.12906021
obj_07_pumpkin2,1.0,4,100,random48_1,0.4,48,0.00202526472
obj_07_pumpkin2,1.0,4,100,random48_1,0.6,48,0.00202526472
obj_07_pumpkin2,1.0,4,100,random48_1,0.8,48,0.00202526472
obj_07_pumpkin2,1.0,4,100,random48_2,0.1,14,0.26135035
obj_07_pumpkin2,1.0,4,100,random48_2,0.2,28,0.630643802
obj_07_pumpkin2,1.0,4,100,random48_2,0.4,48,0.00202526472
obj_07_pumpkin2,1.0,4,100,random48_2,0.6,48,0.00202526472
obj_07_pumpkin2,1.0,4,100,random48_2,0.8,48,0.00202526472
obj_07_pumpkin2,1.0,4,100,random48_3,0.1,14,0.237456942
obj_07_pumpkin2,1.0,4,100,random48_3,0.2,28,0.233680769
obj_07_pumpkin2,1.0,4,100,random48_3,0.4,48,0.00202526472
obj_07_pumpkin2,1.0,4,100,random48_3,0.6,48,0.00202526472
obj_07_pumpkin2,1.0,4,100,random48_3,0.8,48,0.00202526472
obj_07_pumpkin2,1.0,4,100,random48_4,0.1,14,1.55705969
obj_07_pumpkin2,1.0,4,100,random48_4,0.2,28,1.48835047
obj_07_pumpkin2,1.0,4,100,random48_4,0.4,48,0.00202526472
obj_07_pumpkin2,1.0,4,100,random48_4,0.6,48,0.00202526472
obj_07_pumpkin2,1.0,4,100,random48_4,0.8,48,0.00202526472
obj_07_pumpkin2,1.0,5,10,random48_0,0.1,14,0.216382281
obj_07_pumpkin2,1.0,5,10,random48_0,0.2,28,0.519129456
obj_07_pumpkin2,1.0,5,10,random48_0,0.4,48,0.0513738074
obj_07_pumpkin2,1.0,5,10,random48_0,0.6,48,0.0513738074
obj_07_pumpkin2,1.0,5,10,random48_0,0.8,48,0.0513738074
obj_07_pumpkin2,1.0,5,10,random48_1,0.1,14,0.479338328
obj_07_pumpkin2,1.0,5,10,random48_1,0.2,28,0.675628652
obj_07_pumpkin2,1.0,5,10,random48_1,0.4,48,0.0513738074
obj_07_pumpkin2,1.0,5,10,random48_1,0.6,48,0.0513738074
obj_07_pumpkin2,1.0,5,10,random48_1,0.8,48,0.0513738074
obj_07_pumpkin2,1.0,5,10,random48_2,0.1,14,0.0676008679
obj_07_pumpkin2,1.0,5,10,random48_2,0.2,28,0.201455258
obj_07_pumpkin2,1.0,5,10,random48_2,0.4,48,0.0513738074
obj_07_pumpkin2,1.0,5,10,random48_2,0.6,48,0.0513738074
obj_07_pumpkin2,1.0,5,10,random48_2,0.8,48,0.0513738074
obj_07_pumpkin2,1.0,5,10,random48_3,0.1,14,0.209746208
obj_07_pumpkin2,1.0,5,10,random48_3,0.2,28,0.260074328
obj_07_pumpkin2,1.0,5,10,random48_3,0.4,48,0.0513738074
obj_07_pumpkin2,1.0,5,10,random48_3,0.6,48,0.0513738074
obj_07_pumpkin2,1.0,5,10,random48_3,0.8,48,0.0513738074
obj_07_pumpkin2,1.0,5,10,random48_4,0.1,14,0.225983582
obj_07_pumpkin2,1.0,5,10,random48_4,0.2,28,0.332503202
obj_07_pumpkin2,1.0,5,10,random48_4,0.4,48,0.0513738074
obj_07_pumpkin2,1.0,5,10,random48_4,0.6,48,0.0513738074
obj_07_pumpkin2,1.0,5,10,random48_4,0.8,48,0.0513738074
obj_07_pumpkin2,1.0,5,100,random48_0,0.1,14,0.118646682
obj_07_pumpkin2,1.0,5,100,random48_0,0.2,28,0.155311809
obj_07_pumpkin2,1.0,5,100,random48_0,0.4,48,0.00375191408
obj_07_pumpkin2,1.0,5,100,random48_0,0.6,48,0.00375191408
obj_07_pumpkin2,1.0,5,100,random48_0,0.8,48,0.00375191408
obj_07_pumpkin2,1.0,5,100,random48_1,0.1,14,0.330594585
obj_07_pumpkin2,1.0,5,100,random48_1,0.2,28,0.947677815
obj_07_pumpkin2,1.0,5,100,random48_1,0.4,48,0.00375191408
obj_07_pumpkin2,1.0,5,100,random48_1,0.6,48,0.00375191408
obj_07_pumpkin2,1.0,5,100,random48_1,0.8,48,0.00375191408
obj_07_pumpkin2,1.0,5,100,random48_2,0.1,14,0.357396649
obj_07_pumpkin2,1.0,5,100,random48_2,0.2,28,0.240955868
obj_07_pumpkin2,1.0,5,100,random48_2,0.4,48,0.00375191408
obj_07_pumpkin2,1.0,5,100,random48_2,0.6,48,0.00375191408
obj_07_pumpkin2,1.0,5,100,random48_2,0.8,48,0.00375191408
obj_07_pumpkin2,1.0,5,100,random48_3,0.1,14,0.32927234
obj_07_pumpkin2,1.0,5,100,random48_3,0.2,28,0.343979663
obj_07_pumpkin2,1.0,5,100,random48_3,0.4,48,0.00375191408
obj_07_pumpkin2,1.0,5,100,random48_3,0.6,48,0.00375191408
obj_07_pumpkin2,1.0,5,100,random48_3,0.8,48,0.00375191408
obj_07_pumpkin2,1.0,5,100,random48_4,0.1,14,0.413389703
obj_07_pumpkin2,1.0,5,100,random48_4,0.2,28,0.417715058
obj_07_pumpkin2,1.0,5,100,random48_4,0.4,48,0.00375191408
obj_07_pumpkin2,1.0,5,100,random48_4,0.6,48,0.00375191408
obj_07_pumpkin2,1.0,5,100,random48_4,0.8,48,0.00375191408
obj_07_pumpkin2,1.0,6,10,random48_0,0.1,14,0.547309294
obj_07_pumpkin2,1.0,6,10,random48_0,0.2,28,1.19332671
obj_07_pumpkin2,1.0,6,10,random48_0,0.4,48,0.219515945
obj_07_pumpkin2,1.0,6,10,random48_0,0.6,48,0.219515945
obj_07_pumpkin2,1.0,6,10,random48_0,0.8,48,0.219515945
obj_07_pumpkin2,1.0,6,10,random48_1,0.1,14,0.325424284
obj_07_pumpkin2,1.0,6,10,random48_1,0.2,28,1.05450989
obj_07_pumpkin2,1.0,6,10,random48_1,0.4,48,0.219515945
obj_07_pumpkin2,1.0,6,10,random48_1,0.6,48,0.219515945
obj_07_pumpkin2,1.0,6,10,random48_1,0.8,48,0.219515945
obj_07_pumpkin2,1.0,6,10,random48_2,0.1,14,1.25606526
obj_07_pumpkin2,1.0,6,10,random48_2,0.2,28,1.08458258
obj_07_pumpkin2,1.0,6,10,random48_2,0.4,48,0.219515945
obj_07_pumpkin2,1.0,6,10,random48_2,0.6,48,0.219515945
obj_07_pumpkin2,1.0,6,10,random48_2,0.8,48,0.219515945
obj_07_pumpkin2,1.0,6,10,random48_3,0.1,14,0.469360517
obj_07_pumpkin2,1.0,6,10,random48_3,0.2,28,0.294286194
obj_07_pumpkin2,1.0,6,10,random48_3,0.4,48,0.219515945
obj_07_pumpkin2,1.0,6,10,random48_3,0.6,48,0.219515945
obj_07_pumpkin2,1.0,6,10,random48_3,0.8,48,0.219515945
obj_07_pumpkin2,1.0,6,10,random48_4,0.1,14,0.834811794
obj_07_pumpkin2,1.0,6,10,random48_4,0.2,28,0.642686337
obj_07_pumpkin2,1.0,6,10,random48_4,0.4,48,0.219515945
obj_07_pumpkin2,1.0,6,10,random48_4,0.6,48,0.219515945
obj_07_pumpkin2,1.0,6,10,random48_4,0.8,48,0.219515945
obj_07_pumpkin2,1.0,6,100,random48_0,0.1,14,0.777230376
obj_07_pumpkin2,1.0,6,100,random48_0,0.2,28,0.729707478
obj_07_pumpkin2,1.0,6,100,random48_0,0.4,48,0.0211349736
obj_07_pumpkin2,1.0,6,100,random48_0,0.6,48,0.0211349736
obj_07_pumpkin2,1.0,6,100,random48_0,0.8,48,0.0211349736
obj_07_pumpkin2,1.0,6,100,random48_1,0.1,14,1.00163521
obj_07_pumpkin2,1.0,6,100,random48_1,0.2,28,0.585384069
obj_07_pumpkin2,1.0,6,100,random48_1,0.4,48,0.0211349736
obj_07_pumpkin2,1.0,6,100,random48_1,0.6,48,0.0211349736
obj_07_pumpkin2,1.0,6,100,random48_1,0.8,48,0.0211349736
obj_07_pumpkin2,1.0,6,100,random48_2,0.1,14,0.714100788
obj_07_pumpkin2,1.0,6,100,random48_2,0.2,28,0.864405037
obj_07_pumpkin2,1.0,6,100,random48_2,0.4,48,0.0211349736
obj_07_pumpkin2,1.0,6,100,random48_2,0.6,48,0.0211349736
obj_07_pumpkin2,1.0,6,100,random48_2,0.8,48,0.0211349736
obj_07_pumpkin2,1.0,6,100,random48_3,0.1,14,0.365002669
obj_07_pumpkin2,1.0,6,100,random48_3,0.2,28,0.163960078
obj_07_pumpkin2,1.0,6,100,random48_3,0.4,48,0.0211349736
obj_07_pumpkin2,1.0,6,100,random48_3,0.6,48,0.0211349736
obj_07_pumpkin2,1.0,6,100,random48_3,0.8,48,0.0211349736
obj_07_pumpkin2,1.0,6,100,random48_4,0.1,14,0.768078196
obj_07_pumpkin2,1.0,6,100,random48_4,0.2,28,1.637159
obj_07_pumpkin2,1.0,6,100,random48_4,0.4,48,0.0211349736
obj_07_pumpkin2,1.0,6,100,random48_4,0.6,48,0.0211349736
obj_07_pumpkin2,1.0,6,100,random48_4,0.8,48,0.0211349736
obj_07_pumpkin2,1.0,7,10,random48_0,0.1,14,0.143166761
obj_07_pumpkin2,1.0,7,10,random48_0,0.2,28,0.161248746
obj_07_pumpkin2,1.0,7,10,random48_0,0.4,48,0.0109941684
obj_07_pumpkin2,1.0,7,10,random48_0,0.6,48,0.0109941684
obj_07_pumpkin2,1.0,7,10,random48_0,0.8,48,0.0109941684
obj_07_pumpkin2,1.0,7,10,random48_1,0.1,14,0.127334015
obj_07_pumpkin2,1.0,7,10,random48_1,0.2,28,0.275147094
obj_07_pumpkin2,1.0,7,10,random48_1,0.4,48,0.0109941684
obj_07_pumpkin2,1.0,7,10,random48_1,0.6,48,0.0109941684
obj_07_pumpkin2,1.0,7,10,random48_1,0.8,48,0.0109941684
obj_07_pumpkin2,1.0,7,10,random48_2,0.1,14,0.368875591
obj_07_pumpkin2,1.0,7,10,random48_2,0.2,28,0.545253732
obj_07_pumpkin2,1.0,7,10,random48_2,0.4,48,0.0109941684
obj_07_pumpkin2,1.0,7,10,random48_2,0.6,48,0.0109941684
obj_07_pumpkin2,1.0,7,10,random48_2,0.8,48,0.0109941684
obj_07_pumpkin2,1.0,7,10,random48_3,0.1,14,0.293619243
obj_07_pumpkin2,1.0,7,10,random48_3,0.2,28,0.464411729
obj_07_pumpkin2,1.0,7,10,random48_3,0.4,48,0.0109941684
obj_07_pumpkin2,1.0,7,10,random48_3,0.6,48,0.0109941684
obj_07_pumpkin2,1.0,7,10,random48_3,0.8,48,0.0109941684
obj_07_pumpkin2,1.0,7,10,random48_4,0.1,14,0.22665696
obj_07_pumpkin2,1.0,7,10,random48_4,0.2,28,0.407777369
obj_07_pumpkin2,1.0,7,10,random48_4,0.4,48,0.0109941684
obj_07_pumpkin2,1.0,7,10,random48_4,0.6,48,0.0109941684
obj_07_pumpkin2,1.0,7,10,random48_4,0.8,48,0.0109941684
obj_07_pumpkin2,1.0,7,100,random48_0,0.1,14,0.218693126
obj_07_pumpkin2,1.0,7,100,random48_0,0.2,28,0.215052419
obj_07_pumpkin2,1.0,7,100,random48_0,0.4,48,0.000719191316
obj_07_pumpkin2,1.0,7,100,random48_0,0.6,48,0.000719191316
obj_07_pumpkin2,1.0,7,100,random48_0,0.8,48,0.000719191316
obj_07_pumpkin2,1.0,7,100,random48_1,0.1,14,0.100575413
obj_07_pumpkin2,1.0,7,100,random48_1,0.2,28,0.235189735
obj_07_pumpkin2,1.0,7,100,random48_1,0.4,48,0.000719191316
obj_07_pumpkin2,1.0,7,100,random48_1,0.6,48,0.000719191316
obj_07_pumpkin2,1.0,7,100,random48_1,0.8,48,0.000719191316
obj_07_pumpkin2,1.0,7,100,random48_2,0.1,14,0.0984558665
obj_07_pumpkin2,1.0,7,100,random48_2,0.2,28,0.308272596
obj_07_pumpkin2,1.0,7,100,random48_2,0.4,48,0.000719191316
obj_07_pumpkin2,1.0,7,100,random48_2,0.6,48,0.000719191316
obj_07_pumpkin2,1.0,7,100,random48_2,0.8,48,0.000719191316
obj_07_pumpkin2,1.0,7,100,random48_3,0.1,14,0.318262624
obj_07_pumpkin2,1.0,7,100,random48_3,0.2,28,0.173859949
obj_07_pumpkin2,1.0,7,100,random48_3,0.4,48,0.000719191316
obj_07_pumpkin2,1.0,7,100,random48_3,0.6,48,0.000719191316
obj_07_pumpkin2,1.0,7,100,random48_3,0.8,48,0.000719191316
obj_07_pumpkin2,1.0,7,100,random48_4,0.1,14,0.10347456
obj_07_pumpkin2,1.0,7,100,random48_4,0.2,28,0.943679296
obj_07_pumpkin2,1.0,7,100,random48_4,0.4,48,0.000719191316
obj_07_pumpkin2,1.0,7,100,random48_4,0.6,48,0.000719191316
obj_07_pumpkin2,1.0,7,100,random48_4,0.8,48,0.000719191316
obj_07_pumpkin2,1.0,8,10,random48_0,0.1,14,2.14973112
obj_07_pumpkin2,1.0,8,10,random48_0,0.2,28,2.00960586
obj_07_pumpkin2,1.0,8,10,random48_0,0.4,48,0.413902236
obj_07_pumpkin2,1.0,8,10,random48_0,0.6,48,0.413902236
obj_07_pumpkin2,1.0,8,10,random48_0,0.8,48,0.413902236
obj_07_pumpkin2,1.0,8,10,random48_1,0.1,14,0.477896052
obj_07_pumpkin2,1.0,8,10,random48_1,0.2,28,2.01410473
obj_07_pumpkin2,1.0,8,10,random48_1,0.4,48,0.413902236
obj_07_pumpkin2,1.0,8,10,random48_1,0.6,48,0.413902236
obj_07_pumpkin2,1.0,8,10,random48_1,0.8,48,0.413902236
obj_07_pumpkin2,1.0,8,10,random48_2,0.1,14,0.646337462
obj_07_pumpkin2,1.0,8,10,random48_2,0.2,28,0.777586638
obj_07_pumpkin2,1.0,8,10,random48_2,0.4,48,0.413902236
obj_07_pumpkin2,1.0,8,10,random48_2,0.6,48,0.413902236
obj_07_pumpkin2,1.0,8,10,random48_2,0.8,48,0.413902236
obj_07_pumpkin2,1.0,8,10,random48_3,0.1,14,0.63392665
obj_07_pumpkin2,1.0,8,10,random48_3,0.2,28,0.668634813
obj_07_pumpkin2,1.0,8,10,random48_3,0.4,48,0.413902236
obj_07_pumpkin2,1.0,8,10,random48_3,0.6,48,0.413902236
obj_07_pumpkin2,1.0,8,10,random48_3,0.8,48,0.413902236
obj_07_pumpkin2,1.0,8,10,random48_4,0.1,14,1.48081866
obj_07_pumpkin2,1.0,8,10,random48_4,0.2,28,3.20335431
obj_07_pumpkin2,1.0,8,10,random48_4,0.4,48,0.413902236
obj_07_pumpkin2,1.0,8,10,random48_4,0.6,48,0.413902236
obj_07_pumpkin2,1.0,8,10,random48_4,0.8,48,0.413902236
obj_07_pumpkin2,1.0,8,100,random48_0,0.1,14,2.75740579
obj_07_pumpkin2,1.0,8,100,random48_0,0.2,28,2.58642351
obj_07_pumpkin2,1.0,8,100,random48_0,0.4,48,0.0546819853
obj_07_pumpkin2,1.0,8,100,random48_0,0.6,48,0.0546819853
obj_07_pumpkin2,1.0,8,100,random48_0,0.8,48,0.0546819853
obj_07_pumpkin2,1.0,8,100,random48_1,0.1,14,0.477760122
obj_07_pumpkin2,1.0,8,100,random48_1,0.2,28,2.63615211
obj_07_pumpkin2,1.0,8,100,random48_1,0.4,48,0.0546819853
obj_07_pumpkin2,1.0,8,100,random48_1,0.6,48,0.0546819853
obj_07_pumpkin2,1.0,8,100,random48_1,0.8,48,0.0546819853
obj_07_pumpkin2,1.0,8,100,random48_2,0.1,14,0.40762537
obj_07_pumpkin2,1.0,8,100,random48_2,0.2,28,1.7422745
obj_07_pumpkin2,1.0,8,100,random48_2,0.4,48,0.0546819853
obj_07_pumpkin2,1.0,8,100,random48_2,0.6,48,0.0546819853
obj_07_pumpkin2,1.0,8,100,random48_2,0.8,48,0.0546819853
obj_07_pumpkin2,1.0,8,100,random48_3,0.1,14,0.600117209
obj_07_pumpkin2,1.0,8,100,random48_3,0.2,28,0.714800829
obj_07_pumpkin2,1.0,8,100,random48_3,0.4,48,0.0546819853
obj_07_pumpkin2,1.0,8,100,random48_3,0.6,48,0.0546819853
obj_07_pumpkin2,1.0,8,100,random48_3,0.8,48,0.0546819853
obj_07_pumpkin2,1.0,8,100,random48_4,0.1,14,0.495061674
obj_07_pumpkin2,1.0,8,100,random48_4,0.2,28,0.966453125
obj_07_pumpkin2,1.0,8,100,random48_4,0.4,48,0.0546819853
obj_07_pumpkin2,1.0,8,100,random48_4,0.6,48,0.0546819853
obj_07_pumpkin2,1.0,8,100,random48_4,0.8,48,0.0546819853
obj_07_pumpkin2,1.0,9,10,random48_0,0.1,14,0.587102712
obj_07_pumpkin2,1.0,9,10,random48_0,0.2,28,0.702021561
obj_07_pumpkin2,1.0,9,10,random48_0,0.4,48,0.267264075
obj_07_pumpkin2,1.0,9,10,random48_0,0.6,48,0.267264075
obj_07_pumpkin2,1.0,9,10,random48_0,0.8,48,0.267264075
obj_07_pumpkin2,1.0,9,10,random48_1,0.1,14,0.715998253
obj_07_pumpkin2,1.0,9,10,random48_1,0.2,28,1.02580354
obj_07_pumpkin2,1.0,9,10,random48_1,0.4,48,0.267264075
obj_07_pumpkin2,1.0,9,10,random48_1,0.6,48,0.267264075
obj_07_pumpkin2,1.0,9,10,random48_1,0.8,48,0.267264075
obj_07_pumpkin2,1.0,9,10,random48_2,0.1,14,0.81207968
obj_07_pumpkin2,1.0,9,10,random48_2,0.2,28,1.06787798
obj_07_pumpkin2,1.0,9,10,random48_2,0.4,48,0.267264075
obj_07_pumpkin2,1.0,9,10,random48_2,0.6,48,0.267264075
obj_07_pumpkin2,1.0,9,10,random48_2,0.8,48,0.267264075
obj_07_pumpkin2,1.0,9,10,random48_3,0.1,14,1.93145118
obj_07_pumpkin2,1.0,9,10,random48_3,0.2,28,1.27221212
obj_07_pumpkin2,1.0,9,10,random48_3,0.4,48,0.267264075
obj_07_pumpkin2,1.0,9,10,random48_3,0.6,48,0.267264075
obj_07_pumpkin2,1.0,9,10,random48_3,0.8,48,0.267264075
obj_07_pumpkin2,1.0,9,10,random48_4,0.1,14,0.690557196
obj_07_pumpkin2,1.0,9,10,random48_4,0.2,28,0.775120516
obj_07_pumpkin2,1.0,9,10,random48_4,0.4,48,0.267264075
obj_07_pumpkin2,1.0,9,10,random48_4,0.6,48,0.267264075
obj_07_pumpkin2,1.0,9,10,random48_4,0.8,48,0.267264075
obj_07_pumpkin2,1.0,9,100,random48_0,0.1,14,1.04568238
obj_07_pumpkin2,1.0,9,100,random48_0,0.2,28,1.04527749
obj_07_pumpkin2,1.0,9,100,random48_0,0.4,48,0.0229930376
obj_07_pumpkin2,1.0,9,100,random48_0,0.6,48,0.0229930376
obj_07_pumpkin2,1.0,9,100,random48_0,0.8,48,0.0229930376
obj_07_pumpkin2,1.0,9,100,random48_1,0.1,14,0.845961672
obj_07_pumpkin2,1.0,9,100,random48_1,0.2,28,1.08656214
obj_07_pumpkin2,1.0,9,100,random48_1,0.4,48,0.0229930376
obj_07_pumpkin2,1.0,9,100,random48_1,0.6,48,0.0229930376
obj_07_pumpkin2,1.0,9,100,random48_1,0.8,48,0.0229930376
obj_07_pumpkin2,1.0,9,100,random48_2,0.1,14,0.828110059
obj_07_pumpkin2,1.0,9,100,random48_2,0.2,28,1.20842624
obj_07_pumpkin2,1.0,9,100,random48_2,0.4,48,0.0229930376
obj_07_pumpkin2,1.0,9,100,random48_2,0.6,48,0.0229930376
obj_07_pumpkin2,1.0,9,100,random48_2,0.8,48,0.0229930376
obj_07_pumpkin2,1.0,9,100,random48_3,0.1,14,1.17156835
obj_07_pumpkin2,1.0,9,100,random48_3,0.2,28,0.0629616354
obj_07_pumpkin2,1.0,9,100,random48_3,0.4,48,0.0229930376
obj_07_pumpkin2,1.0,9,100,random48_3,0.6,48,0.0229930376
obj_07_pumpkin2,1.0,9,100,random48_3,0.8,48,0.0229930376
obj_07_pumpkin2,1.0,9,100,random48_4,0.1,14,0.833848817
obj_07_pumpkin2,1.0,9,100,random48_4,0.2,28,1.05841931
obj_07_pumpkin2,1.0,9,100,random48_4,0.4,48,0.0229930376
obj_07_pumpkin2,1.0,9,100,random48_4,0.6,48,0.0229930376
obj_07_pumpkin2,1.0,9,100,random48_4,0.8,48,0.0229930376
obj_09_ball,0.2,0,10,random48_0,0.1,14,0.0673139048
obj_09_ball,0.2,0,10,random48_0,0.2,28,0.0717392588
obj_09_ball,0.2,0,10,random48_0,0.4,48,0.00724218395
obj_09_ball,0.2,0,10,random48_0,0.6,48,0.00724218395
obj_09_ball,0.2,0,10,random48_0,0.8,48,0.00724218395
obj_09_ball,0.2,0,10,random48_1,0.1,14,0.0210353241
obj_09_ball,0.2,0,10,random48_1,0.2,28,0.0509819928
obj_09_ball,0.2,0,10,random48_1,0.4,48,0.00724218395
obj_09_ball,0.2,0,10,random48_1,0.6,48,0.00724218395
obj_09_ball,0.2,0,10,random48_1,0.8,48,0.00724218395
obj_09_ball,0.2,0,10,random48_2,0.1,14,0.0294698129
obj_09_ball,0.2,0,10,random48_2,0.2,28,0.081342503
obj_09_ball,0.2,0,10,random48_2,0.4,48,0.00724218395
obj_09_ball,0.2,0,10,random48_2,0.6,48,0.00724218395
obj_09_ball,0.2,0,10,random48_2,0.8,48,0.00724218395
obj_09_ball,0.2,0,10,random48_3,0.1,14,0.0599903498
obj_09_ball,0.2,0,10,random48_3,0.2,28,0.05199605
obj_09_ball,0.2,0,10,random48_3,0.4,48,0.00724218395
obj_09_ball,0.2,0,10,random48_3,0.6,48,0.00724218395
obj_09_ball,0.2,0,10,random48_3,0.8,48,0.00724218395
obj_09_ball,0.2,0,10,random48_4,0.1,14,0.0490361025
obj_09_ball,0.2,0,10,random48_4,0.2,28,0.0187198887
obj_09_ball,0.2,0,10,random48_4,0.4,48,0.00724218395
obj_09_ball,0.2,0,10,random48_4,0.6,48,0.00724218395
obj_09_ball,0.2,0,10,random48_4,0.8,48,0.00724218395
obj_09_ball,0.2,0,100,random48_0,0.1,14,0.0232258919
obj_09_ball,0.2,0,100,random48_0,0.2,28,0.0649815871
obj_09_ball,0.2,0,100,random48_0,0.4,48,0.000854878182
obj_09_ball,0.2,0,100,random48_0,0.6,48,0.000854878182
obj_09_ball,0.2,0,100,random48_0,0.8,48,0.000854878182
obj_09_ball,0.2,0,100,random48_1,0.1,14,0.021462796
obj_09_ball,0.2,0,100,random48_1,0.2,28,0.0194428724
obj_09_ball,0.2,0,100,random48_1,0.4,48,0.000854878182
obj_09_ball,0.2,0,100,random48_1,0.6,48,0.000854878182
obj_09_ball,0.2,0,100,random48_1,0.8,48,0.000854878182
obj_09_ball,0.2,0,100,random48_2,0.1,14,0.0533963107
obj_09_ball,0.2,0,100,random48_2,0.2,28,0.0278023538
obj_09_ball,0.2,0,100,random48_2,0.4,48,0.000854878182
obj_09_ball,0.2,0,100,random48_2,0.6,48,0.000854878182
obj_09_ball,0.2,0,100,random48_2,0.8,48,0.000854878182
obj_09_ball,0.2,0,100,random48_3,0.1,14,0.0217181605
obj_09_ball,0.2,0,100,random48_3,0.2,28,0.0533664467
obj_09_ball,0.2,0,100,random48_3,0.4,48,0.000854878182
obj_09_ball,0.2,0,100,random48_3,0.6,48,0.000854878182
obj_09_ball,0.2,0,100,random48_3,0.8,48,0.000854878182
obj_09_ball,0.2,0,100,random48_4,0.1,14,0.0950428571
obj_09_ball,0.2,0,100,random48_4,0.2,28,0.0602724563
obj_09_ball,0.2,0,100,random48_4,0.4,48,0.000854878182
obj_09_ball,0.2,0,100,random48_4,0.6,48,0.000854878182
obj_09_ball,0.2,0,100,random48_4,0.8,48,0.000854878182
obj_09_ball,0.2,1,10,random48_0,0.1,14,0.0745000758
obj_09_ball,0.2,1,10,random48_0,0.2,28,0.0341759414
obj_09_ball,0.2,1,10,random48_0,0.4,48,0.00382785501
obj_09_ball,0.2,1,10,random48_0,0.6,48,0.00382785501
obj_09_ball,0.2,1,10,random48_0,0.8,48,0.00382785501
obj_09_ball,0.2,1,10,random48_1,0.1,14,0.05246605
obj_09_ball,0.2,1,10,random48_1,0.2,28,0.0238497827
obj_09_ball,0.2,1,10,random48_1,0.4,48,0.00382785501
obj_09_ball,0.2,1,10,random48_1,0.6,48,0.00382785501
obj_09_ball,0.2,1,10,random48_1,0.8,48,0.00382785501
obj_09_ball,0.2,1,10,random48_2,0.1,14,0.0666739615
obj_09_ball,0.2,1,10,random48_2,0.2,28,0.0521494576
obj_09_ball,0.2,1,10,random48_2,0.4,48,0.00382785501
obj_09_ball,0.2,1,10,random48_2,0.6,48,0.00382785501
obj_09_ball,0.2,1,10,random48_2,0.8,48,0.00382785501
obj_09_ball,0.2,1,10,random48_3,0.1,14,0.0458742474
obj_09_ball,0.2,1,10,random48_3,0.2,28,0.0414181179
obj_09_ball,0.2,1,10,random48_3,0.4,48,0.00382785501
obj_09_ball,0.2,1,10,random48_3,0.6,48,0.00382785501
obj_09_ball,0.2,1,10,random48_3,0.8,48,0.00382785501
obj_09_ball,0.2,1,10,random48_4,0.1,14,0.088500615
obj_09_ball,0.2,1,10,random48_4,0.2,28,0.0573167495
obj_09_ball,0.2,1,10,random48_4,0.4,48,0.00382785501
obj_09_ball,0.2,1,10,random48_4,0.6,48,0.00382785501
obj_09_ball,0.2,1,10,random48_4,0.8,48,0.00382785501
obj_09_ball,0.2,1,100,random48_0,0.1,14,0.066443714
obj_09_ball,0.2,1,100,random48_0,0.2,28,0.0115576936
obj_09_ball,0.2,1,100,random48_0,0.4,48,0.00034926268
obj_09_ball,0.2,1,100,random48_0,0.6,48,0.00034926268
obj_09_ball,0.2,1,100,random48_0,0.8,48,0.00034926268
obj_09_ball,0.2,1,100,random48_1,0.1,14,0.031733862
obj_09_ball,0.2,1,100,random48_1,0.2,28,0.0315432943
obj_09_ball,0.2,1,100,random48_1,0.4,48,0.00034926268
obj_09_ball,0.2,1,100,random48_1,0.6,48,0.00034926268
obj_09_ball,0.2,1,100,random48_1,0.8,48,0.00034926268
obj_09_ball,0.2,1,100,random48_2,0.1,14,0.0660380222
obj_09_ball,0.2,1,100,random48_2,0.2,28,0.0604262988
obj_09_ball,0.2,1,100,random48_2,0.4,48,0.00034926268
obj_09_ball,0.2,1,100,random48_2,0.6,48,0.00034926268
obj_09_ball,0.2,1,100,random48_2,0.8,48,0.00034926268
obj_09_ball,0.2,1,100,random48_3,0.1,14,0.045382126
obj_09_ball,0.2,1,100,random48_3,0.2,28,0.0368864291
obj_09_ball,0.2,1,100,random48_3,0.4,48,0.00034926268
obj_09_ball,0.2,1,100,random48_3,0.6,48,0.00034926268
obj_09_ball,0.2,1,100,random48_3,0.8,48,0.00034926268
obj_09_ball,0.2,1,100,random48_4,0.1,14,0.105535793
obj_09_ball,0.2,1,100,random48_4,0.2,28,0.0459813933
obj_09_ball,0.2,1,100,random48_4,0.4,48,0.00034926268
obj_09_ball,0.2,1,100,random48_4,0.6,48,0.00034926268
obj_09_ball,0.2,1,100,random48_4,0.8,48,0.00034926268
obj_09_ball,0.2,2,10,random48_0,0.1,14,0.067280856
obj_09_ball,0.2,2,10,random48_0,0.2,28,0.0688463501
obj_09_ball,0.2,2,10,random48_0,0.4,48,0.00253427655
obj_09_ball,0.2,2,10,random48_0,0.6,48,0.00253427655
obj_09_ball,0.2,2,10,random48_0,0.8,48,0.00253427655
obj_09_ball,0.2,2,10,random48_1,0.1,14,0.0814040691
obj_09_ball,0.2,2,10,random48_1,0.2,28,0.0421763334
obj_09_ball,0.2,2,10,random48_1,0.4,48,0.00253427655
obj_09_ball,0.2,2,10,random48_1,0.6,48,0.00253427655
obj_09_ball,0.2,2,10,random48_1,0.8,48,0.00253427655
obj_09_ball,0.2,2,10,random48_2,0.1,14,0.0278379554
obj_09_ball,0.2,2,10,random48_2,0.2,28,0.0222848733
obj_09_ball,0.2,2,10,random48_2,0.4,48,0.00253427655
obj_09_ball,0.2,2,10,random48_2,0.6,48,0.00253427655
obj_09_ball,0.2,2,10,random48_2,0.8,48,0.00253427655
obj_09_ball,0.2,2,10,random48_3,0.1,14,0.0287056414
obj_09_ball,0.2,2,10,random48_3,0.2,28,0.0305449535
obj_09_ball,0.2,2,10,random48_3,0.4,48,0.00253427655
obj_09_ball,0.2,2,10,random48_3,0.6,48,0.00253427655
obj_09_ball,0.2,2,10,random48_3,0.8,48,0.00253427655
obj_09_ball,0.2,2,10,random48_4,0.1,14,0.0472520667
obj_09_ball,0.2,2,10,random48_4,0.2,28,0.0616068229
obj_09_ball,0.2,2,10,random48_4,0.4,48,0.00253427655
obj_09_ball,0.2,2,10,random48_4,0.6,48,0.00253427655
obj_09_ball,0.2,2,10,random48_4,0.8,48,0.00253427655
obj_09_ball,0.2,2,100,random48_0,0.1,14,0.0368744927
obj_09_ball,0.2,2,100,random48_0,0.2,28,0.0228820178
obj_09_ball,0.2,2,100,random48_0,0.4,48,0.000261415627
obj_09_ball,0.2,2,100,random48_0,0.6,48,0.000261415627
obj_09_ball,0.2,2,100,random48_0,0.8,48,0.000261415627
obj_09_ball,0.2,2,100,random48_1,0.1,14,0.0935434333
obj_09_ball,0.2,2,100,random48_1,0.2,28,0.0639497026
obj_09_ball,0.2,2,100,random48_1,0.4,48,0.000261415627
obj_09_ball,0.2,2,100,random48_1,0.6,48,0.000261415627
obj_09_ball,0.2,2,100,random48_1,0.8,48,0.000261415627
obj_09_ball,0.2,2,100,random48_2,0.1,14,0.038547296
obj_09_ball,0.2,2,100,random48_2,0.2,28,0.00445618182
obj_09_ball,0.2,2,100,random48_2,0.4,48,0.000261415627
obj_09_ball,0.2,2,100,random48_2,0.6,48,0.000261415627
obj_09_ball,0.2,2,100,random48_2,0.8,48,0.000261415627
obj_09_ball,0.2,2,100,random48_3,0.1,14,0.0397700097
obj_09_ball,0.2,2,100,random48_3,0.2,28,0.0726050854
obj_09_ball,0.2,2,100,random48_3,0.4,48,0.000261415627
obj_09_ball,0.2,2,100,random48_3,0.6,48,0.000261415627
obj_09_ball,0.2,2,100,random48_3,0.8,48,0.000261415627
obj_09_ball,0.2,2,100,random48_4,0.1,14,0.0546192461
obj_09_ball,0.2,2,100,random48_4,0.2,28,0.0550568163
obj_09_ball,0.2,2,100,random48_4,0.4,48,0.000261415627
obj_09_ball,0.2,2,100,random48_4,0.6,48,0.000261415627
obj_09_ball,0.2,2,100,random48_4,0.8,48,0.000261415627
obj_09_ball,0.2,3,10,random48_0,0.1,14,0.0355162509
obj_09_ball,0.2,3,10,random48_0,0.2,28,0.0156607087
obj_09_ball,0.2,3,10,random48_0,0.4,48,0.0185267217
obj_09_ball,0.2,3,10,random48_0,0.6,48,0.0185267217
obj_09_ball,0.2,3,10,random48_0,0.8,48,0.0185267217
obj_09_ball,0.2,3,10,random48_1,0.1,14,0.212547345
obj_09_ball,0.2,3,10,random48_1,0.2,28,0.0302838165
obj_09_ball,0.2,3,10,random48_1,0.4,48,0.0185267217
obj_09_ball,0.2,3,10,random48_1,0.6,48,0.0185267217
obj_09_ball,0.2,3,10,random48_1,0.8,48,0.0185267217
obj_09_ball,0.2,3,10,random48_2,0.1,14,0.245923131
obj_09_ball,0.2,3,10,random48_2,0.2,28,0.0650881317
obj_09_ball,0.2,3,10,random48_2,0.4,48,0.0185267217
obj_09_ball,0.2,3,10,random48_2,0.6,48,0.0185267217
obj_09_ball,0.2,3,10,random48_2,0.8,48,0.0185267217
obj_09_ball,0.2,3,10,random48_3,0.1,14,0.292119284
obj_09_ball,0.2,3,10,random48_3,0.2,28,0.144642856
obj_09_ball,0.2,3,10,random48_3,0.4,48,0.0185267217
obj_09_ball,0.2,3,10,random48_3,0.6,48,0.0185267217
obj_09_ball,0.2,3,10,random48_3,0.8,48,0.0185267217
obj_09_ball,0.2,3,10,random48_4,0.1,14,0.135521402
obj_09_ball,0.2,3,10,random48_4,0.2,28,0.111186839
obj_09_ball,0.2,3,10,random48_4,0.4,48,0.0185267217
obj_09_ball,0.2,3,10,random48_4,0.6,48,0.0185267217
obj_09_ball,0.2,3,10,random48_4,0.8,48,0.0185267217
obj_09_ball,0.2,3,100,random48_0,0.1,14,0.225439832
obj_09_ball,0.2,3,100,random48_0,0.2,28,0.0912764809
obj_09_ball,0.2,3,100,random48_0,0.4,48,0.0016370964
obj_09_ball,0.2,3,100,random48_0,0.6,48,0.0016370964
obj_09_ball,0.2,3,100,random48_0,0.8,48,0.0016370964
obj_09_ball,0.2,3,100,random48_1,0.1,14,0.271743781
obj_09_ball,0.2,3,100,random48_1,0.2,28,0.371078526
obj_09_ball,0.2,3,100,random48_1,0.4,48,0.0016370964
obj_09_ball,0.2,3,100,random48_1,0.6,48,0.0016370964
obj_09_ball,0.2,3,100,random48_1,0.8,48,0.0016370964
obj_09_ball,0.2,3,100,random48_2,0.1,14,0.0479816996
obj_09_ball,0.2,3,100,random48_2,0.2,28,0.0213423034
obj_09_ball,0.2,3,100,random48_2,0.4,48,0.0016370964
obj_09_ball,0.2,3,100,random48_2,0.6,48,0.0016370964
obj_09_ball,0.2,3,100,random48_2,0.8,48,0.0016370964
obj_09_ball,0.2,3,100,random48_3,0.1,14,0.132167778
obj_09_ball,0.2,3,100,random48_3,0.2,28,0.137935466
obj_09_ball,0.2,3,100,random48_3,0.4,48,0.0016370964
obj_09_ball,0.2,3,100,random48_3,0.6,48,0.0016370964
obj_09_ball,0.2,3,100,random48_3,0.8,48,0.0016370964
obj_09_ball,0.2,3,100,random48_4,0.1,14,0.0137182357
obj_09_ball,0.2,3,100,random48_4,0.2,28,0.0240080478
obj_09_ball,0.2,3,100,random48_4,0.4,48,0.0016370964
obj_09_ball,0.2,3,100,random48_4,0.6,48,0.0016370964
obj_09_ball,0.2,3,100,random48_4,0.8,48,0.0016370964
obj_09_ball,0.2,4,10,random48_0,0.1,14,0.037430326
obj_09_ball,0.2,4,10,random48_0,0.2,28,0.0157530305
obj_09_ball,0.2,4,10,random48_0,0.4,48,0.00828379407
obj_09_ball,0.2,4,10,random48_0,0.6,48,0.00828379407
obj_09_ball,0.2,4,10,random48_0,0.8,48,0.00828379407
obj_09_ball,0.2,4,10,random48_1,0.1,14,0.0600774749
obj_09_ball,0.2,4,10,random48_1,0.2,28,0.0234735066
obj_09_ball,0.2,4,10,random48_1,0.4,48,0.00828379407
obj_09_ball,0.2,4,10,random48_1,0.6,48,0.00828379407
obj_09_ball,0.2,4,10,random48_1,0.8,48,0.00828379407
obj_09_ball,0.2,4,10,random48_2,0.1,14,0.119346871
obj_09_ball,0.2,4,10,random48_2,0.2,28,0.0743310947
obj_09_ball,0.2,4,10,random48_2,0.4,48,0.00828379407
obj_09_ball,0.2,4,10,random48_2,0.6,48,0.00828379407
obj_09_ball,0.2,4,10,random48_2,0.8,48,0.00828379407
obj_09_ball,0.2,4,10,random48_3,0.1,14,0.141463315
obj_09_ball,0.2,4,10,random48_3,0.2,28,0.0723193168
obj_09_ball,0.2,4,10,random48_3,0.4,48,0.00828379407
obj_09_ball,0.2,4,10,random48_3,0.6,48,0.00828379407
obj_09_ball,0.2,4,10,random48_3,0.8,48,0.00828379407
obj_09_ball,0.2,4,10,random48_4,0.1,14,0.0235923835
obj_09_ball,0.2,4,10,random48_4,0.2,28,0.0587636871
obj_09_ball,0.2,4,10,random48_4,0.4,48,0.00828379407
obj_09_ball,0.2,4,10,random48_4,0.6,48,0.00828379407
obj_09_ball,0.2,4,10,random48_4,0.8,48,0.00828379407
obj_09_ball,0.2,4,100,random48_0,0.1,14,0.045551191
obj_09_ball,0.2,4,100,random48_0,0.2,28,0.0691897546
obj_09_ball,0.2,4,100,random48_0,0.4,48,0.000876926426
obj_09_ball,0.2,4,100,random48_0,0.6,48,0.000876926426
obj_09_ball,0.2,4,100,random48_0,0.8,48,0.000876926426
obj_09_ball,0.2,4,100,random48_1,0.1,14,0.0702700256
obj_09_ball,0.2,4,100,random48_1,0.2,28,0.0852130479
obj_09_ball,0.2,4,100,random48_1,0.4,48,0.000876926426
obj_09_ball,0.2,4,100,random48_1,0.6,48,0.000876926426
obj_09_ball,0.2,4,100,random48_1,0.8,48,0.000876926426
obj_09_ball,0.2,4,100,random48_2,0.1,14,0.0328778755
obj_09_ball,0.2,4,100,random48_2,0.2,28,0.0545055457
obj_09_ball,0.2,4,100,random48_2,0.4,48,0.000876926426
obj_09_ball,0.2,4,100,random48_2,0.6,48,0.000876926426
obj_09_ball,0.2,4,100,random48_2,0.8,48,0.000876926426
obj_09_ball,0.2,4,100,random48_3,0.1,14,0.0188813574
obj_09_ball,0.2,4,100,random48_3,0.2,28,0.0446685024
obj_09_ball,0.2,4,100,random48_3,0.4,48,0.000876926426
obj_09_ball,0.2,4,100,random48_3,0.6,48,0.000876926426
obj_09_ball,0.2,4,100,random48_3,0.8,48,0.000876926426
obj_09_ball,0.2,4,100,random48_4,0.1,14,0.0383118019
obj_09_ball,0.2,4,100,random48_4,0.2,28,0.0175389443
obj_09_ball,0.2,4,100,random48_4,0.4,48,0.000876926426
obj_09_ball,0.2,4,100,random48_4,0.6,48,0.000876926426
obj_09_ball,0.2,4,100,random48_4,0.8,48,0.000876926426
obj_09_ball,0.2,5,10,random48_0,0.1,14,0.0851722945
obj_09_ball,0.2,5,10,random48_0,0.2,28,0.074985166
obj_09_ball,0.2,5,10,random48_0,0.4,48,0.00339723752
obj_09_ball,0.2,5,10,random48_0,0.6,48,0.00339723752
obj_09_ball,0.2,5,10,random48_0,0.8,48,0.00339723752
obj_09_ball,0.2,5,10,random48_1,0.1,14,0.00198314306
obj_09_ball,0.2,5,10,random48_1,0.2,28,0.0033491135
obj_09_ball,0.2,5,10,random48_1,0.4,48,0.00339723752
obj_09_ball,0.2,5,10,random48_1,0.6,48,0.00339723752
obj_09_ball,0.2,5,10,random48_1,0.8,48,0.00339723752
obj_09_ball,0.2,5,10,random48_2,0.1,14,0.0603708605
obj_09_ball,0.2,5,10,random48_2,0.2,28,0.0612582677
obj_09_ball,0.2,5,10,random48_2,0.4,48,0.00339723752
obj_09_ball,0.2,5,10,random48_2,0.6,48,0.00339723752
obj_09_ball,0.2,5,10,random48_2,0.8,48,0.00339723752
obj_09_ball,0.2,5,10,random48_3,0.1,14,0.0775124016
obj_09_ball,0.2,5,10,random48_3,0.2,28,0.0187652547
obj_09_ball,0.2,5,10,random48_3,0.4,48,0.00339723752
obj_09_ball,0.2,5,10,random48_3,0.6,48,0.00339723752
obj_09_ball,0.2,5,10,random48_3,0.8,48,0.00339723752
obj_09_ball,0.2,5,10,random48_4,0.1,14,0.0886270138
obj_09_ball,0.2,5,10,random48_4,0.2,28,0.00645115289
obj_09_ball,0.2,5,10,random48_4,0.4,48,0.00339723752
obj_09_ball,0.2,5,10,random48_4,0.6,48,0.00339723752
obj_09_ball,0.2,5,10,random48_4,0.8,48,0.00339723752
obj_09_ball,0.2,5,100,random48_0,0.1,14,0.0333712779
obj_09_ball,0.2,5,100,random48_0,0.2,28,0.0128015924
obj_09_ball,0.2,5,100,random48_0,0.4,48,0.000236052658
obj_09_ball,0.2,5,100,random48_0,0.6,48,0.000236052658
obj_09_ball,0.2,5,100,random48_0,0.8,48,0.000236052658
obj_09_ball,0.2,5,100,random48_1,0.1,14,0.0182524814
obj_09_ball,0.2,5,100,random48_1,0.2,28,0.0391853869
obj_09_ball,0.2,5,100,random48_1,0.4,48,0.000236052658
obj_09_ball,0.2,5,100,random48_1,0.6,48,0.000236052658
obj_09_ball,0.2,5,100,random48_1,0.8,48,0.000236052658
obj_09_ball,0.2,5,100,random48_2,0.1,14,0.0893712288
obj_09_ball,0.2,5,100,random48_2,0.2,28,0.0596377127
obj_09_ball,0.2,5,100,random48_2,0.4,48,0.000236052658
obj_09_ball,0.2,5,100,random48_2,0.6,48,0.000236052658
obj_09_ball,0.2,5,100,random48_2,0.8,48,0.000236052658
obj_09_ball,0.2,5,100,random48_3,0.1,14,0.0207578231
obj_09_ball,0.2,5,100,random48_3,0.2,28,0.0209409231
obj_09_ball,0.2,5,100,random48_3,0.4,48,0.000236052658
obj_09_ball,0.2,5,100,random48_3,0.6,48,0.000236052658
obj_09_ball,0.2,5,100,random48_3,0.8,48,0.000236052658
obj_09_ball,0.2,5,100,random48_4,0.1,14,0.0848523012
obj_09_ball,0.2,5,100,random48_4,0.2,28,0.00741272407
obj_09_ball,0.2,5,100,random48_4,0.4,48,0.000236052658
obj_09_ball,0.2,5,100,random48_4,0.6,48,0.000236052658
obj_09_ball,0.2,5,100,random48_4,0.8,48,0.000236052658
obj_09_ball,0.2,6,10,random48_0,0.1,14,0.0166275736
obj_09_ball,0.2,6,10,random48_0,0.2,28,0.0187489428
obj_09_ball,0.2,6,10,random48_0,0.4,48,0.00550732263
obj_09_ball,0.2,6,10,random48_0,0.6,48,0.00550732263
obj_09_ball,0.2,6,10,random48_0,0.8,48,0.00550732263
obj_09_ball,0.2,6,10,random48_1,0.1,14,0.0550828132
obj_09_ball,0.2,6,10,random48_1,0.2,28,0.0258420412
obj_09_ball,0.2,6,10,random48_1,0.4,48,0.00550732263
obj_09_ball,0.2,6,10,random48_1,0.6,48,0.00550732263
obj_09_ball,0.2,6,10,random48_1,0.8,48,0.00550732263
obj_09_ball,0.2,6,10,random48_2,0.1,14,0.0906731403
obj_09_ball,0.2,6,10,random48_2,0.2,28,0.0525578289
obj_09_ball,0.2,6,10,random48_2,0.4,48,0.00550732263
obj_09_ball,0.2,6,10,random48_2,0.6,48,0.00550732263
obj_09_ball,0.2,6,10,random48_2,0.8,48,0.00550732263
obj_09_ball,0.2,6,10,random48_3,0.1,14,0.0657298999
obj_09_ball,0.2,6,10,random48_3,0.2,28,0.027946814
obj_09_ball,0.2,6,10,random48_3,0.4,48,0.00550732263
obj_09_ball,0.2,6,10,random48_3,0.6,48,0.00550732263
obj_09_ball,0.2,6,10,random48_3,0.8,48,0.00550732263
obj_09_ball,0.2,6,10,random48_4,0.1,14,0.0267687631
obj_09_ball,0.2,6,10,random48_4,0.2,28,0.0208161007
obj_09_ball,0.2,6,10,random48_4,0.4,48,0.00550732263
obj_09_ball,0.2,6,10,random48_4,0.6,48,0.00550732263
obj_09_ball,0.2,6,10,random48_4,0.8,48,0.00550732263
obj_09_ball,0.2,6,100,random48_0,0.1,14,0.0666187182
obj_09_ball,0.2,6,100,random48_0,0.2,28,0.0257806963
obj_09_ball,0.2,6,100,random48_0,0.4,48,0.000504294399
obj_09_ball,0.2,6,100,random48_0,0.6,48,0.000504294399
obj_09_ball,0.2,6,100,random48_0,0.8,48,0.000504294399
obj_09_ball,0.2,6,100,random48_1,0.1,14,0.0297447927
obj_09_ball,0.2,6,100,random48_1,0.2,28,0.0228466903
obj_09_ball,0.2,6,100,random48_1,0.4,48,0.000504294399
obj_09_ball,0.2,6,100,random48_1,0.6,48,0.000504294399
obj_09_ball,0.2,6,100,random48_1,0.8,48,0.000504294399
obj_09_ball,0.2,6,100,random48_2,0.1,14,0.0380405182
obj_09_ball,0.2,6,100,random48_2,0.2,28,0.0179529248
obj_09_ball,0.2,6,100,random48_2,0.4,48,0.000504294399
obj_09_ball,0.2,6,100,random48_2,0.6,48,0.000504294399
obj_09_ball,0.2,6,100,random48_2,0.8,48,0.000504294399
obj_09_ball,0.2,6,100,random48_3,0.1,14,0.043049263
obj_09_ball,0.2,6,100,random48_3,0.2,28,0.04243073
obj_09_ball,0.2,6,100,random48_3,0.4,48,0.000504294399
obj_09_ball,0.2,6,100,random48_3,0.6,48,0.000504294399
obj_09_ball,0.2,6,100,random48_3,0.8,48,0.000504294399
obj_09_ball,0.2,6,100,random48_4,0.1,14,0.00784245154
obj_09_ball,0.2,6,100,random48_4,0.2,28,0.0144304545
obj_09_ball,0.2,6,100,random48_4,0.4,48,0.000504294399
obj_09_ball,0.2,6,100,random48_4,0.6,48,0.000504294399
obj_09_ball,0.2,6,100,random48_4,0.8,48,0.000504294399
obj_09_ball,0.2,7,10,random48_0,0.1,14,0.217683233
obj_09_ball,0.2,7,10,random48_0,0.2,28,0.109968581
obj_09_ball,0.2,7,10,random48_0,0.4,48,0.0279196048
obj_09_ball,0.2,7,10,random48_0,0.6,48,0.0279196048
obj_09_ball,0.2,7,10,random48_0,0.8,48,0.0279196048
obj_09_ball,0.2,7,10,random48_1,0.1,14,0.216075021
obj_09_ball,0.2,7,10,random48_1,0.2,28,0.114659954
obj_09_ball,0.2,7,10,random48_1,0.4,48,0.0279196048
obj_09_ball,0.2,7,10,random48_1,0.6,48,0.0279196048
obj_09_ball,0.2,7,10,random48_1,0.8,48,0.0279196048
obj_09_ball,0.2,7,10,random48_2,0.1,14,0.308827853
obj_09_ball,0.2,7,10,random48_2,0.2,28,0.0919787494
obj_09_ball,0.2,7,10,random48_2,0.4,48,0.0279196048
obj_09_ball,0.2,7,10,random48_2,0.6,48,0.0279196048
obj_09_ball,0.2,7,10,random48_2,0.8,48,0.0279196048
obj_09_ball,0.2,7,10,random48_3,0.1,14,0.240630049
obj_09_ball,0.2,7,10,random48_3,0.2,28,0.0529456476
obj_09_ball,0.2,7,10,random48_3,0.4,48,0.0279196048
obj_09_ball,0.2,7,10,random48_3,0.6,48,0.0279196048
obj_09_ball,0.2,7,10,random48_3,0.8,48,0.0279196048
obj_09_ball,0.2,7,10,random48_4,0.1,14,0.353544814
obj_09_ball,0.2,7,10,random48_4,0.2,28,0.163588878
obj_09_ball,0.2,7,10,random48_4,0.4,48,0.0279196048
obj_09_ball,0.2,7,10,random48_4,0.6,48,0.0279196048
obj_09_ball,0.2,7,10,random48_4,0.8,48,0.0279196048
obj_09_ball,0.2,7,100,random48_0,0.1,14,0.328383654
obj_09_ball,0.2,7,100,random48_0,0.2,28,0.0760294852
obj_09_ball,0.2,7,100,random48_0,0.4,48,0.00233837835
obj_09_ball,0.2,7,100,random48_0,0.6,48,0.00233837835
obj_09_ball,0.2,7,100,random48_0,0.8,48,0.00233837835
obj_09_ball,0.2,7,100,random48_1,0.1,14,0.262431831
obj_09_ball,0.2,7,100,random48_1,0.2,28,0.176926672
obj_09_ball,0.2,7,100,random48_1,0.4,48,0.00233837835
obj_09_ball,0.2,7,100,random48_1,0.6,48,0.00233837835
obj_09_ball,0.2,7,100,random48_1,0.8,48,0.00233837835
obj_09_ball,0.2,7,100,random48_2,0.1,14,0.205064468
obj_09_ball,0.2,7,100,random48_2,0.2,28,0.110327173
obj_09_ball,0.2,7,100,random48_2,0.4,48,0.00233837835
obj_09_ball,0.2,7,100,random48_2,0.6,48,0.00233837835
obj_09_ball,0.2,7,100,random48_2,0.8,48,0.00233837835
obj_09_ball,0.2,7,100,random48_3,0.1,14,0.169204816
obj_09_ball,0.2,7,100,random48_3,0.2,28,0.159945594
obj_09_ball,0.2,7,100,random48_3,0.4,48,0.00233837835
obj_09_ball,0.2,7,100,random48_3,0.6,48,0.00233837835
obj_09_ball,0.2,7,100,random48_3,0.8,48,0.00233837835
obj_09_ball,0.2,7,100,random48_4,0.1,14,0.280431149
obj_09_ball,0.2,7,100,random48_4,0.2,28,0.0905184059
obj_09_ball,0.2,7,100,random48_4,0.4,48,0.00233837835
obj_09_ball,0.2,7,100,random48_4,0.6,48,0.00233837835
obj_09_ball,0.2,7,100,random48_4,0.8,48,0.00233837835
obj_09_ball,0.2,8,10,random48_0,0.1,14,0.0363802895
obj_09_ball,0.2,8,10,random48_0,0.2,28,0.040083019
obj_09_ball,0.2,8,10,random48_0,0.4,48,0.00539752996
obj_09_ball,0.2,8,10,random48_0,0.6,48,0.00539752996
obj_09_ball,0.2,8,10,random48_0,0.8,48,0.00539752996
obj_09_ball,0.2,8,10,random48_1,0.1,14,0.125760245
obj_09_ball,0.2,8,10,random48_1,0.2,28,0.0636908552
obj_09_ball,0.2,8,10,random48_1,0.4,48,0.00539752996
obj_09_ball,0.2,8,10,random48_1,0.6,48,0.00539752996
obj_09_ball,0.2,8,10,random48_1,0.8,48,0.00539752996
obj_09_ball,0.2,8,10,random48_2,0.1,14,0.0594030385
obj_09_ball,0.2,8,10,random48_2,0.2,28,0.00847340881
obj_09_ball,0.2,8,10,random48_2,0.4,48,0.00539752996
obj_09_ball,0.2,8,10,random48_2,0.6,48,0.00539752996
obj_09_ball,0.2,8,10,random48_2,0.8,48,0.00539752996
obj_09_ball,0.2,8,10,random48_3,0.1,14,0.0179395211
obj_09_ball,0.2,8,10,random48_3,0.2,28,0.0335267907
obj_09_ball,0.2,8,10,random48_3,0.4,48,0.00539752996
obj_09_ball,0.2,8,10,random48_3,0.6,48,0.00539752996
obj_09_ball,0.2,8,10,random48_3,0.8,48,0.00539752996
obj_09_ball,0.2,8,10,random48_4,0.1,14,0.00980633862
obj_09_ball,0.2,8,10,random48_4,0.2,28,0.0134070371
obj_09_ball,0.2,8,10,random48_4,0.4,48,0.00539752996
obj_09_ball,0.2,8,10,random48_4,0.6,48,0.00539752996
obj_09_ball,0.2,8,10,random48_4,0.8,48,0.00539752996
obj_09_ball,0.2,8,100,random48_0,0.1,14,0.10084206
obj_09_ball,0.2,8,100,random48_0,0.2,28,0.0610131454
obj_09_ball,0.2,8,100,random48_0,0.4,48,0.000506776032
obj_09_ball,0.2,8,100,random48_0,0.6,48,0.000506776032
obj_09_ball,0.2,8,100,random48_0,0.8,48,0.000506776032
obj_09_ball,0.2,8,100,random48_1,0.1,14,0.158126661
obj_09_ball,0.2,8,100,random48_1,0.2,28,0.0633831415
obj_09_ball,0.2,8,100,random48_1,0.4,48,0.000506776032
obj_09_ball,0.2,8,100,random48_1,0.6,48,0.000506776032
obj_09_ball,0.2,8,100,random48_1,0.8,48,0.000506776032
obj_09_ball,0.2,8,100,random48_2,0.1,14,0.028915854
obj_09_ball,0.2,8,100,random48_2,0.2,28,0.00875726099
obj_09_ball,0.2,8,100,random48_2,0.4,48,0.000506776032
obj_09_ball,0.2,8,100,random48_2,0.6,48,0.000506776032
obj_09_ball,0.2,8,100,random48_2,0.8,48,0.000506776032
obj_09_ball,0.2,8,100,random48_3,0.1,14,0.0771031713
obj_09_ball,0.2,8,100,random48_3,0.2,28,0.023621568
obj_09_ball,0.2,8,100,random48_3,0.4,48,0.000506776032
obj_09_ball,0.2,8,100,random48_3,0.6,48,0.000506776032
obj_09_ball,0.2,8,100,random48_3,0.8,48,0.000506776032
obj_09_ball,0.2,8,100,random48_4,0.1,14,0.0232250187
obj_09_ball,0.2,8,100,random48_4,0.2,28,0.0149561691
obj_09_ball,0.2,8,100,random48_4,0.4,48,0.000506776032
obj_09_ball,0.2,8,100,random48_4,0.6,48,0.000506776032
obj_09_ball,0.2,8,100,random48_4,0.8,48,0.000506776032
obj_09_ball,0.2,9,10,random48_0,0.1,14,0.0431088256
obj_09_ball,0.2,9,10,random48_0,0.2,28,0.0353176212
obj_09_ball,0.2,9,10,random48_0,0.4,48,0.00600050265
obj_09_ball,0.2,9,10,random48_0,0.6,48,0.00600050265
obj_09_ball,0.2,9,10,random48_0,0.8,48,0.00600050265
obj_09_ball,0.2,9,10,random48_1,0.1,14,0.0698315214
obj_09_ball,0.2,9,10,random48_1,0.2,28,0.0483114217
obj_09_ball,0.2,9,10,random48_1,0.4,48,0.00600050265
obj_09_ball,0.2,9,10,random48_1,0.6,48,0.00600050265
obj_09_ball,0.2,9,10,random48_1,0.8,48,0.00600050265
obj_09_ball,0.2,9,10,random48_2,0.1,14,0.0335024901
obj_09_ball,0.2,9,10,random48_2,0.2,28,0.00866595232
obj_09_ball,0.2,9,10,random48_2,0.4,48,0.00600050265
obj_09_ball,0.2,9,10,random48_2,0.6,48,0.00600050265
obj_09_ball,0.2,9,10,random48_2,0.8,48,0.00600050265
obj_09_ball,0.2,9,10,random48_3,0.1,14,0.055033042
obj_09_ball,0.2,9,10,random48_3,0.2,28,0.0421097665
obj_09_ball,0.2,9,10,random48_3,0.4,48,0.00600050265
obj_09_ball,0.2,9,10,random48_3,0.6,48,0.00600050265
obj_09_ball,0.2,9,10,random48_3,0.8,48,0.00600050265
obj_09_ball,0.2,9,10,random48_4,0.1,14,0.0478899512
obj_09_ball,0.2,9,10,random48_4,0.2,28,0.0125408025
obj_09_ball,0.2,9,10,random48_4,0.4,48,0.00600050265
obj_09_ball,0.2,9,10,random48_4,0.6,48,0.00600050265
obj_09_ball,0.2,9,10,random48_4,0.8,48,0.00600050265
obj_09_ball,0.2,9,100,random48_0,0.1,14,0.0611930181
obj_09_ball,0.2,9,100,random48_0,0.2,28,0.0254679871
obj_09_ball,0.2,9,100,random48_0,0.4,48,0.000658661889
obj_09_ball,0.2,9,100,random48_0,0.6,48,0.000658661889
obj_09_ball,0.2,9,100,random48_0,0.8,48,0.000658661889
obj_09_ball,0.2,9,100,random48_1,0.1,14,0.0617298857
obj_09_ball,0.2,9,100,random48_1,0.2,28,0.0253988563
obj_09_ball,0.2,9,100,random48_1,0.4,48,0.000658661889
obj_09_ball,0.2,9,100,random48_1,0.6,48,0.000658661889
obj_09_ball,0.2,9,100,random48_1,0.8,48,0.000658661889
obj_09_ball,0.2,9,100,random48_2,0.1,14,0.0450191607
obj_09_ball,0.2,9,100,random48_2,0.2,28,0.0256831962
obj_09_ball,0.2,9,100,random48_2,0.4,48,0.000658661889
obj_09_ball,0.2,9,100,random48_2,0.6,48,0.000658661889
obj_09_ball,0.2,9,100,random48_2,0.8,48,0.000658661889
obj_09_ball,0.2,9,100,random48_3,0.1,14,0.0242033707
obj_09_ball,0.2,9,100,random48_3,0.2,28,0.0452504293
obj_09_ball,0.2,9,100,random48_3,0.4,48,0.000658661889
obj_09_ball,0.2,9,100,random48_3,0.6,48,0.000658661889
obj_09_ball,0.2,9,100,random48_3,0.8,48,0.000658661889
obj_09_ball,0.2,9,100,random48_4,0.1,14,0.0447349677
obj_09_ball,0.2,9,100,random48_4,0.2,28,0.0236650567
obj_09_ball,0.2,9,100,random48_4,0.4,48,0.000658661889
obj_09_ball,0.2,9,100,random48_4,0.6,48,0.000658661889
obj_09_ball,0.2,9,100,random48_4,0.8,48,0.000658661889
obj_09_ball,0.5,0,10,random48_0,0.1,14,0.0359183452
obj_09_ball,0.5,0,10,random48_0,0.2,28,0.174821407
obj_09_ball,0.5,0,10,random48_0,0.4,48,0.0352999747
obj_09_ball,0.5,0,10,random48_0,0.6,48,0.0352999747
obj_09_ball,0.5,0,10,random48_0,0.8,48,0.0352999747
obj_09_ball,0.5,0,10,random48_1,0.1,14,0.0578503669
obj_09_ball,0.5,0,10,random48_1,0.2,28,0.0315418402
obj_09_ball,0.5,0,10,random48_1,0.4,48,0.0352999747
obj_09_ball,0.5,0,10,random48_1,0.6,48,0.0352999747
obj_09_ball,0.5,0,10,random48_1,0.8,48,0.0352999747
obj_09_ball,0.5,0,10,random48_2,0.1,14,0.299056986
obj_09_ball,0.5,0,10,random48_2,0.2,28,0.2258645
obj_09_ball,0.5,0,10,random48_2,0.4,48,0.0352999747
obj_09_ball,0.5,0,10,random48_2,0.6,48,0.0352999747
obj_09_ball,0.5,0,10,random48_2,0.8,48,0.0352999747
obj_09_ball,0.5,0,10,random48_3,0.1,14,0.112829215
obj_09_ball,0.5,0,10,random48_3,0.2,28,0.514257475
obj_09_ball,0.5,0,10,random48_3,0.4,48,0.0352999747
obj_09_ball,0.5,0,10,random48_3,0.6,48,0.0352999747
obj_09_ball,0.5,0,10,random48_3,0.8,48,0.0352999747
obj_09_ball,0.5,0,10,random48_4,0.1,14,0.211887191
obj_09_ball,0.5,0,10,random48_4,0.2,28,0.194445348
obj_09_ball,0.5,0,10,random48_4,0.4,48,0.0352999747
obj_09_ball,0.5,0,10,random48_4,0.6,48,0.0352999747
obj_09_ball,0.5,0,10,random48_4,0.8,48,0.0352999747
obj_09_ball,0.5,0,100,random48_0,0.1,14,0.115327805
obj_09_ball,0.5,0,100,random48_0,0.2,28,0.553862662
obj_09_ball,0.5,0,100,random48_0,0.4,48,0.00473244068
obj_09_ball,0.5,0,100,random48_0,0.6,48,0.00473244068
obj_09_ball,0.5,0,100,random48_0,0.8,48,0.00473244068
obj_09_ball,0.5,0,100,random48_1,0.1,14,0.0133962054
obj_09_ball,0.5,0,100,random48_1,0.2,28,0.0147838678
obj_09_ball,0.5,0,100,random48_1,0.4,48,0.00473244068
obj_09_ball,0.5,0,100,random48_1,0.6,48,0.00473244068
obj_09_ball,0.5,0,100,random48_1,0.8,48,0.00473244068
obj_09_ball,0.5,0,100,random48_2,0.1,14,0.0989390045
obj_09_ball,0.5,0,100,random48_2,0.2,28,0.0504497797
obj_09_ball,0.5,0,100,random48_2,0.4,48,0.00473244068
obj_09_ball,0.5,0,100,random48_2,0.6,48,0.00473244068
obj_09_ball,0.5,0,100,random48_2,0.8,48,0.00473244068
obj_09_ball,0.5,0,100,random48_3,0.1,14,0.185213665
obj_09_ball,0.5,0,100,random48_3,0.2,28,0.164662325
obj_09_ball,0.5,0,100,random48_3,0.4,48,0.00473244068
obj_09_ball,0.5,0,100,random48_3,0.6,48,0.00473244068
obj_09_ball,0.5,0,100,random48_3,0.8,48,0.00473244068
obj_09_ball,0.5,0,100,random48_4,0.1,14,0.0748883049
obj_09_ball,0.5,0,100,random48_4,0.2,28,0.0826687059
obj_09_ball,0.5,0,100,random48_4,0.4,48,0.00473244068
obj_09_ball,0.5,0,100,random48_4,0.6,48,0.00473244068
obj_09_ball,0.5,0,100,random48_4,0.8,48,0.00473244068
obj_09_ball,0.5,1,10,random48_0,0.1,14,0.194509053
obj_09_ball,0.5,1,10,random48_0,0.2,28,0.146111936
obj_09_ball,0.5,1,10,random48_0,0.4,48,0.0394629388
obj_09_ball,0.5,1,10,random48_0,0.6,48,0.0394629388
obj_09_ball,0.5,1,10,random48_0,0.8,48,0.0394629388
obj_09_ball,0.5,1,10,random48_1,0.1,14,0.288589674
obj_09_ball,0.5,1,10,random48_1,0.2,28,0.0979322205
obj_09_ball,0.5,1,10,random48_1,0.4,48,0.0394629388
obj_09_ball,0.5,1,10,random48_1,0.6,48,0.0394629388
obj_09_ball,0.5,1,10,random48_1,0.8,48,0.0394629388
obj_09_ball,0.5,1,10,random48_2,0.1,14,0.251315648
obj_09_ball,0.5,1,10,random48_2,0.2,28,0.290690827
obj_09_ball,0.5,1,10,random48_2,0.4,48,0.0394629388
obj_09_ball,0.5,1,10,random48_2,0.6,48,0.0394629388
obj_09_ball,0.5,1,10,random48_2,0.8,48,0.0394629388
obj_09_ball,0.5,1,10,random48_3,0.1,14,0.18069446
obj_09_ball,0.5,1,10,random48_3,0.2,28,0.181564572
obj_09_ball,0.5,1,10,random48_3,0.4,48,0.0394629388
obj_09_ball,0.5,1,10,random48_3,0.6,48,0.0394629388
obj_09_ball,0.5,1,10,random48_3,0.8,48,0.0394629388
obj_09_ball,0.5,1,10,random48_4,0.1,14,0.236417839
obj_09_ball,0.5,1,10,random48_4,0.2,28,0.126352412
obj_09_ball,0.5,1,10,random48_4,0.4,48,0.0394629388
obj_09_ball,0.5,1,10,random48_4,0.6,48,0.0394629388
obj_09_ball,0.5,1,10,random48_4,0.8,48,0.0394629388
obj_09_ball,0.5,1,100,random48_0,0.1,14,0.1751398
obj_09_ball,0.5,1,100,random48_0,0.2,28,0.271979234
obj_09_ball,0.5,1,100,random48_0,0.4,48,0.00457572762
obj_09_ball,0.5,1,100,random48_0,0.6,48,0.00457572762
obj_09_ball,0.5,1,100,random48_0,0.8,48,0.00457572762
obj_09_ball,0.5,1,100,random48_1,0.1,14,0.534876947
obj_09_ball,0.5,1,100,random48_1,0.2,28,0.404437441
obj_09_ball,0.5,1,100,random48_1,0.4,48,0.00457572762
obj_09_ball,0.5,1,100,random48_1,0.6,48,0.00457572762
obj_09_ball,0.5,1,100,random48_1,0.8,48,0.00457572762
obj_09_ball,0.5,1,100,random48_2,0.1,14,0.3498761
obj_09_ball,0.5,1,100,random48_2,0.2,28,0.136709762
obj_09_ball,0.5,1,100,random48_2,0.4,48,0.00457572762
obj_09_ball,0.5,1,100,random48_2,0.6,48,0.00457572762
obj_09_ball,0.5,1,100,random48_2,0.8,48,0.00457572762
obj_09_ball,0.5,1,100,random48_3,0.1,14,0.135367344
obj_09_ball,0.5,1,100,random48_3,0.2,28,0.0943458509
obj_09_ball,0.5,1,100,random48_3,0.4,48,0.00457572762
obj_09_ball,0.5,1,100,random48_3,0.6,48,0.00457572762
obj_09_ball,0.5,1,100,random48_3,0.8,48,0.00457572762
obj_09_ball,0.5,1,100,random48_4,0.1,14,0.209423686
obj_09_ball,0.5,1,100,random48_4,0.2,28,0.232354845
obj_09_ball,0.5,1,100,random48_4,0.4,48,0.00457572762
obj_09_ball,0.5,1,100,random48_4,0.6,48,0.00457572762
obj_09_ball,0.5,1,100,random48_4,0.8,48,0.00457572762
obj_09_ball,0.5,2,10,random48_0,0.1,14,1.90034218
obj_09_ball,0.5,2,10,random48_0,0.2,28,1.60577998
obj_09_ball,0.5,2,10,random48_0,0.4,48,0.131079883
obj_09_ball,0.5,2,10,random48_0,0.6,48,0.131079883
obj_09_ball,0.5,2,10,random48_0,0.8,48,0.131079883
obj_09_ball,0.5,2,10,random48_1,0.1,14,1.27721478
obj_09_ball,0.5,2,10,random48_1,0.2,28,0.770258859
obj_09_ball,0.5,2,10,random48_1,0.4,48,0.131079883
obj_09_ball,0.5,2,10,random48_1,0.6,48,0.131079883
obj_09_ball,0.5,2,10,random48_1,0.8,48,0.131079883
obj_09_ball,0.5,2,10,random48_2,0.1,14,0.807488048
obj_09_ball,0.5,2,10,random48_2,0.2,28,0.623530571
obj_09_ball,0.5,2,10,random48_2,0.4,48,0.131079883
obj_09_ball,0.5,2,10,random48_2,0.6,48,0.131079883
obj_09_ball,0.5,2,10,random48_2,0.8,48,0.131079883
obj_09_ball,0.5,2,10,random48_3,0.1,14,0.970939918
obj_09_ball,0.5,2,10,random48_3,0.2,28,0.522014905
obj_09_ball,0.5,2,10,random48_3,0.4,48,0.131079883
obj_09_ball,0.5,2,10,random48_3,0.6,48,0.131079883
obj_09_ball,0.5,2,10,random48_3,0.8,48,0.131079883
obj_09_ball,0.5,2,10,random48_4,0.1,14,1.03743865
obj_09_ball,0.5,2,10,random48_4,0.2,28,0.369973889
obj_09_ball,0.5,2,10,random48_4,0.4,48,0.131079883
obj_09_ball,0.5,2,10,random48_4,0.6,48,0.131079883
obj_09_ball,0.5,2,10,random48_4,0.8,48,0.131079883
obj_09_ball,0.5,2,100,random48_0,0.1,14,1.34889828
obj_09_ball,0.5,2,100,random48_0,0.2,28,1.01833589
obj_09_ball,0.5,2,100,random48_0,0.4,48,0.00830394929
obj_09_ball,0.5,2,100,random48_0,0.6,48,0.00830394929
obj_09_ball,0.5,2,100,random48_0,0.8,48,0.00830394929
obj_09_ball,0.5,2,100,random48_1,0.1,14,1.95776675
obj_09_ball,0.5,2,100,random48_1,0.2,28,1.51285847
obj_09_ball,0.5,2,100,random48_1,0.4,48,0.00830394929
obj_09_ball,0.5,2,100,random48_1,0.6,48,0.00830394929
obj_09_ball,0.5,2,100,random48_1,0.8,48,0.00830394929
obj_09_ball,0.5,2,100,random48_2,0.1,14,1.65609209
obj_09_ball,0.5,2,100,random48_2,0.2,28,1.3396565
obj_09_ball,0.5,2,100,random48_2,0.4,48,0.00830394929
obj_09_ball,0.5,2,100,random48_2,0.6,48,0.00830394929
obj_09_ball,0.5,2,100,random48_2,0.8,48,0.00830394929
obj_09_ball,0.5,2,100,random48_3,0.1,14,0.441786762
obj_09_ball,0.5,2,100,random48_3,0.2,28,0.326469198
obj_09_ball,0.5,2,100,random48_3,0.4,48,0.00830394929
obj_09_ball,0.5,2,100,random48_3,0.6,48,0.00830394929
obj_09_ball,0.5,2,100,random48_3,0.8,48,0.00830394929
obj_09_ball,0.5,2,100,random48_4,0.1,14,1.20491229
obj_09_ball,0.5,2,100,random48_4,0.2,28,0.761807538
obj_09_ball,0.5,2,100,random48_4,0.4,48,0.00830394929
obj_09_ball,0.5,2,100,random48_4,0.6,48,0.00830394929
obj_09_ball,0.5,2,100,random48_4,0.8,48,0.00830394929
obj_09_ball,0.5,3,10,random48_0,0.1,14,0.764605835
obj_09_ball,0.5,3,10,random48_0,0.2,28,1.01834486
obj_09_ball,0.5,3,10,random48_0,0.4,48,0.0709539653
obj_09_ball,0.5,3,10,random48_0,0.6,48,0.0709539653
obj_09_ball,0.5,3,10,random48_0,0.8,48,0.0709539653
obj_09_ball,0.5,3,10,random48_1,0.1,14,0.570783675
obj_09_ball,0.5,3,10,random48_1,0.2,28,0.96712115
obj_09_ball,0.5,3,10,random48_1,0.4,48,0.0709539653
obj_09_ball,0.5,3,10,random48_1,0.6,48,0.0709539653
obj_09_ball,0.5,3,10,random48_1,0.8,48,0.0709539653
obj_09_ball,0.5,3,10,random48_2,0.1,14,0.558290255
obj_09_ball,0.5,3,10,random48_2,0.2,28,0.290789261
obj_09_ball,0.5,3,10,random48_2,0.4,48,0.0709539653
obj_09_ball,0.5,3,10,random48_2,0.6,48,0.0709539653
obj_09_ball,0.5,3,10,random48_2,0.8,48,0.0709539653
obj_09_ball,0.5,3,10,random48_3,0.1,14,0.157579366
obj_09_ball,0.5,3,10,random48_3,0.2,28,0.258632995
obj_09_ball,0.5,3,10,random48_3,0.4,48,0.0709539653
obj_09_ball,0.5,3,10,random48_3,0.6,48,0.0709539653
obj_09_ball,0.5,3,10,random48_3,0.8,48,0.0709539653
obj_09_ball,0.5,3,10,random48_4,0.1,14,0.115735446
obj_09_ball,0.5,3,10,random48_4,0.2,28,0.190997543
obj_09_ball,0.5,3,10,random48_4,0.4,48,0.0709539653
obj_09_ball,0.5,3,10,random48_4,0.6,48,0.0709539653
obj_09_ball,0.5,3,10,random48_4,0.8,48,0.0709539653
obj_09_ball,0.5,3,100,random48_0,0.1,14,0.683648337
obj_09_ball,0.5,3,100,random48_0,0.2,28,0.627552196
obj_09_ball,0.5,3,100,random48_0,0.4,48,0.00612938324
obj_09_ball,0.5,3,100,random48_0,0.6,48,0.00612938324
obj_09_ball,0.5,3,100,random48_0,0.8,48,0.00612938324
obj_09_ball,0.5,3,100,random48_1,0.1,14,0.417182399
obj_09_ball,0.5,3,100,random48_1,0.2,28,0.20527869
obj_09_ball,0.5,3,100,random48_1,0.4,48,0.00612938324
obj_09_ball,0.5,3,100,random48_1,0.6,48,0.00612938324
obj_09_ball,0.5,3,100,random48_1,0.8,48,0.00612938324
obj_09_ball,0.5,3,100,random48_2,0.1,14,0.456905796
obj_09_ball,0.5,3,100,random48_2,0.2,28,0.641695932
obj_09_ball,0.5,3,100,random48_2,0.4,48,0.00612938324
obj_09_ball,0.5,3,100,random48_2,0.6,48,0.00612938324
obj_09_ball,0.5,3,100,random48_2,0.8,48,0.00612938324
obj_09_ball,0.5,3,100,random48_3,0.1,14,1.01310122
obj_09_ball,0.5,3,100,random48_3,0.2,28,0.176813938
obj_09_ball,0.5,3,100,random48_3,0.4,48,0.00612938324
obj_09_ball,0.5,3,100,random48_3,0.6,48,0.00612938324
obj_09_ball,0.5,3,100,random48_3,0.8,48,0.00612938324
obj_09_ball,0.5,3,100,random48_4,0.1,14,0.215976902
obj_09_ball,0.5,3,100,random48_4,0.2,28,0.275535187
obj_09_ball,0.5,3,100,random48_4,0.4,48,0.00612938324
obj_09_ball,0.5,3,100,random48_4,0.6,48,0.00612938324
obj_09_ball,0.5,3,100,random48_4,0.8,48,0.00612938324
obj_09_ball,0.5,4,10,random48_0,0.1,14,1.22226884
obj_09_ball,0.5,4,10,random48_0,0.2,28,0.94173453
obj_09_ball,0.5,4,10,random48_0,0.4,48,0.104273485
obj_09_ball,0.5,4,10,random48_0,0.6,48,0.104273485
obj_09_ball,0.5,4,10,random48_0,0.8,48,0.104273485
obj_09_ball,0.5,4,10,random48_1,0.1,14,0.526519965
obj_09_ball,0.5,4,10,random48_1,0.2,28,0.416654408
obj_09_ball,0.5,4,10,random48_1,0.4,48,0.104273485
obj_09_ball,0.5,4,10,random48_1,0.6,48,0.104273485
obj_09_ball,0.5,4,10,random48_1,0.8,48,0.104273485
obj_09_ball,0.5,4,10,random48_2,0.1,14,0.40435951
obj_09_ball,0.5,4,10,random48_2,0.2,28,0.29729369
obj_09_ball,0.5,4,10,random48_2,0.4,48,0.104273485
obj_09_ball,0.5,4,10,random48_2,0.6,48,0.104273485
obj_09_ball,0.5,4,10,random48_2,0.8,48,0.104273485
obj_09_ball,0.5,4,10,random48_3,0.1,14,0.549907708
obj_09_ball,0.5,4,10,random48_3,0.2,28,0.364779245
obj_09_ball,0.5,4,10,random48_3,0.4,48,0.104273485
obj_09_ball,0.5,4,10,random48_3,0.6,48,0.104273485
obj_09_ball,0.5,4,10,random48_3,0.8,48,0.104273485
obj_09_ball,0.5,4,10,random48_4,0.1,14,0.554091323
obj_09_ball,0.5,4,10,random48_4,0.2,28,0.698071546
obj_09_ball,0.5,4,10,random48_4,0.4,48,0.104273485
obj_09_ball,0.5,4,10,random48_4,0.6,48,0.104273485
obj_09_ball,0.5,4,10,random48_4,0.8,48,0.104273485
obj_09_ball,0.5,4,100,random48_0,0.1,14,0.772434536
obj_09_ball,0.5,4,100,random48_0,0.2,28,0.0735582992
obj_09_ball,0.5,4,100,random48_0,0.4,48,0.00872601646
obj_09_ball,0.5,4,100,random48_0,0.6,48,0.00872601646
obj_09_ball,0.5,4,100,random48_0,0.8,48,0.00872601646
obj_09_ball,0.5,4,100,random48_1,0.1,14,1.64344626
obj_09_ball,0.5,4,100,random48_1,0.2,28,0.842988089
obj_09_ball,0.5,4,100,random48_1,0.4,48,0.00872601646
obj_09_ball,0.5,4,100,random48_1,0.6,48,0.00872601646
obj_09_ball,0.5,4,100,random48_1,0.8,48,0.00872601646
obj_09_ball,0.5,4,100,random48_2,0.1,14,0.748312485
obj_09_ball,0.5,4,100,random48_2,0.2,28,0.840220017
obj_09_ball,0.5,4,100,random48_2,0.4,48,0.00872601646
obj_09_ball,0.5,4,100,random48_2,0.6,48,0.00872601646
obj_09_ball,0.5,4,100,random48_2,0.8,48,0.00872601646
obj_09_ball,0.5,4,100,random48_3,0.1,14,0.836258033
obj_09_ball,0.5,4,100,random48_3,0.2,28,0.403897302
obj_09_ball,0.5,4,100,random48_3,0.4,48,0.00872601646
obj_09_ball,0.5,4,100,random48_3,0.6,48,0.00872601646
obj_09_ball,0.5,4,100,random48_3,0.8,48,0.00872601646
obj_09_ball,0.5,4,100,random48_4,0.1,14,0.974990708
obj_09_ball,0.5,4,100,random48_4,0.2,28,0.437834685
obj_09_ball,0.5,4,100,random48_4,0.4,48,0.00872601646
obj_09_ball,0.5,4,100,random48_4,0.6,48,0.00872601646
obj_09_ball,0.5,4,100,random48_4,0.8,48,0.00872601646
obj_09_ball,0.5,5,10,random48_0,0.1,14,0.714774983
obj_09_ball,0.5,5,10,random48_0,0.2,28,0.201612162
obj_09_ball,0.5,5,10,random48_0,0.4,48,0.0267231421
obj_09_ball,0.5,5,10,random48_0,0.6,48,0.0267231421
obj_09_ball,0.5,5,10,random48_0,0.8,48,0.0267231421
obj_09_ball,0.5,5,10,random48_1,0.1,14,0.670368028
obj_09_ball,0.5,5,10,random48_1,0.2,28,0.718450314
obj_09_ball,0.5,5,10,random48_1,0.4,48,0.0267231421
obj_09_ball,0.5,5,10,random48_1,0.6,48,0.0267231421
obj_09_ball,0.5,5,10,random48_1,0.8,48,0.0267231421
obj_09_ball,0.5,5,10,random48_2,0.1,14,0.473313535
obj_09_ball,0.5,5,10,random48_2,0.2,28,0.117433931
obj_09_ball,0.5,5,10,random48_2,0.4,48,0.0267231421
obj_09_ball,0.5,5,10,random48_2,0.6,48,0.0267231421
obj_09_ball,0.5,5,10,random48_2,0.8,48,0.0267231421
obj_09_ball,0.5,5,10,random48_3,0.1,14,0.618077742
obj_09_ball,0.5,5,10,random48_3,0.2,28,0.852033688
obj_09_ball,0.5,5,10,random48_3,0.4,48,0.0267231421
obj_09_ball,0.5,5,10,random48_3,0.6,48,0.0267231421
obj_09_ball,0.5,5,10,random48_3,0.8,48,0.0267231421
obj_09_ball,0.5,5,10,random48_4,0.1,14,0.630943653
obj_09_ball,0.5,5,10,random48_4,0.2,28,0.0852061478
obj_09_ball,0.5,5,10,random48_4,0.4,48,0.0267231421
obj_09_ball,0.5,5,10,random48_4,0.6,48,0.0267231421
obj_09_ball,0.5,5,10,random48_4,0.8,48,0.0267231421
obj_09_ball,0.5,5,100,random48_0,0.1,14,0.361916176
obj_09_ball,0.5,5,100,random48_0,0.2,28,0.838647905
obj_09_ball,0.5,5,100,random48_0,0.4,48,0.00279987303
obj_09_ball,0.5,5,100,random48_0,0.6,48,0.00279987303
obj_09_ball,0.5,5,100,random48_0,0.8,48,0.00279987303
obj_09_ball,0.5,5,100,random48_1,0.1,14,0.706192412
obj_09_ball,0.5,5,100,random48_1,0.2,28,0.715770825
obj_09_ball,0.5,5,100,random48_1,0.4,48,0.00279987303
obj_09_ball,0.5,5,100,random48_1,0.6,48,0.00279987303
obj_09_ball,0.5,5,100,random48_1,0.8,48,0.00279987303
obj_09_ball,0.5,5,100,random48_2,0.1,14,0.305557053
obj_09_ball,0.5,5,100,random48_2,0.2,28,0.720086464
obj_09_ball,0.5,5,100,random48_2,0.4,48,0.00279987303
obj_09_ball,0.5,5,100,random48_2,0.6,48,0.00279987303
obj_09_ball,0.5,5,100,random48_2,0.8,48,0.00279987303
obj_09_ball,0.5,5,100,random48_3,0.1,14,0.303554956
obj_09_ball,0.5,5,100,random48_3,0.2,28,0.863948334
obj_09_ball,0.5,5,100,random48_3,0.4,48,0.00279987303
obj_09_ball,0.5,5,100,random48_3,0.6,48,0.00279987303
obj_09_ball,0.5,5,100,random48_3,0.8,48,0.00279987303
obj_09_ball,0.5,5,100,random48_4,0.1,14,0.809913566
obj_09_ball,0.5,5,100,random48_4,0.2,28,0.968439295
obj_09_ball,0.5,5,100,random48_4,0.4,48,0.00279987303
obj_09_ball,0.5,5,100,random48_4,0.6,48,0.00279987303
obj_09_ball,0.5,5,100,random48_4,0.8,48,0.00279987303
obj_09_ball,0.5,6,10,random48_0,0.1,14,0.681150714
obj_09_ball,0.5,6,10,random48_0,0.2,28,0.393889617
obj_09_ball,0.5,6,10,random48_0,0.4,48,0.102441877
obj_09_ball,0.5,6,10,random48_0,0.6,48,0.102441877
obj_09_ball,0.5,6,10,random48_0,0.8,48,0.102441877
obj_09_ball,0.5,6,10,random48_1,0.1,14,0.572510674
obj_09_ball,0.5,6,10,random48_1,0.2,28,0.542798928
obj_09_ball,0.5,6,10,random48_1,0.4,48,0.102441877
obj_09_ball,0.5,6,10,random48_1,0.6,48,0.102441877
obj_09_ball,0.5,6,10,random48_1,0.8,48,0.102441877
obj_09_ball,0.5,6,10,random48_2,0.1,14,0.559087751
obj_09_ball,0.5,6,10,random48_2,0.2,28,0.09682664
obj_09_ball,0.5,6,10,random48_2,0.4,48,0.102441877
obj_09_ball,0.5,6,10,random48_2,0.6,48,0.102441877
obj_09_ball,0.5,6,10,random48_2,0.8,48,0.102441877
obj_09_ball,0.5,6,10,random48_3,0.1,14,0.975667297
obj_09_ball,0.5,6,10,random48_3,0.2,28,0.998603488
obj_09_ball,0.5,6,10,random48_3,0.4,48,0.102441877
obj_09_ball,0.5,6,10,random48_3,0.6,48,0.102441877
obj_09_ball,0.5,6,10,random48_3,0.8,48,0.102441877
obj_09_ball,0.5,6,10,random48_4,0.1,14,0.452032571
obj_09_ball,0.5,6,10,random48_4,0.2,28,0.397064309
obj_09_ball,0.5,6,10,random48_4,0.4,48,0.102441877
obj_09_ball,0.5,6,10,random48_4,0.6,48,0.102441877
obj_09_ball,0.5,6,10,random48_4,0.8,48,0.102441877
obj_09_ball,0.5,6,100,random48_0,0.1,14,0.917137907
obj_09_ball,0.5,6,100,random48_0,0.2,28,1.02569178
obj_09_ball,0.5,6,100,random48_0,0.4,48,0.0109144536
obj_09_ball,0.5,6,100,random48_0,0.6,48,0.0109144536
obj_09_ball,0.5,6,100,random48_0,0.8,48,0.0109144536
obj_09_ball,0.5,6,100,random48_1,0.1,14,0.923677512
obj_09_ball,0.5,6,100,random48_1,0.2,28,0.902034571
obj_09_ball,0.5,6,100,random48_1,0.4,48,0.0109144536
obj_09_ball,0.5,6,100,random48_1,0.6,48,0.0109144536
obj_09_ball,0.5,6,100,random48_1,0.8,48,0.0109144536
obj_09_ball,0.5,6,100,random48_2,0.1,14,0.53209916
obj_09_ball,0.5,6,100,random48_2,0.2,28,0.642227475
obj_09_ball,0.5,6,100,random48_2,0.4,48,0.0109144536
obj_09_ball,0.5,6,100,random48_2,0.6,48,0.0109144536
obj_09_ball,0.5,6,100,random48_2,0.8,48,0.0109144536
obj_09_ball,0.5,6,100,random48_3,0.1,14,0.787808209
obj_09_ball,0.5,6,100,random48_3,0.2,28,0.954199774
obj_09_ball,0.5,6,100,random48_3,0.4,48,0.0109144536
obj_09_ball,0.5,6,100,random48_3,0.6,48,0.0109144536
obj_09_ball,0.5,6,100,random48_3,0.8,48,0.0109144536
obj_09_ball,0.5,6,100,random48_4,0.1,14,0.643768783
obj_09_ball,0.5,6,100,random48_4,0.2,28,0.690242775
obj_09_ball,0.5,6,100,random48_4,0.4,48,0.0109144536
obj_09_ball,0.5,6,100,random48_4,0.6,48,0.0109144536
obj_09_ball,0.5,6,100,random48_4,0.8,48,0.0109144536
obj_09_ball,0.5,7,10,random48_0,0.1,14,0.210145706
obj_09_ball,0.5,7,10,random48_0,0.2,28,0.0842513814
obj_09_ball,0.5,7,10,random48_0,0.4,48,0.0904698058
obj_09_ball,0.5,7,10,random48_0,0.6,48,0.0904698058
obj_09_ball,0.5,7,10,random48_0,0.8,48,0.0904698058
obj_09_ball,0.5,7,10,random48_1,0.1,14,0.175265429
obj_09_ball,0.5,7,10,random48_1,0.2,28,0.0886885532
obj_09_ball,0.5,7,10,random48_1,0.4,48,0.0904698058
obj_09_ball,0.5,7,10,random48_1,0.6,48,0.0904698058
obj_09_ball,0.5,7,10,random48_1,0.8,48,0.0904698058
obj_09_ball,0.5,7,10,random48_2,0.1,14,1.1237607
obj_09_ball,0.5,7,10,random48_2,0.2,28,0.293104781
obj_09_ball,0.5,7,10,random48_2,0.4,48,0.0904698058
obj_09_ball,0.5,7,10,random48_2,0.6,48,0.0904698058
obj_09_ball,0.5,7,10,random48_2,0.8,48,0.0904698058
obj_09_ball,0.5,7,10,random48_3,0.1,14,1.23454236
obj_09_ball,0.5,7,10,random48_3,0.2,28,0.281017559
obj_09_ball,0.5,7,10,random48_3,0.4,48,0.0904698058
obj_09_ball,0.5,7,10,random48_3,0.6,48,0.0904698058
obj_09_ball,0.5,7,10,random48_3,0.8,48,0.0904698058
obj_09_ball,0.5,7,10,random48_4,0.1,14,0.928601697
obj_09_ball,0.5,7,10,random48_4,0.2,28,0.214947668
obj_09_ball,0.5,7,10,random48_4,0.4,48,0.0904698058
obj_09_ball,0.5,7,10,random48_4,0.6,48,0.0904698058
obj_09_ball,0.5,7,10,random48_4,0.8,48,0.0904698058
obj_09_ball,0.5,7,100,random48_0,0.1,14,1.10947496
obj_09_ball,0.5,7,100,random48_0,0.2,28,1.64700734
obj_09_ball,0.5,7,100,random48_0,0.4,48,0.00524425002
obj_09_ball,0.5,7,100,random48_0,0.6,48,0.00524425002
obj_09_ball,0.5,7,100,random48_0,0.8,48,0.00524425002
obj_09_ball,0.5,7,100,random48_1,0.1,14,2.39831713
obj_09_ball,0.5,7,100,random48_1,0.2,28,2.3892737
obj_09_ball,0.5,7,100,random48_1,0.4,48,0.00524425002
obj_09_ball,0.5,7,100,random48_1,0.6,48,0.00524425002
obj_09_ball,0.5,7,100,random48_1,0.8,48,0.00524425002
obj_09_ball,0.5,7,100,random48_2,0.1,14,0.885070361
obj_09_ball,0.5,7,100,random48_2,0.2,28,0.0470300873
obj_09_ball,0.5,7,100,random48_2,0.4,48,0.00524425002
obj_09_ball,0.5,7,100,random48_2,0.6,48,0.00524425002
obj_09_ball,0.5,7,100,random48_2,0.8,48,0.00524425002
obj_09_ball,0.5,7,100,random48_3,0.1,14,0.604266129
obj_09_ball,0.5,7,100,random48_3,0.2,28,0.456969117
obj_09_ball,0.5,7,100,random48_3,0.4,48,0.00524425002
obj_09_ball,0.5,7,100,random48_3,0.6,48,0.00524425002
obj_09_ball,0.5,7,100,random48_3,0.8,48,0.00524425002
obj_09_ball,0.5,7,100,random48_4,0.1,14,1.05457438
obj_09_ball,0.5,7,100,random48_4,0.2,28,0.0453753951
obj_09_ball,0.5,7,100,random48_4,0.4,48,0.00524425002
obj_09_ball,0.5,7,100,random48_4,0.6,48,0.00524425002
obj_09_ball,0.5,7,100,random48_4,0.8,48,0.00524425002
obj_09_ball,0.5,8,10,random48_0,0.1,14,0.193330166
obj_09_ball,0.5,8,10,random48_0,0.2,28,0.318138103
obj_09_ball,0.5,8,10,random48_0,0.4,48,0.0782748957
obj_09_ball,0.5,8,10,random48_0,0.6,48,0.0782748957
obj_09_ball,0.5,8,10,random48_0,0.8,48,0.0782748957
obj_09_ball,0.5,8,10,random48_1,0.1,14,0.307449729
obj_09_ball,0.5,8,10,random48_1,0.2,28,0.360572828
obj_09_ball,0.5,8,10,random48_1,0.4,48,0.0782748957
obj_09_ball,0.5,8,10,random48_1,0.6,48,0.0782748957
obj_09_ball,0.5,8,10,random48_1,0.8,48,0.0782748957
obj_09_ball,0.5,8,10,random48_2,0.1,14,1.25594673
obj_09_ball,0.5,8,10,random48_2,0.2,28,1.15250197
obj_09_ball,0.5,8,10,random48_2,0.4,48,0.0782748957
obj_09_ball,0.5,8,10,random48_2,0.6,48,0.0782748957
obj_09_ball,0.5,8,10,random48_2,0.8,48,0.0782748957
obj_09_ball,0.5,8,10,random48_3,0.1,14,0.978557237
obj_09_ball,0.5,8,10,random48_3,0.2,28,0.0358771129
obj_09_ball,0.5,8,10,random48_3,0.4,48,0.0782748957
obj_09_ball,0.5,8,10,random48_3,0.6,48,0.0782748957
obj_09_ball,0.5,8,10,random48_3,0.8,48,0.0782748957
obj_09_ball,0.5,8,10,random48_4,0.1,14,0.0701668068
obj_09_ball,0.5,8,10,random48_4,0.2,28,0.151441923
obj_09_ball,0.5,8,10,random48_4,0.4,48,0.0782748957
obj_09_ball,0.5,8,10,random48_4,0.6,48,0.0782748957
obj_09_ball,0.5,8,10,random48_4,0.8,48,0.0782748957
obj_09_ball,0.5,8,100,random48_0,0.1,14,0.677950979
obj_09_ball,0.5,8,100,random48_0,0.2,28,1.1182901
obj_09_ball,0.5,8,100,random48_0,0.4,48,0.0063264303
obj_09_ball,0.5,8,100,random48_0,0.6,48,0.0063264303
obj_09_ball,0.5,8,100,random48_0,0.8,48,0.0063264303
obj_09_ball,0.5,8,100,random48_1,0.1,14,0.204919489
obj_09_ball,0.5,8,100,random48_1,0.2,28,0.128552233
obj_09_ball,0.5,8,100,random48_1,0.4,48,0.0063264303
obj_09_ball,0.5,8,100,random48_1,0.6,48,0.0063264303
obj_09_ball,0.5,8,100,random48_1,0.8,48,0.0063264303
obj_09_ball,0.5,8,100,random48_2,0.1,14,0.774877622
obj_09_ball,0.5,8,100,random48_2,0.2,28,0.104308851
obj_09_ball,0.5,8,100,random48_2,0.4,48,0.0063264303
obj_09_ball,0.5,8,100,random48_2,0.6,48,0.0063264303
obj_09_ball,0.5,8,100,random48_2,0.8,48,0.0063264303
obj_09_ball,0.5,8,100,random48_3,0.1,14,1.14989539
obj_09_ball,0.5,8,100,random48_3,0.2,28,0.162032326
obj_09_ball,0.5,8,100,random48_3,0.4,48,0.0063264303
obj_09_ball,0.5,8,100,random48_3,0.6,48,0.0063264303
obj_09_ball,0.5,8,100,random48_3,0.8,48,0.0063264303
obj_09_ball,0.5,8,100,random48_4,0.1,14,0.159893424
obj_09_ball,0.5,8,100,random48_4,0.2,28,0.16694062
obj_09_ball,0.5,8,100,random48_4,0.4,48,0.0063264303
obj_09_ball,0.5,8,100,random48_4,0.6,48,0.0063264303
obj_09_ball,0.5,8,100,random48_4,0.8,48,0.0063264303
obj_09_ball,0.5,9,10,random48_0,0.1,14,0.488520707
obj_09_ball,0.5,9,10,random48_0,0.2,28,0.272043868
obj_09_ball,0.5,9,10,random48_0,0.4,48,0.032062114
obj_09_ball,0.5,9,10,random48_0,0.6,48,0.032062114
obj_09_ball,0.5,9,10,random48_0,0.8,48,0.032062114
obj_09_ball,0.5,9,10,random48_1,0.1,14,0.212487828
obj_09_ball,0.5,9,10,random48_1,0.2,28,0.326649731
obj_09_ball,0.5,9,10,random48_1,0.4,48,0.032062114
obj_09_ball,0.5,9,10,random48_1,0.6,48,0.032062114
obj_09_ball,0.5,9,10,random48_1,0.8,48,0.032062114
obj_09_ball,0.5,9,10,random48_2,0.1,14,0.289583496
obj_09_ball,0.5,9,10,random48_2,0.2,28,0.396794144
obj_09_ball,0.5,9,10,random48_2,0.4,48,0.032062114
obj_09_ball,0.5,9,10,random48_2,0.6,48,0.032062114
obj_09_ball,0.5,9,10,random48_2,0.8,48,0.032062114
obj_09_ball,0.5,9,10,random48_3,0.1,14,0.325443065
obj_09_ball,0.5,9,10,random48_3,0.2,28,0.11560447
obj_09_ball,0.5,9,10,random48_3,0.4,48,0.032062114
obj_09_ball,0.5,9,10,random48_3,0.6,48,0.032062114
obj_09_ball,0.5,9,10,random48_3,0.8,48,0.032062114
obj_09_ball,0.5,9,10,random48_4,0.1,14,0.319001885
obj_09_ball,0.5,9,10,random48_4,0.2,28,0.183847675
obj_09_ball,0.5,9,10,random48_4,0.4,48,0.032062114
obj_09_ball,0.5,9,10,random48_4,0.6,48,0.032062114
obj_09_ball,0.5,9,10,random48_4,0.8,48,0.032062114
obj_09_ball,0.5,9,100,random48_0,0.1,14,0.235076792
obj_09_ball,0.5,9,100,random48_0,0.2,28,0.452392126
obj_09_ball,0.5,9,100,random48_0,0.4,48,0.0029903893
obj_09_ball,0.5,9,100,random48_0,0.6,48,0.0029903893
obj_09_ball,0.5,9,100,random48_0,0.8,48,0.0029903893
obj_09_ball,0.5,9,100,random48_1,0.1,14,0.671881535
obj_09_ball,0.5,9,100,random48_1,0.2,28,0.382594058
obj_09_ball,0.5,9,100,random48_1,0.4,48,0.0029903893
obj_09_ball,0.5,9,100,random48_1,0.6,48,0.0029903893
obj_09_ball,0.5,9,100,random48_1,0.8,48,0.0029903893
obj_09_ball,0.5,9,100,random48_2,0.1,14,0.580871928
obj_09_ball,0.5,9,100,random48_2,0.2,28,0.459107192
obj_09_ball,0.5,9,100,random48_2,0.4,48,0.0029903893
obj_09_ball,0.5,9,100,random48_2,0.6,48,0.0029903893
obj_09_ball,0.5,9,100,random48_2,0.8,48,0.0029903893
obj_09_ball,0.5,9,100,random48_3,0.1,14,0.209576697
obj_09_ball,0.5,9,100,random48_3,0.2,28,0.300124681
obj_09_ball,0.5,9,100,random48_3,0.4,48,0.0029903893
obj_09_ball,0.5,9,100,random48_3,0.6,48,0.0029903893
obj_09_ball,0.5,9,100,random48_3,0.8,48,0.0029903893
obj_09_ball,0.5,9,100,random48_4,0.1,14,0.261640023
obj_09_ball,0.5,9,100,random48_4,0.2,28,0.235180842
obj_09_ball,0.5,9,100,random48_4,0.4,48,0.0029903893
obj_09_ball,0.5,9,100,random48_4,0.6,48,0.0029903893
obj_09_ball,0.5,9,100,random48_4,0.8,48,0.0029903893
obj_09_ball,1.0,0,10,random48_0,0.1,14,0.864889455
obj_09_ball,1.0,0,10,random48_0,0.2,28,0.994646297
obj_09_ball,1.0,0,10,random48_0,0.4,48,0.279890947
obj_09_ball,1.0,0,10,random48_0,0.6,48,0.279890947
obj_09_ball,1.0,0,10,random48_0,0.8,48,0.279890947
obj_09_ball,1.0,0,10,random48_1,0.1,14,0.835494284
obj_09_ball,1.0,0,10,random48_1,0.2,28,0.731928572
obj_09_ball,1.0,0,10,random48_1,0.4,48,0.279890947
obj_09_ball,1.0,0,10,random48_1,0.6,48,0.279890947
obj_09_ball,1.0,0,10,random48_1,0.8,48,0.279890947
obj_09_ball,1.0,0,10,random48_2,0.1,14,0.961577699
obj_09_ball,1.0,0,10,random48_2,0.2,28,1.82839755
obj_09_ball,1.0,0,10,random48_2,0.4,48,0.279890947
obj_09_ball,1.0,0,10,random48_2,0.6,48,0.279890947
obj_09_ball,1.0,0,10,random48_2,0.8,48,0.279890947
obj_09_ball,1.0,0,10,random48_3,0.1,14,1.0316122
obj_09_ball,1.0,0,10,random48_3,0.2,28,0.0961771117
obj_09_ball,1.0,0,10,random48_3,0.4,48,0.279890947
obj_09_ball,1.0,0,10,random48_3,0.6,48,0.279890947
obj_09_ball,1.0,0,10,random48_3,0.8,48,0.279890947
obj_09_ball,1.0,0,10,random48_4,0.1,14,1.09374988
obj_09_ball,1.0,0,10,random48_4,0.2,28,1.73780116
obj_09_ball,1.0,0,10,random48_4,0.4,48,0.279890947
obj_09_ball,1.0,0,10,random48_4,0.6,48,0.279890947
obj_09_ball,1.0,0,10,random48_4,0.8,48,0.279890947
obj_09_ball,1.0,0,100,random48_0,0.1,14,1.65330196
obj_09_ball,1.0,0,100,random48_0,0.2,28,2.34224362
obj_09_ball,1.0,0,100,random48_0,0.4,48,0.017419193
obj_09_ball,1.0,0,100,random48_0,0.6,48,0.017419193
obj_09_ball,1.0,0,100,random48_0,0.8,48,0.017419193
obj_09_ball,1.0,0,100,random48_1,0.1,14,0.829030484
obj_09_ball,1.0,0,100,random48_1,0.2,28,3.45197558
obj_09_ball,1.0,0,100,random48_1,0.4,48,0.017419193
obj_09_ball,1.0,0,100,random48_1,0.6,48,0.017419193
obj_09_ball,1.0,0,100,random48_1,0.8,48,0.017419193
obj_09_ball,1.0,0,100,random48_2,0.1,14,1.16023111
obj_09_ball,1.0,0,100,random48_2,0.2,28,1.24922443
obj_09_ball,1.0,0,100,random48_2,0.4,48,0.017419193
obj_09_ball,1.0,0,100,random48_2,0.6,48,0.017419193
obj_09_ball,1.0,0,100,random48_2,0.8,48,0.017419193
obj_09_ball,1.0,0,100,random48_3,0.1,14,0.75654132
obj_09_ball,1.0,0,100,random48_3,0.2,28,1.37160357
obj_09_ball,1.0,0,100,random48_3,0.4,48,0.017419193
obj_09_ball,1.0,0,100,random48_3,0.6,48,0.017419193
obj_09_ball,1.0,0,100,random48_3,0.8,48,0.017419193
obj_09_ball,1.0,0,100,random48_4,0.1,14,1.54619666
obj_09_ball,1.0,0,100,random48_4,0.2,28,0.854439158
obj_09_ball,1.0,0,100,random48_4,0.4,48,0.017419193
obj_09_ball,1.0,0,100,random48_4,0.6,48,0.017419193
obj_09_ball,1.0,0,100,random48_4,0.8,48,0.017419193
obj_09_ball,1.0,1,10,random48_0,0.1,14,1.03068883
obj_09_ball,1.0,1,10,random48_0,0.2,28,4.40475777
obj_09_ball,1.0,1,10,random48_0,0.4,48,0.431223372
obj_09_ball,1.0,1,10,random48_0,0.6,48,0.431223372
obj_09_ball,1.0,1,10,random48_0,0.8,48,0.431223372
obj_09_ball,1.0,1,10,random48_1,0.1,14,0.750838292
obj_09_ball,1.0,1,10,random48_1,0.2,28,2.50014048
obj_09_ball,1.0,1,10,random48_1,0.4,48,0.431223372
obj_09_ball,1.0,1,10,random48_1,0.6,48,0.431223372
obj_09_ball,1.0,1,10,random48_1,0.8,48,0.431223372
obj_09_ball,1.0,1,10,random48_2,0.1,14,1.15519962
obj_09_ball,1.0,1,10,random48_2,0.2,28,3.13541849
obj_09_ball,1.0,1,10,random48_2,0.4,48,0.431223372
obj_09_ball,1.0,1,10,random48_2,0.6,48,0.431223372
obj_09_ball,1.0,1,10,random48_2,0.8,48,0.431223372
obj_09_ball,1.0,1,10,random48_3,0.1,14,0.872087488
obj_09_ball,1.0,1,10,random48_3,0.2,28,0.872391674
obj_09_ball,1.0,1,10,random48_3,0.4,48,0.431223372
obj_09_ball,1.0,1,10,random48_3,0.6,48,0.431223372
obj_09_ball,1.0,1,10,random48_3,0.8,48,0.431223372
obj_09_ball,1.0,1,10,random48_4,0.1,14,1.27899581
obj_09_ball,1.0,1,10,random48_4,0.2,28,2.56087447
obj_09_ball,1.0,1,10,random48_4,0.4,48,0.431223372
obj_09_ball,1.0,1,10,random48_4,0.6,48,0.431223372
obj_09_ball,1.0,1,10,random48_4,0.8,48,0.431223372
obj_09_ball,1.0,1,100,random48_0,0.1,14,1.48403884
obj_09_ball,1.0,1,100,random48_0,0.2,28,2.96030285
obj_09_ball,1.0,1,100,random48_0,0.4,48,0.0517213289
obj_09_ball,1.0,1,100,random48_0,0.6,48,0.0517213289
obj_09_ball,1.0,1,100,random48_0,0.8,48,0.0517213289
obj_09_ball,1.0,1,100,random48_1,0.1,14,1.37050931
obj_09_ball,1.0,1,100,random48_1,0.2,28,0.188035852
obj_09_ball,1.0,1,100,random48_1,0.4,48,0.0517213289
obj_09_ball,1.0,1,100,random48_1,0.6,48,0.0517213289
obj_09_ball,1.0,1,100,random48_1,0.8,48,0.0517213289
obj_09_ball,1.0,1,100,random48_2,0.1,14,1.25023207
obj_09_ball,1.0,1,100,random48_2,0.2,28,0.930389304
obj_09_ball,1.0,1,100,random48_2,0.4,48,0.0517213289
obj_09_ball,1.0,1,100,random48_2,0.6,48,0.0517213289
obj_09_ball,1.0,1,100,random48_2,0.8,48,0.0517213289
obj_09_ball,1.0,1,100,random48_3,0.1,14,0.859856067
obj_09_ball,1.0,1,100,random48_3,0.2,28,0.841715077
obj_09_ball,1.0,1,100,random48_3,0.4,48,0.0517213289
obj_09_ball,1.0,1,100,random48_3,0.6,48,0.0517213289
obj_09_ball,1.0,1,100,random48_3,0.8,48,0.0517213289
obj_09_ball,1.0,1,100,random48_4,0.1,14,1.04507446
obj_09_ball,1.0,1,100,random48_4,0.2,28,3.98562367
obj_09_ball,1.0,1,100,random48_4,0.4,48,0.0517213289
obj_09_ball,1.0,1,100,random48_4,0.6,48,0.0517213289
obj_09_ball,1.0,1,100,random48_4,0.8,48,0.0517213289
obj_09_ball,1.0,2,10,random48_0,0.1,14,0.845167589
obj_09_ball,1.0,2,10,random48_0,0.2,28,0.600192903
obj_09_ball,1.0,2,10,random48_0,0.4,48,0.0885963597
obj_09_ball,1.0,2,10,random48_0,0.6,48,0.0885963597
obj_09_ball,1.0,2,10,random48_0,0.8,48,0.0885963597
obj_09_ball,1.0,2,10,random48_1,0.1,14,0.337659272
obj_09_ball,1.0,2,10,random48_1,0.2,28,0.448497066
obj_09_ball,1.0,2,10,random48_1,0.4,48,0.0885963597
obj_09_ball,1.0,2,10,random48_1,0.6,48,0.0885963597
obj_09_ball,1.0,2,10,random48_1,0.8,48,0.0885963597
obj_09_ball,1.0,2,10,random48_2,0.1,14,0.0768941884
obj_09_ball,1.0,2,10,random48_2,0.2,28,0.122112869
obj_09_ball,1.0,2,10,random48_2,0.4,48,0.0885963597
obj_09_ball,1.0,2,10,random48_2,0.6,48,0.0885963597
obj_09_ball,1.0,2,10,random48_2,0.8,48,0.0885963597
obj_09_ball,1.0,2,10,random48_3,0.1,14,0.353679313
obj_09_ball,1.0,2,10,random48_3,0.2,28,0.212142242
obj_09_ball,1.0,2,10,random48_3,0.4,48,0.0885963597
obj_09_ball,1.0,2,10,random48_3,0.6,48,0.0885963597
obj_09_ball,1.0,2,10,random48_3,0.8,48,0.0885963597
obj_09_ball,1.0,2,10,random48_4,0.1,14,0.653854247
obj_09_ball,1.0,2,10,random48_4,0.2,28,0.649259767
obj_09_ball,1.0,2,10,random48_4,0.4,48,0.0885963597
obj_09_ball,1.0,2,10,random48_4,0.6,48,0.0885963597
obj_09_ball,1.0,2,10,random48_4,0.8,48,0.0885963597
obj_09_ball,1.0,2,100,random48_0,0.1,14,0.342077575
obj_09_ball,1.0,2,100,random48_0,0.2,28,0.477273847
obj_09_ball,1.0,2,100,random48_0,0.4,48,0.00756504886
obj_09_ball,1.0,2,100,random48_0,0.6,48,0.00756504886
obj_09_ball,1.0,2,100,random48_0,0.8,48,0.00756504886
obj_09_ball,1.0,2,100,random48_1,0.1,14,0.353194443
obj_09_ball,1.0,2,100,random48_1,0.2,28,0.379705946
obj_09_ball,1.0,2,100,random48_1,0.4,48,0.00756504886
obj_09_ball,1.0,2,100,random48_1,0.6,48,0.00756504886
obj_09_ball,1.0,2,100,random48_1,0.8,48,0.00756504886
obj_09_ball,1.0,2,100,random48_2,0.1,14,0.810386567
obj_09_ball,1.0,2,100,random48_2,0.2,28,0.863614434
obj_09_ball,1.0,2,100,random48_2,0.4,48,0.00756504886
obj_09_ball,1.0,2,100,random48_2,0.6,48,0.00756504886
obj_09_ball,1.0,2,100,random48_2,0.8,48,0.00756504886
obj_09_ball,1.0,2,100,random48_3,0.1,14,0.363445974
obj_09_ball,1.0,2,100,random48_3,0.2,28,0.316521087
obj_09_ball,1.0,2,100,random48_3,0.4,48,0.00756504886
obj_09_ball,1.0,2,100,random48_3,0.6,48,0.00756504886
obj_09_ball,1.0,2,100,random48_3,0.8,48,0.00756504886
obj_09_ball,1.0,2,100,random48_4,0.1,14,0.521356603
obj_09_ball,1.0,2,100,random48_4,0.2,28,0.245580716
obj_09_ball,1.0,2,100,random48_4,0.4,48,0.00756504886
obj_09_ball,1.0,2,100,random48_4,0.6,48,0.00756504886
obj_09_ball,1.0,2,100,random48_4,0.8,48,0.00756504886
obj_09_ball,1.0,3,10,random48_0,0.1,14,0.896667899
obj_09_ball,1.0,3,10,random48_0,0.2,28,1.85394574
obj_09_ball,1.0,3,10,random48_0,0.4,48,0.219140082
obj_09_ball,1.0,3,10,random48_0,0.6,48,0.219140082
obj_09_ball,1.0,3,10,random48_0,0.8,48,0.219140082
obj_09_ball,1.0,3,10,random48_1,0.1,14,1.0337757
obj_09_ball,1.0,3,10,random48_1,0.2,28,1.83613874
obj_09_ball,1.0,3,10,random48_1,0.4,48,0.219140082
obj_09_ball,1.0,3,10,random48_1,0.6,48,0.219140082
obj_09_ball,1.0,3,10,random48_1,0.8,48,0.219140082
obj_09_ball,1.0,3,10,random48_2,0.1,14,2.08393007
obj_09_ball,1.0,3,10,random48_2,0.2,28,4.7841578
obj_09_ball,1.0,3,10,random48_2,0.4,48,0.219140082
obj_09_ball,1.0,3,10,random48_2,0.6,48,0.219140082
obj_09_ball,1.0,3,10,random48_2,0.8,48,0.219140082
obj_09_ball,1.0,3,10,random48_3,0.1,14,1.79405482
obj_09_ball,1.0,3,10,random48_3,0.2,28,1.92403619
obj_09_ball,1.0,3,10,random48_3,0.4,48,0.219140082
obj_09_ball,1.0,3,10,random48_3,0.6,48,0.219140082
obj_09_ball,1.0,3,10,random48_3,0.8,48,0.219140082
obj_09_ball,1.0,3,10,random48_4,0.1,14,0.828309034
obj_09_ball,1.0,3,10,random48_4,0.2,28,0.494628236
obj_09_ball,1.0,3,10,random48_4,0.4,48,0.219140082
obj_09_ball,1.0,3,10,random48_4,0.6,48,0.219140082
obj_09_ball,1.0,3,10,random48_4,0.8,48,0.219140082
obj_09_ball,1.0,3,100,random48_0,0.1,14,0.862311735
obj_09_ball,1.0,3,100,random48_0,0.2,28,0.988101618
obj_09_ball,1.0,3,100,random48_0,0.4,48,0.00856782728
obj_09_ball,1.0,3,100,random48_0,0.6,48,0.00856782728
obj_09_ball,1.0,3,100,random48_0,0.8,48,0.00856782728
obj_09_ball,1.0,3,100,random48_1,0.1,14,0.478215698
obj_09_ball,1.0,3,100,random48_1,0.2,28,0.542246874
obj_09_ball,1.0,3,100,random48_1,0.4,48,0.00856782728
obj_09_ball,1.0,3,100,random48_1,0.6,48,0.00856782728
obj_09_ball,1.0,3,100,random48_1,0.8,48,0.00856782728
obj_09_ball,1.0,3,100,random48_2,0.1,14,0.958871177
obj_09_ball,1.0,3,100,random48_2,0.2,28,1.61498986
obj_09_ball,1.0,3,100,random48_2,0.4,48,0.00856782728
obj_09_ball,1.0,3,100,random48_2,0.6,48,0.00856782728
obj_09_ball,1.0,3,100,random48_2,0.8,48,0.00856782728
obj_09_ball,1.0,3,100,random48_3,0.1,14,0.782426841
obj_09_ball,1.0,3,100,random48_3,0.2,28,2.04097688
obj_09_ball,1.0,3,100,random48_3,0.4,48,0.00856782728
obj_09_ball,1.0,3,100,random48_3,0.6,48,0.00856782728
obj_09_ball,1.0,3,100,random48_3,0.8,48,0.00856782728
obj_09_ball,1.0,3,100,random48_4,0.1,14,0.860952855
obj_09_ball,1.0,3,100,random48_4,0.2,28,1.34582705
obj_09_ball,1.0,3,100,random48_4,0.4,48,0.00856782728
obj_09_ball,1.0,3,100,random48_4,0.6,48,0.00856782728
obj_09_ball,1.0,3,100,random48_4,0.8,48,0.00856782728
obj_09_ball,1.0,4,10,random48_0,0.1,14,1.5305403
obj_09_ball,1.0,4,10,random48_0,0.2,28,2.00803884
obj_09_ball,1.0,4,10,random48_0,0.4,48,0.19240629
obj_09_ball,1.0,4,10,random48_0,0.6,48,0.19240629
obj_09_ball,1.0,4,10,random48_0,0.8,48,0.19240629
obj_09_ball,1.0,4,10,random48_1,0.1,14,1.36924056
obj_09_ball,1.0,4,10,random48_1,0.2,28,0.899390586
obj_09_ball,1.0,4,10,random48_1,0.4,48,0.19240629
obj_09_ball,1.0,4,10,random48_1,0.6,48,0.19240629
obj_09_ball,1.0,4,10,random48_1,0.8,48,0.19240629
obj_09_ball,1.0,4,10,random48_2,0.1,14,0.924609337
obj_09_ball,1.0,4,10,random48_2,0.2,28,1.35374944
obj_09_ball,1.0,4,10,random48_2,0.4,48,0.19240629
obj_09_ball,1.0,4,10,random48_2,0.6,48,0.19240629
obj_09_ball,1.0,4,10,random48_2,0.8,48,0.19240629
obj_09_ball,1.0,4,10,random48_3,0.1,14,1.00174558
obj_09_ball,1.0,4,10,random48_3,0.2,28,1.17855607
obj_09_ball,1.0,4,10,random48_3,0.4,48,0.19240629
obj_09_ball,1.0,4,10,random48_3,0.6,48,0.19240629
obj_09_ball,1.0,4,10,random48_3,0.8,48,0.19240629
obj_09_ball,1.0,4,10,random48_4,0.1,14,0.556140495
obj_09_ball,1.0,4,10,random48_4,0.2,28,0.849882291
obj_09_ball,1.0,4,10,random48_4,0.4,48,0.19240629
obj_09_ball,1.0,4,10,random48_4,0.6,48,0.19240629
obj_09_ball,1.0,4,10,random48_4,0.8,48,0.19240629
obj_09_ball,1.0,4,100,random48_0,0.1,14,1.27942367
obj_09_ball,1.0,4,100,random48_0,0.2,28,1.44277524
obj_09_ball,1.0,4,100,random48_0,0.4,48,0.0171510871
obj_09_ball,1.0,4,100,random48_0,0.6,48,0.0171510871
obj_09_ball,1.0,4,100,random48_0,0.8,48,0.0171510871
obj_09_ball,1.0,4,100,random48_1,0.1,14,1.21677669
obj_09_ball,1.0,4,100,random48_1,0.2,28,1.67578807
obj_09_ball,1.0,4,100,random48_1,0.4,48,0.0171510871
obj_09_ball,1.0,4,100,random48_1,0.6,48,0.0171510871
obj_09_ball,1.0,4,100,random48_1,0.8,48,0.0171510871
obj_09_ball,1.0,4,100,random48_2,0.1,14,1.64353022
obj_09_ball,1.0,4,100,random48_2,0.2,28,6.19846471
obj_09_ball,1.0,4,100,random48_2,0.4,48,0.0171510871
obj_09_ball,1.0,4,100,random48_2,0.6,48,0.0171510871
obj_09_ball,1.0,4,100,random48_2,0.8,48,0.0171510871
obj_09_ball,1.0,4,100,random48_3,0.1,14,1.90384517
obj_09_ball,1.0,4,100,random48_3,0.2,28,1.35177471
obj_09_ball,1.0,4,100,random48_3,0.4,48,0.0171510871
obj_09_ball,1.0,4,100,random48_3,0.6,48,0.0171510871
obj_09_ball,1.0,4,100,random48_3,0.8,48,0.0171510871
obj_09_ball,1.0,4,100,random48_4,0.1,14,1.40891419
obj_09_ball,1.0,4,100,random48_4,0.2,28,0.60652432
obj_09_ball,1.0,4,100,random48_4,0.4,48,0.0171510871
obj_09_ball,1.0,4,100,random48_4,0.6,48,0.0171510871
obj_09_ball,1.0,4,100,random48_4,0.8,48,0.0171510871
obj_09_ball,1.0,5,10,random48_0,0.1,14,0.103268671
obj_09_ball,1.0,5,10,random48_0,0.2,28,0.415244754
obj_09_ball,1.0,5,10,random48_0,0.4,48,0.0800914941
obj_09_ball,1.0,5,10,random48_0,0.6,48,0.0800914941
obj_09_ball,1.0,5,10,random48_0,0.8,48,0.0800914941
obj_09_ball,1.0,5,10,random48_1,0.1,14,1.12142344
obj_09_ball,1.0,5,10,random48_1,0.2,28,0.428631977
obj_09_ball,1.0,5,10,random48_1,0.4,48,0.0800914941
obj_09_ball,1.0,5,10,random48_1,0.6,48,0.0800914941
obj_09_ball,1.0,5,10,random48_1,0.8,48,0.0800914941
obj_09_ball,1.0,5,10,random48_2,0.1,14,0.769566825
obj_09_ball,1.0,5,10,random48_2,0.2,28,0.780522009
obj_09_ball,1.0,5,10,random48_2,0.4,48,0.0800914941
obj_09_ball,1.0,5,10,random48_2,0.6,48,0.0800914941
obj_09_ball,1.0,5,10,random48_2,0.8,48,0.0800914941
obj_09_ball,1.0,5,10,random48_3,0.1,14,0.820552523
obj_09_ball,1.0,5,10,random48_3,0.2,28,1.05511248
obj_09_ball,1.0,5,10,random48_3,0.4,48,0.0800914941
obj_09_ball,1.0,5,10,random48_3,0.6,48,0.0800914941
obj_09_ball,1.0,5,10,random48_3,0.8,48,0.0800914941
obj_09_ball,1.0,5,10,random48_4,0.1,14,0.698473434
obj_09_ball,1.0,5,10,random48_4,0.2,28,0.561886323
obj_09_ball,1.0,5,10,random48_4,0.4,48,0.0800914941
obj_09_ball,1.0,5,10,random48_4,0.6,48,0.0800914941
obj_09_ball,1.0,5,10,random48_4,0.8,48,0.0800914941
obj_09_ball,1.0,5,100,random48_0,0.1,14,0.374691456
obj_09_ball,1.0,5,100,random48_0,0.2,28,2.07604569
obj_09_ball,1.0,5,100,random48_0,0.4,48,0.0136333457
obj_09_ball,1.0,5,100,random48_0,0.6,48,0.0136333457
obj_09_ball,1.0,5,100,random48_0,0.8,48,0.0136333457
obj_09_ball,1.0,5,100,random48_1,0.1,14,0.698651855
obj_09_ball,1.0,5,100,random48_1,0.2,28,0.991328391
obj_09_ball,1.0,5,100,random48_1,0.4,48,0.0136333457
obj_09_ball,1.0,5,100,random48_1,0.6,48,0.0136333457
obj_09_ball,1.0,5,100,random48_1,0.8,48,0.0136333457
obj_09_ball,1.0,5,100,random48_2,0.1,14,0.163855264
obj_09_ball,1.0,5,100,random48_2,0.2,28,0.392232293
obj_09_ball,1.0,5,100,random48_2,0.4,48,0.0136333457
obj_09_ball,1.0,5,100,random48_2,0.6,48,0.0136333457
obj_09_ball,1.0,5,100,random48_2,0.8,48,0.0136333457
obj_09_ball,1.0,5,100,random48_3,0.1,14,0.358789266
obj_09_ball,1.0,5,100,random48_3,0.2,28,0.797175856
obj_09_ball,1.0,5,100,random48_3,0.4,48,0.0136333457
obj_09_ball,1.0,5,100,random48_3,0.6,48,0.0136333457
obj_09_ball,1.0,5,100,random48_3,0.8,48,0.0136333457
obj_09_ball,1.0,5,100,random48_4,0.1,14,0.386174719
obj_09_ball,1.0,5,100,random48_4,0.2,28,0.352227058
obj_09_ball,1.0,5,100,random48_4,0.4,48,0.0136333457
obj_09_ball,1.0,5,100,random48_4,0.6,48,0.0136333457
obj_09_ball,1.0,5,100,random48_4,0.8,48,0.0136333457
obj_09_ball,1.0,6,10,random48_0,0.1,14,2.88207973
obj_09_ball,1.0,6,10,random48_0,0.2,28,4.53510466
obj_09_ball,1.0,6,10,random48_0,0.4,48,0.191777946
obj_09_ball,1.0,6,10,random48_0,0.6,48,0.191777946
obj_09_ball,1.0,6,10,random48_0,0.8,48,0.191777946
obj_09_ball,1.0,6,10,random48_1,0.1,14,1.69621035
obj_09_ball,1.0,6,10,random48_1,0.2,28,2.25178141
obj_09_ball,1.0,6,10,random48_1,0.4,48,0.191777946
obj_09_ball,1.0,6,10,random48_1,0.6,48,0.191777946
obj_09_ball,1.0,6,10,random48_1,0.8,48,0.191777946
obj_09_ball,1.0,6,10,random48_2,0.1,14,1.69304921
obj_09_ball,1.0,6,10,random48_2,0.2,28,3.58442042
obj_09_ball,1.0,6,10,random48_2,0.4,48,0.191777946
obj_09_ball,1.0,6,10,random48_2,0.6,48,0.191777946
obj_09_ball,1.0,6,10,random48_2,0.8,48,0.191777946
obj_09_ball,1.0,6,10,random48_3,0.1,14,1.35131851
obj_09_ball,1.0,6,10,random48_3,0.2,28,2.34374362
obj_09_ball,1.0,6,10,random48_3,0.4,48,0.191777946
obj_09_ball,1.0,6,10,random48_3,0.6,48,0.191777946
obj_09_ball,1.0,6,10,random48_3,0.8,48,0.191777946
obj_09_ball,1.0,6,10,random48_4,0.1,14,1.2074765
obj_09_ball,1.0,6,10,random48_4,0.2,28,0.609913314
obj_09_ball,1.0,6,10,random48_4,0.4,48,0.191777946
obj_09_ball,1.0,6,10,random48_4,0.6,48,0.191777946
obj_09_ball,1.0,6,10,random48_4,0.8,48,0.191777946
obj_09_ball,1.0,6,100,random48_0,0.1,14,1.34958367
obj_09_ball,1.0,6,100,random48_0,0.2,28,0.279381845
obj_09_ball,1.0,6,100,random48_0,0.4,48,0.0153790564
obj_09_ball,1.0,6,100,random48_0,0.6,48,0.0153790564
obj_09_ball,1.0,6,100,random48_0,0.8,48,0.0153790564
obj_09_ball,1.0,6,100,random48_1,0.1,14,0.879054826
obj_09_ball,1.0,6,100,random48_1,0.2,28,0.447395824
obj_09_ball,1.0,6,100,random48_1,0.4,48,0.0153790564
obj_09_ball,1.0,6,100,random48_1,0.6,48,0.0153790564
obj_09_ball,1.0,6,100,random48_1,0.8,48,0.0153790564
obj_09_ball,1.0,6,100,random48_2,0.1,14,2.73350151
obj_09_ball,1.0,6,100,random48_2,0.2,28,1.20364814
obj_09_ball,1.0,6,100,random48_2,0.4,48,0.0153790564
obj_09_ball,1.0,6,100,random48_2,0.6,48,0.0153790564
obj_09_ball,1.0,6,100,random48_2,0.8,48,0.0153790564
obj_09_ball,1.0,6,100,random48_3,0.1,14,1.9499564
obj_09_ball,1.0,6,100,random48_3,0.2,28,2.54915519
obj_09_ball,1.0,6,100,random48_3,0.4,48,0.0153790564
obj_09_ball,1.0,6,100,random48_3,0.6,48,0.0153790564
obj_09_ball,1.0,6,100,random48_3,0.8,48,0.0153790564
obj_09_ball,1.0,6,100,random48_4,0.1,14,2.57643554
obj_09_ball,1.0,6,100,random48_4,0.2,28,3.25803048
obj_09_ball,1.0,6,100,random48_4,0.4,48,0.0153790564
obj_09_ball,1.0,6,100,random48_4,0.6,48,0.0153790564
obj_09_ball,1.0,6,100,random48_4,0.8,48,0.0153790564
obj_09_ball,1.0,7,10,random48_0,0.1,14,0.225313169
obj_09_ball,1.0,7,10,random48_0,0.2,28,2.74165003
obj_09_ball,1.0,7,10,random48_0,0.4,48,0.413634283
obj_09_ball,1.0,7,10,random48_0,0.6,48,0.413634283
obj_09_ball,1.0,7,10,random48_0,0.8,48,0.413634283
obj_09_ball,1.0,7,10,random48_1,0.1,14,1.16533407
obj_09_ball,1.0,7,10,random48_1,0.2,28,3.76387733
obj_09_ball,1.0,7,10,random48_1,0.4,48,0.413634283
obj_09_ball,1.0,7,10,random48_1,0.6,48,0.413634283
obj_09_ball,1.0,7,10,random48_1,0.8,48,0.413634283
obj_09_ball,1.0,7,10,random48_2,0.1,14,2.99332502
obj_09_ball,1.0,7,10,random48_2,0.2,28,0.990826306
obj_09_ball,1.0,7,10,random48_2,0.4,48,0.413634283
obj_09_ball,1.0,7,10,random48_2,0.6,48,0.413634283
obj_09_ball,1.0,7,10,random48_2,0.8,48,0.413634283
obj_09_ball,1.0,7,10,random48_3,0.1,14,0.202221771
obj_09_ball,1.0,7,10,random48_3,0.2,28,0.806064701
obj_09_ball,1.0,7,10,random48_3,0.4,48,0.413634283
obj_09_ball,1.0,7,10,random48_3,0.6,48,0.413634283
obj_09_ball,1.0,7,10,random48_3,0.8,48,0.413634283
obj_09_ball,1.0,7,10,random48_4,0.1,14,0.790460573
obj_09_ball,1.0,7,10,random48_4,0.2,28,3.78254598
obj_09_ball,1.0,7,10,random48_4,0.4,48,0.413634283
obj_09_ball,1.0,7,10,random48_4,0.6,48,0.413634283
obj_09_ball,1.0,7,10,random48_4,0.8,48,0.413634283
obj_09_ball,1.0,7,100,random48_0,0.1,14,0.277841447
obj_09_ball,1.0,7,100,random48_0,0.2,28,6.31073804
obj_09_ball,1.0,7,100,random48_0,0.4,48,0.0325970757
obj_09_ball,1.0,7,100,random48_0,0.6,48,0.0325970757
obj_09_ball,1.0,7,100,random48_0,0.8,48,0.0325970757
obj_09_ball,1.0,7,100,random48_1,0.1,14,1.26336372
obj_09_ball,1.0,7,100,random48_1,0.2,28,1.63776385
obj_09_ball,1.0,7,100,random48_1,0.4,48,0.0325970757
obj_09_ball,1.0,7,100,random48_1,0.6,48,0.0325970757
obj_09_ball,1.0,7,100,random48_1,0.8,48,0.0325970757
obj_09_ball,1.0,7,100,random48_2,0.1,14,0.390586466
obj_09_ball,1.0,7,100,random48_2,0.2,28,1.7018891
obj_09_ball,1.0,7,100,random48_2,0.4,48,0.0325970757
obj_09_ball,1.0,7,100,random48_2,0.6,48,0.0325970757
obj_09_ball,1.0,7,100,random48_2,0.8,48,0.0325970757
obj_09_ball,1.0,7,100,random48_3,0.1,14,0.255678889
obj_09_ball,1.0,7,100,random48_3,0.2,28,0.603617401
obj_09_ball,1.0,7,100,random48_3,0.4,48,0.0325970757
obj_09_ball,1.0,7,100,random48_3,0.6,48,0.0325970757
obj_09_ball,1.0,7,100,random48_3,0.8,48,0.0325970757
obj_09_ball,1.0,7,100,random48_4,0.1,14,0.238151011
obj_09_ball,1.0,7,100,random48_4,0.2,28,0.655603641
obj_09_ball,1.0,7,100,random48_4,0.4,48,0.0325970757
obj_09_ball,1.0,7,100,random48_4,0.6,48,0.0325970757
obj_09_ball,1.0,7,100,random48_4,0.8,48,0.0325970757
obj_09_ball,1.0,8,10,random48_0,0.1,14,0.153299028
obj_09_ball,1.0,8,10,random48_0,0.2,28,1.5074989
obj_09_ball,1.0,8,10,random48_0,0.4,48,0.309386433
obj_09_ball,1.0,8,10,random48_0,0.6,48,0.309386433
obj_09_ball,1.0,8,10,random48_0,0.8,48,0.309386433
obj_09_ball,1.0,8,10,random48_1,0.1,14,0.205023441
obj_09_ball,1.0,8,10,random48_1,0.2,28,0.334774319
obj_09_ball,1.0,8,10,random48_1,0.4,48,0.309386433
obj_09_ball,1.0,8,10,random48_1,0.6,48,0.309386433
obj_09_ball,1.0,8,10,random48_1,0.8,48,0.309386433
obj_09_ball,1.0,8,10,random48_2,0.1,14,0.541264053
obj_09_ball,1.0,8,10,random48_2,0.2,28,1.11206401
obj_09_ball,1.0,8,10,random48_2,0.4,48,0.309386433
obj_09_ball,1.0,8,10,random48_2,0.6,48,0.309386433
obj_09_ball,1.0,8,10,random48_2,0.8,48,0.309386433
obj_09_ball,1.0,8,10,random48_3,0.1,14,0.266702662
obj_09_ball,1.0,8,10,random48_3,0.2,28,1.02770171
obj_09_ball,1.0,8,10,random48_3,0.4,48,0.309386433
obj_09_ball,1.0,8,10,random48_3,0.6,48,0.309386433
obj_09_ball,1.0,8,10,random48_3,0.8,48,0.309386433
obj_09_ball,1.0,8,10,random48_4,0.1,14,0.390374043
obj_09_ball,1.0,8,10,random48_4,0.2,28,1.20441439
obj_09_ball,1.0,8,10,random48_4,0.4,48,0.309386433
obj_09_ball,1.0,8,10,random48_4,0.6,48,0.309386433
obj_09_ball,1.0,8,10,random48_4,0.8,48,0.309386433
obj_09_ball,1.0,8,100,random48_0,0.1,14,0.198007898
obj_09_ball,1.0,8,100,random48_0,0.2,28,0.390966557
obj_09_ball,1.0,8,100,random48_0,0.4,48,0.0695575014
obj_09_ball,1.0,8,100,random48_0,0.6,48,0.0695575014
obj_09_ball,1.0,8,100,random48_0,0.8,48,0.0695575014
obj_09_ball,1.0,8,100,random48_1,0.1,14,0.341058087
obj_09_ball,1.0,8,100,random48_1,0.2,28,0.718563799
obj_09_ball,1.0,8,100,random48_1,0.4,48,0.0695575014
obj_09_ball,1.0,8,100,random48_1,0.6,48,0.0695575014
obj_09_ball,1.0,8,100,random48_1,0.8,48,0.0695575014
obj_09_ball,1.0,8,100,random48_2,0.1,14,0.791021859
obj_09_ball,1.0,8,100,random48_2,0.2,28,0.972076245
obj_09_ball,1.0,8,100,random48_2,0.4,48,0.0695575014
obj_09_ball,1.0,8,100,random48_2,0.6,48,0.0695575014
obj_09_ball,1.0,8,100,random48_2,0.8,48,0.0695575014
obj_09_ball,1.0,8,100,random48_3,0.1,14,0.326367561
obj_09_ball,1.0,8,100,random48_3,0.2,28,0.821603444
obj_09_ball,1.0,8,100,random48_3,0.4,48,0.0695575014
obj_09_ball,1.0,8,100,random48_3,0.6,48,0.0695575014
obj_09_ball,1.0,8,100,random48_3,0.8,48,0.0695575014
obj_09_ball,1.0,8,100,random48_4,0.1,14,0.0993456168
obj_09_ball,1.0,8,100,random48_4,0.2,28,0.30249744
obj_09_ball,1.0,8,100,random48_4,0.4,48,0.0695575014
obj_09_ball,1.0,8,100,random48_4,0.6,48,0.0695575014
obj_09_ball,1.0,8,100,random48_4,0.8,48,0.0695575014
obj_09_ball,1.0,9,10,random48_0,0.1,14,0.196477565
obj_09_ball,1.0,9,10,random48_0,0.2,28,0.450901575
obj_09_ball,1.0,9,10,random48_0,0.4,48,0.137338545
obj_09_ball,1.0,9,10,random48_0,0.6,48,0.137338545
obj_09_ball,1.0,9,10,random48_0,0.8,48,0.137338545
obj_09_ball,1.0,9,10,random48_1,0.1,14,1.34211586
obj_09_ball,1.0,9,10,random48_1,0.2,28,0.55775636
obj_09_ball,1.0,9,10,random48_1,0.4,48,0.137338545
obj_09_ball,1.0,9,10,random48_1,0.6,48,0.137338545
obj_09_ball,1.0,9,10,random48_1,0.8,48,0.137338545
obj_09_ball,1.0,9,10,random48_2,0.1,14,0.876865792
obj_09_ball,1.0,9,10,random48_2,0.2,28,1.44805087
obj_09_ball,1.0,9,10,random48_2,0.4,48,0.137338545
obj_09_ball,1.0,9,10,random48_2,0.6,48,0.137338545
obj_09_ball,1.0,9,10,random48_2,0.8,48,0.137338545
obj_09_ball,1.0,9,10,random48_3,0.1,14,1.91817479
obj_09_ball,1.0,9,10,random48_3,0.2,28,3.19999342
obj_09_ball,1.0,9,10,random48_3,0.4,48,0.137338545
obj_09_ball,1.0,9,10,random48_3,0.6,48,0.137338545
obj_09_ball,1.0,9,10,random48_3,0.8,48,0.137338545
obj_09_ball,1.0,9,10,random48_4,0.1,14,0.40277455
obj_09_ball,1.0,9,10,random48_4,0.2,28,0.168275613
obj_09_ball,1.0,9,10,random48_4,0.4,48,0.137338545
obj_09_ball,1.0,9,10,random48_4,0.6,48,0.137338545
obj_09_ball,1.0,9,10,random48_4,0.8,48,0.137338545
obj_09_ball,1.0,9,100,random48_0,0.1,14,1.14000689
obj_09_ball,1.0,9,100,random48_0,0.2,28,1.94229917
obj_09_ball,1.0,9,100,random48_0,0.4,48,0.0133738553
obj_09_ball,1.0,9,100,random48_0,0.6,48,0.0133738553
obj_09_ball,1.0,9,100,random48_0,0.8,48,0.0133738553
obj_09_ball,1.0,9,100,random48_1,0.1,14,0.747319089
obj_09_ball,1.0,9,100,random48_1,0.2,28,1.87849407
obj_09_ball,1.0,9,100,random48_1,0.4,48,0.0133738553
obj_09_ball,1.0,9,100,random48_1,0.6,48,0.0133738553
obj_09_ball,1.0,9,100,random48_1,0.8,48,0.0133738553
obj_09_ball,1.0,9,100,random48_2,0.1,14,0.617001147
obj_09_ball,1.0,9,100,random48_2,0.2,28,0.12616567
obj_09_ball,1.0,9,100,random48_2,0.4,48,0.0133738553
obj_09_ball,1.0,9,100,random48_2,0.6,48,0.0133738553
obj_09_ball,1.0,9,100,random48_2,0.8,48,0.0133738553
obj_09_ball,1.0,9,100,random48_3,0.1,14,0.619814455
obj_09_ball,1.0,9,100,random48_3,0.2,28,0.219472917
obj_09_ball,1.0,9,100,random48_3,0.4,48,0.0133738553
obj_09_ball,1.0,9,100,random48_3,0.6,48,0.0133738553
obj_09_ball,1.0,9,100,random48_3,0.8,48,0.0133738553
obj_09_ball,1.0,9,100,random48_4,0.1,14,0.326646863
obj_09_ball,1.0,9,100,random48_4,0.2,28,0.244821175
obj_09_ball,1.0,9,100,random48_4,0.4,48,0.0133738553
obj_09_ball,1.0,9,100,random48_4,0.6,48,0.0133738553
obj_09_ball,1.0,9,100,random48_4,0.8,48,0.0133738553
obj_10_pumpkin3,0.2,0,10,random48_0,0.1,14,0.178774107
obj_10_pumpkin3,0.2,0,10,random48_0,0.2,28,0.0402138266
obj_10_pumpkin3,0.2,0,10,random48_0,0.4,48,0.0151016503
obj_10_pumpkin3,0.2,0,10,random48_0,0.6,48,0.0151016503
obj_10_pumpkin3,0.2,0,10,random48_0,0.8,48,0.0151016503
obj_10_pumpkin3,0.2,0,10,random48_1,0.1,14,0.171697402
obj_10_pumpkin3,0.2,0,10,random48_1,0.2,28,0.187675813
obj_10_pumpkin3,0.2,0,10,random48_1,0.4,48,0.0151016503
obj_10_pumpkin3,0.2,0,10,random48_1,0.6,48,0.0151016503
obj_10_pumpkin3,0.2,0,10,random48_1,0.8,48,0.0151016503
obj_10_pumpkin3,0.2,0,10,random48_2,0.1,14,0.157670658
obj_10_pumpkin3,0.2,0,10,random48_2,0.2,28,0.252917527
obj_10_pumpkin3,0.2,0,10,random48_2,0.4,48,0.0151016503
obj_10_pumpkin3,0.2,0,10,random48_2,0.6,48,0.0151016503
obj_10_pumpkin3,0.2,0,10,random48_2,0.8,48,0.0151016503
obj_10_pumpkin3,0.2,0,10,random48_3,0.1,14,0.11464607
obj_10_pumpkin3,0.2,0,10,random48_3,0.2,28,0.110558943
obj_10_pumpkin3,0.2,0,10,random48_3,0.4,48,0.0151016503
obj_10_pumpkin3,0.2,0,10,random48_3,0.6,48,0.0151016503
obj_10_pumpkin3,0.2,0,10,random48_3,0.8,48,0.0151016503
obj_10_pumpkin3,0.2,0,10,random48_4,0.1,14,0.181027431
obj_10_pumpkin3,0.2,0,10,random48_4,0.2,28,0.284707578
obj_10_pumpkin3,0.2,0,10,random48_4,0.4,48,0.0151016503
obj_10_pumpkin3,0.2,0,10,random48_4,0.6,48,0.0151016503
obj_10_pumpkin3,0.2,0,10,random48_4,0.8,48,0.0151016503
obj_10_pumpkin3,0.2,0,100,random48_0,0.1,14,0.173599541
obj_10_pumpkin3,0.2,0,100,random48_0,0.2,28,0.165964187
obj_10_pumpkin3,0.2,0,100,random48_0,0.4,48,0.00136212506
obj_10_pumpkin3,0.2,0,100,random48_0,0.6,48,0.00136212506
obj_10_pumpkin3,0.2,0,100,random48_0,0.8,48,0.00136212506
obj_10_pumpkin3,0.2,0,100,random48_1,0.1,14,0.0313925745
obj_10_pumpkin3,0.2,0,100,random48_1,0.2,28,0.0408110958
obj_10_pumpkin3,0.2,0,100,random48_1,0.4,48,0.00136212506
obj_10_pumpkin3,0.2,0,100,random48_1,0.6,48,0.00136212506
obj_10_pumpkin3,0.2,0,100,random48_1,0.8,48,0.00136212506
obj_10_pumpkin3,0.2,0,100,random48_2,0.1,14,0.0896211213
obj_10_pumpkin3,0.2,0,100,random48_2,0.2,28,0.172869619
obj_10_pumpkin3,0.2,0,100,random48_2,0.4,48,0.00136212506
obj_10_pumpkin3,0.2,0,100,random48_2,0.6,48,0.00136212506
obj_10_pumpkin3,0.2,0,100,random48_2,0.8,48,0.00136212506
obj_10_pumpkin3,0.2,0,100,random48_3,0.1,14,0.259707005
obj_10_pumpkin3,0.2,0,100,random48_3,0.2,28,0.313569507
obj_10_pumpkin3,0.2,0,100,random48_3,0.4,48,0.00136212506
obj_10_pumpkin3,0.2,0,100,random48_3,0.6,48,0.00136212506
obj_10_pumpkin3,0.2,0,100,random48_3,0.8,48,0.00136212506
obj_10_pumpkin3,0.2,0,100,random48_4,0.1,14,0.16306471
obj_10_pumpkin3,0.2,0,100,random48_4,0.2,28,0.0321109683
obj_10_pumpkin3,0.2,0,100,random48_4,0.4,48,0.00136212506
obj_10_pumpkin3,0.2,0,100,random48_4,0.6,48,0.00136212506
obj_10_pumpkin3,0.2,0,100,random48_4,0.8,48,0.00136212506
obj_10_pumpkin3,0.2,1,10,random48_0,0.1,14,0.0349683824
obj_10_pumpkin3,0.2,1,10,random48_0,0.2,28,0.0631260136
obj_10_pumpkin3,0.2,1,10,random48_0,0.4,48,0.00805125216
obj_10_pumpkin3,0.2,1,10,random48_0,0.6,48,0.00805125216
obj_10_pumpkin3,0.2,1,10,random48_0,0.8,48,0.00805125216
obj_10_pumpkin3,0.2,1,10,random48_1,0.1,14,0.0187957785
obj_10_pumpkin3,0.2,1,10,random48_1,0.2,28,0.0289101985
obj_10_pumpkin3,0.2,1,10,random48_1,0.4,48,0.00805125216
obj_10_pumpkin3,0.2,1,10,random48_1,0.6,48,0.00805125216
obj_10_pumpkin3,0.2,1,10,random48_1,0.8,48,0.00805125216
obj_10_pumpkin3,0.2,1,10,random48_2,0.1,14,0.0288416
obj_10_pumpkin3,0.2,1,10,random48_2,0.2,28,0.0191508924
obj_10_pumpkin3,0.2,1,10,random48_2,0.4,48,0.00805125216
obj_10_pumpkin3,0.2,1,10,random48_2,0.6,48,0.00805125216
obj_10_pumpkin3,0.2,1,10,random48_2,0.8,48,0.00805125216
obj_10_pumpkin3,0.2,1,10,random48_3,0.1,14,0.0876146271
obj_10_pumpkin3,0.2,1,10,random48_3,0.2,28,0.111432829
obj_10_pumpkin3,0.2,1,10,random48_3,0.4,48,0.00805125216
obj_10_pumpkin3,0.2,1,10,random48_3,0.6,48,0.00805125216
obj_10_pumpkin3,0.2,1,10,random48_3,0.8,48,0.00805125216
obj_10_pumpkin3,0.2,1,10,random48_4,0.1,14,0.0449947
obj_10_pumpkin3,0.2,1,10,random48_4,0.2,28,0.0281607013
obj_10_pumpkin3,0.2,1,10,random48_4,0.4,48,0.00805125216
obj_10_pumpkin3,0.2,1,10,random48_4,0.6,48,0.00805125216
obj_10_pumpkin3,0.2,1,10,random48_4,0.8,48,0.00805125216
obj_10_pumpkin3,0.2,1,100,random48_0,0.1,14,0.0423940652
obj_10_pumpkin3,0.2,1,100,random48_0,0.2,28,0.0390353638
obj_10_pumpkin3,0.2,1,100,random48_0,0.4,48,0.000914152443
obj_10_pumpkin3,0.2,1,100,random48_0,0.6,48,0.000914152443
obj_10_pumpkin3,0.2,1,100,random48_0,0.8,48,0.000914152443
obj_10_pumpkin3,0.2,1,100,random48_1,0.1,14,0.0367275298
obj_10_pumpkin3,0.2,1,100,random48_1,0.2,28,0.030806858
obj_10_pumpkin3,0.2,1,100,random48_1,0.4,48,0.000914152443
obj_10_pumpkin3,0.2,1,100,random48_1,0.6,48,0.000914152443
obj_10_pumpkin3,0.2,1,100,random48_1,0.8,48,0.000914152443
obj_10_pumpkin3,0.2,1,100,random48_2,0.1,14,0.0951977116
obj_10_pumpkin3,0.2,1,100,random48_2,0.2,28,0.147847234
obj_10_pumpkin3,0.2,1,100,random48_2,0.4,48,0.000914152443
obj_10_pumpkin3,0.2,1,100,random48_2,0.6,48,0.000914152443
obj_10_pumpkin3,0.2,1,100,random48_2,0.8,48,0.000914152443
obj_10_pumpkin3,0.2,1,100,random48_3,0.1,14,0.068622749
obj_10_pumpkin3,0.2,1,100,random48_3,0.2,28,0.123768263
obj_10_pumpkin3,0.2,1,100,random48_3,0.4,48,0.000914152443
obj_10_pumpkin3,0.2,1,100,random48_3,0.6,48,0.000914152443
obj_10_pumpkin3,0.2,1,100,random48_3,0.8,48,0.000914152443
obj_10_pumpkin3,0.2,1,100,random48_4,0.1,14,0.045724681
obj_10_pumpkin3,0.2,1,100,random48_4,0.2,28,0.0543435138
obj_10_pumpkin3,0.2,1,100,random48_4,0.4,48,0.000914152443
obj_10_pumpkin3,0.2,1,100,random48_4,0.6,48,0.000914152443
obj_10_pumpkin3,0.2,1,100,random48_4,0.8,48,0.000914152443
obj_10_pumpkin3,0.2,2,10,random48_0,0.1,14,0.720872833
obj_10_pumpkin3,0.2,2,10,random48_0,0.2,28,0.636054202
obj_10_pumpkin3,0.2,2,10,random48_0,0.4,48,0.0703870541
obj_10_pumpkin3,0.2,2,10,random48_0,0.6,48,0.0703870541
obj_10_pumpkin3,0.2,2,10,random48_0,0.8,48,0.0703870541
obj_10_pumpkin3,0.2,2,10,random48_1,0.1,14,0.279797017
obj_10_pumpkin3,0.2,2,10,random48_1,0.2,28,0.282228793
obj_10_pumpkin3,0.2,2,10,random48_1,0.4,48,0.0703870541
obj_10_pumpkin3,0.2,2,10,random48_1,0.6,48,0.0703870541
obj_10_pumpkin3,0.2,2,10,random48_1,0.8,48,0.0703870541
obj_10_pumpkin3,0.2,2,10,random48_2,0.1,14,0.515305544
obj_10_pumpkin3,0.2,2,10,random48_2,0.2,28,0.429565131
obj_10_pumpkin3,0.2,2,10,random48_2,0.4,48,0.0703870541
obj_10_pumpkin3,0.2,2,10,random48_2,0.6,48,0.0703870541
obj_10_pumpkin3,0.2,2,10,random48_2,0.8,48,0.0703870541
obj_10_pumpkin3,0.2,2,10,random48_3,0.1,14,1.10820094
obj_10_pumpkin3,0.2,2,10,random48_3,0.2,28,0.926712787
obj_10_pumpkin3,0.2,2,10,random48_3,0.4,48,0.0703870541
obj_10_pumpkin3,0.2,2,10,random48_3,0.6,48,0.0703870541
obj_10_pumpkin3,0.2,2,10,random48_3,0.8,48,0.0703870541
obj_10_pumpkin3,0.2,2,10,random48_4,0.1,14,0.810059441
obj_10_pumpkin3,0.2,2,10,random48_4,0.2,28,0.574185896
obj_10_pumpkin3,0.2,2,10,random48_4,0.4,48,0.0703870541
obj_10_pumpkin3,0.2,2,10,random48_4,0.6,48,0.0703870541
obj_10_pumpkin3,0.2,2,10,random48_4,0.8,48,0.0703870541
obj_10_pumpkin3,0.2,2,100,random48_0,0.1,14,0.677103827
obj_10_pumpkin3,0.2,2,100,random48_0,0.2,28,0.261240624
obj_10_pumpkin3,0.2,2,100,random48_0,0.4,48,0.00653648671
obj_10_pumpkin3,0.2,2,100,random48_0,0.6,48,0.00653648671
obj_10_pumpkin3,0.2,2,100,random48_0,0.8,48,0.00653648671
obj_10_pumpkin3,0.2,2,100,random48_1,0.1,14,0.470710937
obj_10_pumpkin3,0.2,2,100,random48_1,0.2,28,0.409712109
obj_10_pumpkin3,0.2,2,100,random48_1,0.4,48,0.00653648671
obj_10_pumpkin3,0.2,2,100,random48_1,0.6,48,0.00653648671
obj_10_pumpkin3,0.2,2,100,random48_1,0.8,48,0.00653648671
obj_10_pumpkin3,0.2,2,100,random48_2,0.1,14,0.758308686
obj_10_pumpkin3,0.2,2,100,random48_2,0.2,28,0.700852812
obj_10_pumpkin3,0.2,2,100,random48_2,0.4,48,0.00653648671
obj_10_pumpkin3,0.2,2,100,random48_2,0.6,48,0.00653648671
obj_10_pumpkin3,0.2,2,100,random48_2,0.8,48,0.00653648671
obj_10_pumpkin3,0.2,2,100,random48_3,0.1,14,0.274400599
obj_10_pumpkin3,0.2,2,100,random48_3,0.2,28,0.22377438
obj_10_pumpkin3,0.2,2,100,random48_3,0.4,48,0.00653648671
obj_10_pumpkin3,0.2,2,100,random48_3,0.6,48,0.00653648671
obj_10_pumpkin3,0.2,2,100,random48_3,0.8,48,0.00653648671
obj_10_pumpkin3,0.2,2,100,random48_4,0.1,14,0.458461894
obj_10_pumpkin3,0.2,2,100,random48_4,0.2,28,0.254842581
obj_10_pumpkin3,0.2,2,100,random48_4,0.4,48,0.00653648671
obj_10_pumpkin3,0.2,2,100,random48_4,0.6,48,0.00653648671
obj_10_pumpkin3,0.2,2,100,random48_4,0.8,48,0.00653648671
obj_10_pumpkin3,0.2,3,10,random48_0,0.1,14,0.338735151
obj_10_pumpkin3,0.2,3,10,random48_0,0.2,28,0.134999798
obj_10_pumpkin3,0.2,3,10,random48_0,0.4,48,0.0164395543
obj_10_pumpkin3,0.2,3,10,random48_0,0.6,48,0.0164395543
obj_10_pumpkin3,0.2,3,10,random48_0,0.8,48,0.0164395543
obj_10_pumpkin3,0.2,3,10,random48_1,0.1,14,0.0427145113
obj_10_pumpkin3,0.2,3,10,random48_1,0.2,28,0.118554408
obj_10_pumpkin3,0.2,3,10,random48_1,0.4,48,0.0164395543
obj_10_pumpkin3,0.2,3,10,random48_1,0.6,48,0.0164395543
obj_10_pumpkin3,0.2,3,10,random48_1,0.8,48,0.0164395543
obj_10_pumpkin3,0.2,3,10,random48_2,0.1,14,0.155079169
obj_10_pumpkin3,0.2,3,10,random48_2,0.2,28,0.230691448
obj_10_pumpkin3,0.2,3,10,random48_2,0.4,48,0.0164395543
obj_10_pumpkin3,0.2,3,10,random48_2,0.6,48,0.0164395543
obj_10_pumpkin3,0.2,3,10,random48_2,0.8,48,0.0164395543
obj_10_pumpkin3,0.2,3,10,random48_3,0.1,14,0.197987635
obj_10_pumpkin3,0.2,3,10,random48_3,0.2,28,0.183119896
obj_10_pumpkin3,0.2,3,10,random48_3,0.4,48,0.0164395543
obj_10_pumpkin3,0.2,3,10,random48_3,0.6,48,0.0164395543
obj_10_pumpkin3,0.2,3,10,random48_3,0.8,48,0.0164395543
obj_10_pumpkin3,0.2,3,10,random48_4,0.1,14,0.0983150402
obj_10_pumpkin3,0.2,3,10,random48_4,0.2,28,0.0986369144
obj_10_pumpkin3,0.2,3,10,random48_4,0.4,48,0.0164395543
obj_10_pumpkin3,0.2,3,10,random48_4,0.6,48,0.0164395543
obj_10_pumpkin3,0.2,3,10,random48_4,0.8,48,0.0164395543
obj_10_pumpkin3,0.2,3,100,random48_0,0.1,14,0.113402214
obj_10_pumpkin3,0.2,3,100,random48_0,0.2,28,0.30555893
obj_10_pumpkin3,0.2,3,100,random48_0,0.4,48,0.00183705926
obj_10_pumpkin3,0.2,3,100,random48_0,0.6,48,0.00183705926
obj_10_pumpkin3,0.2,3,100,random48_0,0.8,48,0.00183705926
obj_10_pumpkin3,0.2,3,100,random48_1,0.1,14,0.0748507734
obj_10_pumpkin3,0.2,3,100,random48_1,0.2,28,0.0182389246
obj_10_pumpkin3,0.2,3,100,random48_1,0.4,48,0.00183705926
obj_10_pumpkin3,0.2,3,100,random48_1,0.6,48,0.00183705926
obj_10_pumpkin3,0.2,3,100,random48_1,0.8,48,0.00183705926
obj_10_pumpkin3,0.2,3,100,random48_2,0.1,14,0.181599201
obj_10_pumpkin3,0.2,3,100,random48_2,0.2,28,0.0101987701
obj_10_pumpkin3,0.2,3,100,random48_2,0.4,48,0.00183705926
obj_10_pumpkin3,0.2,3,100,random48_2,0.6,48,0.00183705926
obj_10_pumpkin3,0.2,3,100,random48_2,0.8,48,0.00183705926
obj_10_pumpkin3,0.2,3,100,random48_3,0.1,14,0.0418262677
obj_10_pumpkin3,0.2,3,100,random48_3,0.2,28,0.0637278828
obj_10_pumpkin3,0.2,3,100,random48_3,0.4,48,0.00183705926
obj_10_pumpkin3,0.2,3,100,random48_3,0.6,48,0.00183705926
obj_10_pumpkin3,0.2,3,100,random48_3,0.8,48,0.00183705926
obj_10_pumpkin3,0.2,3,100,random48_4,0.1,14,0.162547961
obj_10_pumpkin3,0.2,3,100,random48_4,0.2,28,0.034878596
obj_10_pumpkin3,0.2,3,100,random48_4,0.4,48,0.00183705926
obj_10_pumpkin3,0.2,3,100,random48_4,0.6,48,0.00183705926
obj_10_pumpkin3,0.2,3,100,random48_4,0.8,48,0.00183705926
obj_10_pumpkin3,0.2,4,10,random48_0,0.1,14,0.0672517389
obj_10_pumpkin3,0.2,4,10,random48_0,0.2,28,0.0164822418
obj_10_pumpkin3,0.2,4,10,random48_0,0.4,48,0.00472745293
obj_10_pumpkin3,0.2,4,10,random48_0,0.6,48,0.00472745293
obj_10_pumpkin3,0.2,4,10,random48_0,0.8,48,0.00472745293
obj_10_pumpkin3,0.2,4,10,random48_1,0.1,14,0.0368361493
obj_10_pumpkin3,0.2,4,10,random48_1,0.2,28,0.0564125585
obj_10_pumpkin3,0.2,4,10,random48_1,0.4,48,0.00472745293
obj_10_pumpkin3,0.2,4,10,random48_1,0.6,48,0.00472745293
obj_10_pumpkin3,0.2,4,10,random48_1,0.8,48,0.00472745293
obj_10_pumpkin3,0.2,4,10,random48_2,0.1,14,0.0405561151
obj_10_pumpkin3,0.2,4,10,random48_2,0.2,28,0.00564783538
obj_10_pumpkin3,0.2,4,10,random48_2,0.4,48,0.00472745293
obj_10_pumpkin3,0.2,4,10,random48_2,0.6,48,0.00472745293
obj_10_pumpkin3,0.2,4,10,random48_2,0.8,48,0.00472745293
obj_10_pumpkin3,0.2,4,10,random48_3,0.1,14,0.0465272154
obj_10_pumpkin3,0.2,4,10,random48_3,0.2,28,0.0993697002
obj_10_pumpkin3,0.2,4,10,random48_3,0.4,48,0.00472745293
obj_10_pumpkin3,0.2,4,10,random48_3,0.6,48,0.00472745293
obj_10_pumpkin3,0.2,4,10,random48_3,0.8,48,0.00472745293
obj_10_pumpkin3,0.2,4,10,random48_4,0.1,14,0.0861224041
obj_10_pumpkin3,0.2,4,10,random48_4,0.2,28,0.0711898549
obj_10_pumpkin3,0.2,4,10,random48_4,0.4,48,0.00472745293
obj_10_pumpkin3,0.2,4,10,random48_4,0.6,48,0.00472745293
obj_10_pumpkin3,0.2,4,10,random48_4,0.8,48,0.00472745293
obj_10_pumpkin3,0.2,4,100,random48_0,0.1,14,0.0332145036
obj_10_pumpkin3,0.2,4,100,random48_0,0.2,28,0.0596173506
obj_10_pumpkin3,0.2,4,100,random48_0,0.4,48,0.000650808279
obj_10_pumpkin3,0.2,4,100,random48_0,0.6,48,0.000650808279
obj_10_pumpkin3,0.2,4,100,random48_0,0.8,48,0.000650808279
obj_10_pumpkin3,0.2,4,100,random48_1,0.1,14,0.0313662502
obj_10_pumpkin3,0.2,4,100,random48_1,0.2,28,0.0508195057
obj_10_pumpkin3,0.2,4,100,random48_1,0.4,48,0.000650808279
obj_10_pumpkin3,0.2,4,100,random48_1,0.6,48,0.000650808279
obj_10_pumpkin3,0.2,4,100,random48_1,0.8,48,0.000650808279
obj_10_pumpkin3,0.2,4,100,random48_2,0.1,14,0.0306694486
obj_10_pumpkin3,0.2,4,100,random48_2,0.2,28,0.0519419099
obj_10_pumpkin3,0.2,4,100,random48_2,0.4,48,0.000650808279
obj_10_pumpkin3,0.2,4,100,random48_2,0.6,48,0.000650808279
obj_10_pumpkin3,0.2,4,100,random48_2,0.8,48,0.000650808279
obj_10_pumpkin3,0.2,4,100,random48_3,0.1,14,0.028885785
obj_10_pumpkin3,0.2,4,100,random48_3,0.2,28,0.169212032
obj_10_pumpkin3,0.2,4,100,random48_3,0.4,48,0.000650808279
obj_10_pumpkin3,0.2,4,100,random48_3,0.6,48,0.000650808279
obj_10_pumpkin3,0.2,4,100,random48_3,0.8,48,0.000650808279
obj_10_pumpkin3,0.2,4,100,random48_4,0.1,14,0.0252415892
obj_10_pumpkin3,0.2,4,100,random48_4,0.2,28,0.0267861582
obj_10_pumpkin3,0.2,4,100,random48_4,0.4,48,0.000650808279
obj_10_pumpkin3,0.2,4,100,random48_4,0.6,48,0.000650808279
obj_10_pumpkin3,0.2,4,100,random48_4,0.8,48,0.000650808279
obj_10_pumpkin3,0.2,5,10,random48_0,0.1,14,0.0444086337
obj_10_pumpkin3,0.2,5,10,random48_0,0.2,28,0.0823394829
obj_10_pumpkin3,0.2,5,10,random48_0,0.4,48,0.0134994725
obj_10_pumpkin3,0.2,5,10,random48_0,0.6,48,0.0134994725
obj_10_pumpkin3,0.2,5,10,random48_0,0.8,48,0.0134994725
obj_10_pumpkin3,0.2,5,10,random48_1,0.1,14,0.0874970132
obj_10_pumpkin3,0.2,5,10,random48_1,0.2,28,0.0525381479
obj_10_pumpkin3,0.2,5,10,random48_1,0.4,48,0.0134994725
obj_10_pumpkin3,0.2,5,10,random48_1,0.6,48,0.0134994725
obj_10_pumpkin3,0.2,5,10,random48_1,0.8,48,0.0134994725
obj_10_pumpkin3,0.2,5,10,random48_2,0.1,14,0.222592642
obj_10_pumpkin3,0.2,5,10,random48_2,0.2,28,0.193641531
obj_10_pumpkin3,0.2,5,10,random48_2,0.4,48,0.0134994725
obj_10_pumpkin3,0.2,5,10,random48_2,0.6,48,0.0134994725
obj_10_pumpkin3,0.2,5,10,random48_2,0.8,48,0.0134994725
obj_10_pumpkin3,0.2,5,10,random48_3,0.1,14,0.0929275865
obj_10_pumpkin3,0.2,5,10,random48_3,0.2,28,0.0374233521
obj_10_pumpkin3,0.2,5,10,random48_3,0.4,48,0.0134994725
obj_10_pumpkin3,0.2,5,10,random48_3,0.6,48,0.0134994725
obj_10_pumpkin3,0.2,5,10,random48_3,0.8,48,0.0134994725
obj_10_pumpkin3,0.2,5,10,random48_4,0.1,14,0.0905980861
obj_10_pumpkin3,0.2,5,10,random48_4,0.2,28,0.123995783
obj_10_pumpkin3,0.2,5,10,random48_4,0.4,48,0.0134994725
obj_10_pumpkin3,0.2,5,10,random48_4,0.6,48,0.0134994725
obj_10_pumpkin3,0.2,5,10,random48_4,0.8,48,0.0134994725
obj_10_pumpkin3,0.2,5,100,random48_0,0.1,14,0.0846222198
obj_10_pumpkin3,0.2,5,100,random48_0,0.2,28,0.0353514756
obj_10_pumpkin3,0.2,5,100,random48_0,0.4,48,0.00143398088
obj_10_pumpkin3,0.2,5,100,random48_0,0.6,48,0.00143398088
obj_10_pumpkin3,0.2,5,100,random48_0,0.8,48,0.00143398088
obj_10_pumpkin3,0.2,5,100,random48_1,0.1,14,0.264784114
obj_10_pumpkin3,0.2,5,100,random48_1,0.2,28,0.0267058756
obj_10_pumpkin3,0.2,5,100,random48_1,0.4,48,0.00143398088
obj_10_pumpkin3,0.2,5,100,random48_1,0.6,48,0.00143398088
obj_10_pumpkin3,0.2,5,100,random48_1,0.8,48,0.00143398088
obj_10_pumpkin3,0.2,5,100,random48_2,0.1,14,0.0764716482
obj_10_pumpkin3,0.2,5,100,random48_2,0.2,28,0.168674436
obj_10_pumpkin3,0.2,5,100,random48_2,0.4,48,0.00143398088
obj_10_pumpkin3,0.2,5,100,random48_2,0.6,48,0.00143398088
obj_10_pumpkin3,0.2,5,100,random48_2,0.8,48,0.00143398088
obj_10_pumpkin3,0.2,5,100,random48_3,0.1,14,0.164642681
obj_10_pumpkin3,0.2,5,100,random48_3,0.2,28,0.272551498
obj_10_pumpkin3,0.2,5,100,random48_3,0.4,48,0.00143398088
obj_10_pumpkin3,0.2,5,100,random48_3,0.6,48,0.00143398088
obj_10_pumpkin3,0.2,5,100,random48_3,0.8,48,0.00143398088
obj_10_pumpkin3,0.2,5,100,random48_4,0.1,14,0.084620393
obj_10_pumpkin3,0.2,5,100,random48_4,0.2,28,0.080814582
obj_10_pumpkin3,0.2,5,100,random48_4,0.4,48,0.00143398088
obj_10_pumpkin3,0.2,5,100,random48_4,0.6,48,0.00143398088
obj_10_pumpkin3,0.2,5,100,random48_4,0.8,48,0.00143398088
obj_10_pumpkin3,0.2,6,10,random48_0,0.1,14,0.170891688
obj_10_pumpkin3,0.2,6,10,random48_0,0.2,28,0.0611398215
obj_10_pumpkin3,0.2,6,10,random48_0,0.4,48,0.0121837301
obj_10_pumpkin3,0.2,6,10,random48_0,0.6,48,0.0121837301
obj_10_pumpkin3,0.2,6,10,random48_0,0.8,48,0.0121837301
obj_10_pumpkin3,0.2,6,10,random48_1,0.1,14,0.0733754573
obj_10_pumpkin3,0.2,6,10,random48_1,0.2,28,0.0906574982
obj_10_pumpkin3,0.2,6,10,random48_1,0.4,48,0.0121837301
obj_10_pumpkin3,0.2,6,10,random48_1,0.6,48,0.0121837301
obj_10_pumpkin3,0.2,6,10,random48_1,0.8,48,0.0121837301
obj_10_pumpkin3,0.2,6,10,random48_2,0.1,14,0.114065938
obj_10_pumpkin3,0.2,6,10,random48_2,0.2,28,0.0943406531
obj_10_pumpkin3,0.2,6,10,random48_2,0.4,48,0.0121837301
obj_10_pumpkin3,0.2,6,10,random48_2,0.6,48,0.0121837301
obj_10_pumpkin3,0.2,6,10,random48_2,0.8,48,0.0121837301
obj_10_pumpkin3,0.2,6,10,random48_3,0.1,14,0.232143971
obj_10_pumpkin3,0.2,6,10,random48_3,0.2,28,0.165863409
obj_10_pumpkin3,0.2,6,10,random48_3,0.4,48,0.0121837301
obj_10_pumpkin3,0.2,6,10,random48_3,0.6,48,0.0121837301
obj_10_pumpkin3,0.2,6,10,random48_3,0.8,48,0.0121837301
obj_10_pumpkin3,0.2,6,10,random48_4,0.1,14,0.208882
obj_10_pumpkin3,0.2,6,10,random48_4,0.2,28,0.125979639
obj_10_pumpkin3,0.2,6,10,random48_4,0.4,48,0.0121837301
obj_10_pumpkin3,0.2,6,10,random48_4,0.6,48,0.0121837301
obj_10_pumpkin3,0.2,6,10,random48_4,0.8,48,0.0121837301
obj_10_pumpkin3,0.2,6,100,random48_0,0.1,14,0.21047866
obj_10_pumpkin3,0.2,6,100,random48_0,0.2,28,0.0613602575
obj_10_pumpkin3,0.2,6,100,random48_0,0.4,48,0.00127078409
obj_10_pumpkin3,0.2,6,100,random48_0,0.6,48,0.00127078409
obj_10_pumpkin3,0.2,6,100,random48_0,0.8,48,0.00127078409
obj_10_pumpkin3,0.2,6,100,random48_1,0.1,14,0.0383186813
obj_10_pumpkin3,0.2,6,100,random48_1,0.2,28,0.0457611813
obj_10_pumpkin3,0.2,6,100,random48_1,0.4,48,0.00127078409
obj_10_pumpkin3,0.2,6,100,random48_1,0.6,48,0.00127078409
obj_10_pumpkin3,0.2,6,100,random48_1,0.8,48,0.00127078409
obj_10_pumpkin3,0.2,6,100,random48_2,0.1,14,0.238545157
obj_10_pumpkin3,0.2,6,100,random48_2,0.2,28,0.143506028
obj_10_pumpkin3,0.2,6,100,random48_2,0.4,48,0.00127078409
obj_10_pumpkin3,0.2,6,100,random48_2,0.6,48,0.00127078409
obj_10_pumpkin3,0.2,6,100,random48_2,0.8,48,0.00127078409
obj_10_pumpkin3,0.2,6,100,random48_3,0.1,14,0.344320233
obj_10_pumpkin3,0.2,6,100,random48_3,0.2,28,0.120103536
obj_10_pumpkin3,0.2,6,100,random48_3,0.4,48,0.00127078409
obj_10_pumpkin3,0.2,6,100,random48_3,0.6,48,0.00127078409
obj_10_pumpkin3,0.2,6,100,random48_3,0.8,48,0.00127078409
obj_10_pumpkin3,0.2,6,100,random48_4,0.1,14,0.193061865
obj_10_pumpkin3,0.2,6,100,random48_4,0.2,28,0.061547801
obj_10_pumpkin3,0.2,6,100,random48_4,0.4,48,0.00127078409
obj_10_pumpkin3,0.2,6,100,random48_4,0.6,48,0.00127078409
obj_10_pumpkin3,0.2,6,100,random48_4,0.8,48,0.00127078409
obj_10_pumpkin3,0.2,7,10,random48_0,0.1,14,0.0618160911
obj_10_pumpkin3,0.2,7,10,random48_0,0.2,28,0.0789769688
obj_10_pumpkin3,0.2,7,10,random48_0,0.4,48,0.00766544024
obj_10_pumpkin3,0.2,7,10,random48_0,0.6,48,0.00766544024
obj_10_pumpkin3,0.2,7,10,random48_0,0.8,48,0.00766544024
obj_10_pumpkin3,0.2,7,10,random48_1,0.1,14,0.095165321
obj_10_pumpkin3,0.2,7,10,random48_1,0.2,28,0.017707331
obj_10_pumpkin3,0.2,7,10,random48_1,0.4,48,0.00766544024
obj_10_pumpkin3,0.2,7,10,random48_1,0.6,48,0.00766544024
obj_10_pumpkin3,0.2,7,10,random48_1,0.8,48,0.00766544024
obj_10_pumpkin3,0.2,7,10,random48_2,0.1,14,0.0857185187
obj_10_pumpkin3,0.2,7,10,random48_2,0.2,28,0.00590118698
obj_10_pumpkin3,0.2,7,10,random48_2,0.4,48,0.00766544024
obj_10_pumpkin3,0.2,7,10,random48_2,0.6,48,0.00766544024
obj_10_pumpkin3,0.2,7,10,random48_2,0.8,48,0.00766544024
obj_10_pumpkin3,0.2,7,10,random48_3,0.1,14,0.137953147
obj_10_pumpkin3,0.2,7,10,random48_3,0.2,28,0.11619302
obj_10_pumpkin3,0.2,7,10,random48_3,0.4,48,0.00766544024
obj_10_pumpkin3,0.2,7,10,random48_3,0.6,48,0.00766544024
obj_10_pumpkin3,0.2,7,10,random48_3,0.8,48,0.00766544024
obj_10_pumpkin3,0.2,7,10,random48_4,0.1,14,0.0722382551
obj_10_pumpkin3,0.2,7,10,random48_4,0.2,28,0.0946630888
obj_10_pumpkin3,0.2,7,10,random48_4,0.4,48,0.00766544024
obj_10_pumpkin3,0.2,7,10,random48_4,0.6,48,0.00766544024
obj_10_pumpkin3,0.2,7,10,random48_4,0.8,48,0.00766544024
obj_10_pumpkin3,0.2,7,100,random48_0,0.1,14,0.0616730287
obj_10_pumpkin3,0.2,7,100,random48_0,0.2,28,0.0398857513
obj_10_pumpkin3,0.2,7,100,random48_0,0.4,48,0.000768414593
obj_10_pumpkin3,0.2,7,100,random48_0,0.6,48,0.000768414593
obj_10_pumpkin3,0.2,7,100,random48_0,0.8,48,0.000768414593
obj_10_pumpkin3,0.2,7,100,random48_1,0.1,14,0.112276006
obj_10_pumpkin3,0.2,7,100,random48_1,0.2,28,0.0174133585
obj_10_pumpkin3,0.2,7,100,random48_1,0.4,48,0.000768414593
obj_10_pumpkin3,0.2,7,100,random48_1,0.6,48,0.000768414593
obj_10_pumpkin3,0.2,7,100,random48_1,0.8,48,0.000768414593
obj_10_pumpkin3,0.2,7,100,random48_2,0.1,14,0.0301641281
obj_10_pumpkin3,0.2,7,100,random48_2,0.2,28,0.0156829649
obj_10_pumpkin3,0.2,7,100,random48_2,0.4,48,0.000768414593
obj_10_pumpkin3,0.2,7,100,random48_2,0.6,48,0.000768414593
obj_10_pumpkin3,0.2,7,100,random48_2,0.8,48,0.000768414593
obj_10_pumpkin3,0.2,7,100,random48_3,0.1,14,0.0769523826
obj_10_pumpkin3,0.2,7,100,random48_3,0.2,28,0.0900192587
obj_10_pumpkin3,0.2,7,100,random48_3,0.4,48,0.000768414593
obj_10_pumpkin3,0.2,7,100,random48_3,0.6,48,0.000768414593
obj_10_pumpkin3,0.2,7,100,random48_3,0.8,48,0.000768414593
obj_10_pumpkin3,0.2,7,100,random48_4,0.1,14,0.0917029019
obj_10_pumpkin3,0.2,7,100,random48_4,0.2,28,0.0251747537
obj_10_pumpkin3,0.2,7,100,random48_4,0.4,48,0.000768414593
obj_10_pumpkin3,0.2,7,100,random48_4,0.6,48,0.000768414593
obj_10_pumpkin3,0.2,7,100,random48_4,0.8,48,0.000768414593
obj_10_pumpkin3,0.2,8,10,random48_0,0.1,14,0.0653745369
obj_10_pumpkin3,0.2,8,10,random48_0,0.2,28,0.0652407827
obj_10_pumpkin3,0.2,8,10,random48_0,0.4,48,0.00675111003
obj_10_pumpkin3,0.2,8,10,random48_0,0.6,48,0.00675111003
obj_10_pumpkin3,0.2,8,10,random48_0,0.8,48,0.00675111003
obj_10_pumpkin3,0.2,8,10,random48_1,0.1,14,0.0470834489
obj_10_pumpkin3,0.2,8,10,random48_1,0.2,28,0.0299435737
obj_10_pumpkin3,0.2,8,10,random48_1,0.4,48,0.00675111003
obj_10_pumpkin3,0.2,8,10,random48_1,0.6,48,0.00675111003
obj_10_pumpkin3,0.2,8,10,random48_1,0.8,48,0.00675111003
obj_10_pumpkin3,0.2,8,10,random48_2,0.1,14,0.0180024907
obj_10_pumpkin3,0.2,8,10,random48_2,0.2,28,0.0132732297
obj_10_pumpkin3,0.2,8,10,random48_2,0.4,48,0.00675111003
obj_10_pumpkin3,0.2,8,10,random48_2,0.6,48,0.00675111003
obj_10_pumpkin3,0.2,8,10,random48_2,0.8,48,0.00675111003
obj_10_pumpkin3,0.2,8,10,random48_3,0.1,14,0.0459468628
obj_10_pumpkin3,0.2,8,10,random48_3,0.2,28,0.0726173541
obj_10_pumpkin3,0.2,8,10,random48_3,0.4,48,0.00675111003
obj_10_pumpkin3,0.2,8,10,random48_3,0.6,48,0.00675111003
obj_10_pumpkin3,0.2,8,10,random48_3,0.8,48,0.00675111003
obj_10_pumpkin3,0.2,8,10,random48_4,0.1,14,0.107891289
obj_10_pumpkin3,0.2,8,10,random48_4,0.2,28,0.0353692529
obj_10_pumpkin3,0.2,8,10,random48_4,0.4,48,0.00675111003
obj_10_pumpkin3,0.2,8,10,random48_4,0.6,48,0.00675111003
obj_10_pumpkin3,0.2,8,10,random48_4,0.8,48,0.00675111003
obj_10_pumpkin3,0.2,8,100,random48_0,0.1,14,0.0368053193
obj_10_pumpkin3,0.2,8,100,random48_0,0.2,28,0.0279326966
obj_10_pumpkin3,0.2,8,100,random48_0,0.4,48,0.000710135705
obj_10_pumpkin3,0.2,8,100,random48_0,0.6,48,0.000710135705
obj_10_pumpkin3,0.2,8,100,random48_0,0.8,48,0.000710135705
obj_10_pumpkin3,0.2,8,100,random48_1,0.1,14,0.0640982421
obj_10_pumpkin3,0.2,8,100,random48_1,0.2,28,0.0454966212
obj_10_pumpkin3,0.2,8,100,random48_1,0.4,48,0.000710135705
obj_10_pumpkin3,0.2,8,100,random48_1,0.6,48,0.000710135705
obj_10_pumpkin3,0.2,8,100,random48_1,0.8,48,0.000710135705
obj_10_pumpkin3,0.2,8,100,random48_2,0.1,14,0.0387754775
obj_10_pumpkin3,0.2,8,100,random48_2,0.2,28,0.0433921927
obj_10_pumpkin3,0.2,8,100,random48_2,0.4,48,0.000710135705
obj_10_pumpkin3,0.2,8,100,random48_2,0.6,48,0.000710135705
obj_10_pumpkin3,0.2,8,100,random48_2,0.8,48,0.000710135705
obj_10_pumpkin3,0.2,8,100,random48_3,0.1,14,0.0340568825
obj_10_pumpkin3,0.2,8,100,random48_3,0.2,28,0.0309386315
obj_10_pumpkin3,0.2,8,100,random48_3,0.4,48,0.000710135705
obj_10_pumpkin3,0.2,8,100,random48_3,0.6,48,0.000710135705
obj_10_pumpkin3,0.2,8,100,random48_3,0.8,48,0.000710135705
obj_10_pumpkin3,0.2,8,100,random48_4,0.1,14,0.066859045
obj_10_pumpkin3,0.2,8,100,random48_4,0.2,28,0.111813477
obj_10_pumpkin3,0.2,8,100,random48_4,0.4,48,0.000710135705
obj_10_pumpkin3,0.2,8,100,random48_4,0.6,48,0.000710135705
obj_10_pumpkin3,0.2,8,100,random48_4,0.8,48,0.000710135705
obj_10_pumpkin3,0.2,9,10,random48_0,0.1,14,0.312650777
obj_10_pumpkin3,0.2,9,10,random48_0,0.2,28,0.201997455
obj_10_pumpkin3,0.2,9,10,random48_0,0.4,48,0.0233557327
obj_10_pumpkin3,0.2,9,10,random48_0,0.6,48,0.0233557327
obj_10_pumpkin3,0.2,9,10,random48_0,0.8,48,0.0233557327
obj_10_pumpkin3,0.2,9,10,random48_1,0.1,14,0.247411092
obj_10_pumpkin3,0.2,9,10,random48_1,0.2,28,0.263950877
obj_10_pumpkin3,0.2,9,10,random48_1,0.4,48,0.0233557327
obj_10_pumpkin3,0.2,9,10,random48_1,0.6,48,0.0233557327
obj_10_pumpkin3,0.2,9,10,random48_1,0.8,48,0.0233557327
obj_10_pumpkin3,0.2,9,10,random48_2,0.1,14,0.0719057632
obj_10_pumpkin3,0.2,9,10,random48_2,0.2,28,0.0402723498
obj_10_pumpkin3,0.2,9,10,random48_2,0.4,48,0.0233557327
obj_10_pumpkin3,0.2,9,10,random48_2,0.6,48,0.0233557327
obj_10_pumpkin3,0.2,9,10,random48_2,0.8,48,0.0233557327
obj_10_pumpkin3,0.2,9,10,random48_3,0.1,14,0.266524537
obj_10_pumpkin3,0.2,9,10,random48_3,0.2,28,0.0912604021
obj_10_pumpkin3,0.2,9,10,random48_3,0.4,48,0.0233557327
obj_10_pumpkin3,0.2,9,10,random48_3,0.6,48,0.0233557327
obj_10_pumpkin3,0.2,9,10,random48_3,0.8,48,0.0233557327
obj_10_pumpkin3,0.2,9,10,random48_4,0.1,14,0.27965681
obj_10_pumpkin3,0.2,9,10,random48_4,0.2,28,0.238968744
obj_10_pumpkin3,0.2,9,10,random48_4,0.4,48,0.0233557327
obj_10_pumpkin3,0.2,9,10,random48_4,0.6,48,0.0233557327
obj_10_pumpkin3,0.2,9,10,random48_4,0.8,48,0.0233557327
obj_10_pumpkin3,0.2,9,100,random48_0,0.1,14,0.378745284
obj_10_pumpkin3,0.2,9,100,random48_0,0.2,28,0.157164713
obj_10_pumpkin3,0.2,9,100,random48_0,0.4,48,0.00198242633
obj_10_pumpkin3,0.2,9,100,random48_0,0.6,48,0.00198242633
obj_10_pumpkin3,0.2,9,100,random48_0,0.8,48,0.00198242633
obj_10_pumpkin3,0.2,9,100,random48_1,0.1,14,0.0568532941
obj_10_pumpkin3,0.2,9,100,random48_1,0.2,28,0.0185463371
obj_10_pumpkin3,0.2,9,100,random48_1,0.4,48,0.00198242633
obj_10_pumpkin3,0.2,9,100,random48_1,0.6,48,0.00198242633
obj_10_pumpkin3,0.2,9,100,random48_1,0.8,48,0.00198242633
obj_10_pumpkin3,0.2,9,100,random48_2,0.1,14,0.08169864
obj_10_pumpkin3,0.2,9,100,random48_2,0.2,28,0.0403800746
obj_10_pumpkin3,0.2,9,100,random48_2,0.4,48,0.00198242633
obj_10_pumpkin3,0.2,9,100,random48_2,0.6,48,0.00198242633
obj_10_pumpkin3,0.2,9,100,random48_2,0.8,48,0.00198242633
obj_10_pumpkin3,0.2,9,100,random48_3,0.1,14,0.0457739165
obj_10_pumpkin3,0.2,9,100,random48_3,0.2,28,0.0217858405
obj_10_pumpkin3,0.2,9,100,random48_3,0.4,48,0.00198242633
obj_10_pumpkin3,0.2,9,100,random48_3,0.6,48,0.00198242633
obj_10_pumpkin3,0.2,9,100,random48_3,0.8,48,0.00198242633
obj_10_pumpkin3,0.2,9,100,random48_4,0.1,14,0.156543984
obj_10_pumpkin3,0.2,9,100,random48_4,0.2,28,0.03777559
obj_10_pumpkin3,0.2,9,100,random48_4,0.4,48,0.00198242633
obj_10_pumpkin3,0.2,9,100,random48_4,0.6,48,0.00198242633
obj_10_pumpkin3,0.2,9,100,random48_4,0.8,48,0.00198242633
obj_10_pumpkin3,0.5,0,10,random48_0,0.1,14,0.765167375
obj_10_pumpkin3,0.5,0,10,random48_0,0.2,28,0.321124362
obj_10_pumpkin3,0.5,0,10,random48_0,0.4,48,0.148756957
obj_10_pumpkin3,0.5,0,10,random48_0,0.6,48,0.148756957
obj_10_pumpkin3,0.5,0,10,random48_0,0.8,48,0.148756957
obj_10_pumpkin3,0.5,0,10,random48_1,0.1,14,0.962394262
obj_10_pumpkin3,0.5,0,10,random48_1,0.2,28,0.871995532
obj_10_pumpkin3,0.5,0,10,random48_1,0.4,48,0.148756957
obj_10_pumpkin3,0.5,0,10,random48_1,0.6,48,0.148756957
obj_10_pumpkin3,0.5,0,10,random48_1,0.8,48,0.148756957
obj_10_pumpkin3,0.5,0,10,random48_2,0.1,14,0.248703147
obj_10_pumpkin3,0.5,0,10,random48_2,0.2,28,1.20469521
obj_10_pumpkin3,0.5,0,10,random48_2,0.4,48,0.148756957
obj_10_pumpkin3,0.5,0,10,random48_2,0.6,48,0.148756957
obj_10_pumpkin3,0.5,0,10,random48_2,0.8,48,0.148756957
obj_10_pumpkin3,0.5,0,10,random48_3,0.1,14,0.486020369
obj_10_pumpkin3,0.5,0,10,random48_3,0.2,28,0.404766619
obj_10_pumpkin3,0.5,0,10,random48_3,0.4,48,0.148756957
obj_10_pumpkin3,0.5,0,10,random48_3,0.6,48,0.148756957
obj_10_pumpkin3,0.5,0,10,random48_3,0.8,48,0.148756957
obj_10_pumpkin3,0.5,0,10,random48_4,0.1,14,0.644458591
obj_10_pumpkin3,0.5,0,10,random48_4,0.2,28,0.326604235
obj_10_pumpkin3,0.5,0,10,random48_4,0.4,48,0.148756957
obj_10_pumpkin3,0.5,0,10,random48_4,0.6,48,0.148756957
obj_10_pumpkin3,0.5,0,10,random48_4,0.8,48,0.148756957
obj_10_pumpkin3,0.5,0,100,random48_0,0.1,14,0.419335827
obj_10_pumpkin3,0.5,0,100,random48_0,0.2,28,1.26337806
obj_10_pumpkin3,0.5,0,100,random48_0,0.4,48,0.0177061821
obj_10_pumpkin3,0.5,0,100,random48_0,0.6,48,0.0177061821
obj_10_pumpkin3,0.5,0,100,random48_0,0.8,48,0.0177061821
obj_10_pumpkin3,0.5,0,100,random48_1,0.1,14,1.091067
obj_10_pumpkin3,0.5,0,100,random48_1,0.2,28,1.18995759
obj_10_pumpkin3,0.5,0,100,random48_1,0.4,48,0.0177061821
obj_10_pumpkin3,0.5,0,100,random48_1,0.6,48,0.0177061821
obj_10_pumpkin3,0.5,0,100,random48_1,0.8,48,0.0177061821
obj_10_pumpkin3,0.5,0,100,random48_2,0.1,14,1.14167726
obj_10_pumpkin3,0.5,0,100,random48_2,0.2,28,1.15358271
obj_10_pumpkin3,0.5,0,100,random48_2,0.4,48,0.0177061821
obj_10_pumpkin3,0.5,0,100,random48_2,0.6,48,0.0177061821
obj_10_pumpkin3,0.5,0,100,random48_2,0.8,48,0.0177061821
obj_10_pumpkin3,0.5,0,100,random48_3,0.1,14,0.906354735
obj_10_pumpkin3,0.5,0,100,random48_3,0.2,28,0.879623596
obj_10_pumpkin3,0.5,0,100,random48_3,0.4,48,0.0177061821
obj_10_pumpkin3,0.5,0,100,random48_3,0.6,48,0.0177061821
obj_10_pumpkin3,0.5,0,100,random48_3,0.8,48,0.0177061821
obj_10_pumpkin3,0.5,0,100,random48_4,0.1,14,1.37325754
obj_10_pumpkin3,0.5,0,100,random48_4,0.2,28,1.64214377
obj_10_pumpkin3,0.5,0,100,random48_4,0.4,48,0.0177061821
obj_10_pumpkin3,0.5,0,100,random48_4,0.6,48,0.0177061821
obj_10_pumpkin3,0.5,0,100,random48_4,0.8,48,0.0177061821
obj_10_pumpkin3,0.5,1,10,random48_0,0.1,14,1.17108835
obj_10_pumpkin3,0.5,1,10,random48_0,0.2,28,0.485782855
obj_10_pumpkin3,0.5,1,10,random48_0,0.4,48,0.0894090916
obj_10_pumpkin3,0.5,1,10,random48_0,0.6,48,0.0894090916
obj_10_pumpkin3,0.5,1,10,random48_0,0.8,48,0.0894090916
obj_10_pumpkin3,0.5,1,10,random48_1,0.1,14,1.78566058
obj_10_pumpkin3,0.5,1,10,random48_1,0.2,28,1.52786094
obj_10_pumpkin3,0.5,1,10,random48_1,0.4,48,0.0894090916
obj_10_pumpkin3,0.5,1,10,random48_1,0.6,48,0.0894090916
obj_10_pumpkin3,0.5,1,10,random48_1,0.8,48,0.0894090916
obj_10_pumpkin3,0.5,1,10,random48_2,0.1,14,0.601648016
obj_10_pumpkin3,0.5,1,10,random48_2,0.2,28,0.130470035
obj_10_pumpkin3,0.5,1,10,random48_2,0.4,48,0.0894090916
obj_10_pumpkin3,0.5,1,10,random48_2,0.6,48,0.0894090916
obj_10_pumpkin3,0.5,1,10,random48_2,0.8,48,0.0894090916
obj_10_pumpkin3,0.5,1,10,random48_3,0.1,14,0.630400482
obj_10_pumpkin3,0.5,1,10,random48_3,0.2,28,0.778989909
obj_10_pumpkin3,0.5,1,10,random48_3,0.4,48,0.0894090916
obj_10_pumpkin3,0.5,1,10,random48_3,0.6,48,0.0894090916
obj_10_pumpkin3,0.5,1,10,random48_3,0.8,48,0.0894090916
obj_10_pumpkin3,0.5,1,10,random48_4,0.1,14,0.830180863
obj_10_pumpkin3,0.5,1,10,random48_4,0.2,28,0.373753745
obj_10_pumpkin3,0.5,1,10,random48_4,0.4,48,0.0894090916
obj_10_pumpkin3,0.5,1,10,random48_4,0.6,48,0.0894090916
obj_10_pumpkin3,0.5,1,10,random48_4,0.8,48,0.0894090916
obj_10_pumpkin3,0.5,1,100,random48_0,0.1,14,0.689049687
obj_10_pumpkin3,0.5,1,100,random48_0,0.2,28,1.06056764
obj_10_pumpkin3,0.5,1,100,random48_0,0.4,48,0.00874458845
obj_10_pumpkin3,0.5,1,100,random48_0,0.6,48,0.00874458845
obj_10_pumpkin3,0.5,1,100,random48_0,0.8,48,0.00874458845
obj_10_pumpkin3,0.5,1,100,random48_1,0.1,14,0.744697558
obj_10_pumpkin3,0.5,1,100,random48_1,0.2,28,0.545638875
obj_10_pumpkin3,0.5,1,100,random48_1,0.4,48,0.00874458845
obj_10_pumpkin3,0.5,1,100,random48_1,0.6,48,0.00874458845
obj_10_pumpkin3,0.5,1,100,random48_1,0.8,48,0.00874458845
obj_10_pumpkin3,0.5,1,100,random48_2,0.1,14,0.696535019
obj_10_pumpkin3,0.5,1,100,random48_2,0.2,28,0.0635615111
obj_10_pumpkin3,0.5,1,100,random48_2,0.4,48,0.00874458845
obj_10_pumpkin3,0.5,1,100,random48_2,0.6,48,0.00874458845
obj_10_pumpkin3,0.5,1,100,random48_2,0.8,48,0.00874458845
obj_10_pumpkin3,0.5,1,100,random48_3,0.1,14,0.654683955
obj_10_pumpkin3,0.5,1,100,random48_3,0.2,28,0.243184599
obj_10_pumpkin3,0.5,1,100,random48_3,0.4,48,0.00874458845
obj_10_pumpkin3,0.5,1,100,random48_3,0.6,48,0.00874458845
obj_10_pumpkin3,0.5,1,100,random48_3,0.8,48,0.00874458845
obj_10_pumpkin3,0.5,1,100,random48_4,0.1,14,0.87909936
obj_10_pumpkin3,0.5,1,100,random48_4,0.2,28,0.852799281
obj_10_pumpkin3,0.5,1,100,random48_4,0.4,48,0.00874458845
obj_10_pumpkin3,0.5,1,100,random48_4,0.6,48,0.00874458845
obj_10_pumpkin3,0.5,1,100,random48_4,0.8,48,0.00874458845
obj_10_pumpkin3,0.5,2,10,random48_0,0.1,14,0.088655002
obj_10_pumpkin3,0.5,2,10,random48_0,0.2,28,0.153088606
obj_10_pumpkin3,0.5,2,10,random48_0,0.4,48,0.0548004562
obj_10_pumpkin3,0.5,2,10,random48_0,0.6,48,0.0548004562
obj_10_pumpkin3,0.5,2,10,random48_0,0.8,48,0.0548004562
obj_10_pumpkin3,0.5,2,10,random48_1,0.1,14,0.591317033
obj_10_pumpkin3,0.5,2,10,random48_1,0.2,28,0.124465504
obj_10_pumpkin3,0.5,2,10,random48_1,0.4,48,0.0548004562
obj_10_pumpkin3,0.5,2,10,random48_1,0.6,48,0.0548004562
obj_10_pumpkin3,0.5,2,10,random48_1,0.8,48,0.0548004562
obj_10_pumpkin3,0.5,2,10,random48_2,0.1,14,0.670068709
obj_10_pumpkin3,0.5,2,10,random48_2,0.2,28,0.352202896
obj_10_pumpkin3,0.5,2,10,random48_2,0.4,48,0.0548004562
obj_10_pumpkin3,0.5,2,10,random48_2,0.6,48,0.0548004562
obj_10_pumpkin3,0.5,2,10,random48_2,0.8,48,0.0548004562
obj_10_pumpkin3,0.5,2,10,random48_3,0.1,14,0.271890118
obj_10_pumpkin3,0.5,2,10,random48_3,0.2,28,0.220620111
obj_10_pumpkin3,0.5,2,10,random48_3,0.4,48,0.0548004562
obj_10_pumpkin3,0.5,2,10,random48_3,0.6,48,0.0548004562
obj_10_pumpkin3,0.5,2,10,random48_3,0.8,48,0.0548004562
obj_10_pumpkin3,0.5,2,10,random48_4,0.1,14,0.266352242
obj_10_pumpkin3,0.5,2,10,random48_4,0.2,28,0.19344638
obj_10_pumpkin3,0.5,2,10,random48_4,0.4,48,0.0548004562
obj_10_pumpkin3,0.5,2,10,random48_4,0.6,48,0.0548004562
obj_10_pumpkin3,0.5,2,10,random48_4,0.8,48,0.0548004562
obj_10_pumpkin3,0.5,2,100,random48_0,0.1,14,0.768065829
obj_10_pumpkin3,0.5,2,100,random48_0,0.2,28,0.481873389
obj_10_pumpkin3,0.5,2,100,random48_0,0.4,48,0.00547866029
obj_10_pumpkin3,0.5,2,100,random48_0,0.6,48,0.00547866029
obj_10_pumpkin3,0.5,2,100,random48_0,0.8,48,0.00547866029
obj_10_pumpkin3,0.5,2,100,random48_1,0.1,14,0.68956124
obj_10_pumpkin3,0.5,2,100,random48_1,0.2,28,0.278298057
obj_10_pumpkin3,0.5,2,100,random48_1,0.4,48,0.00547866029
obj_10_pumpkin3,0.5,2,100,random48_1,0.6,48,0.00547866029
obj_10_pumpkin3,0.5,2,100,random48_1,0.8,48,0.00547866029
obj_10_pumpkin3,0.5,2,100,random48_2,0.1,14,0.120120248
obj_10_pumpkin3,0.5,2,100,random48_2,0.2,28,0.186889324
obj_10_pumpkin3,0.5,2,100,random48_2,0.4,48,0.00547866029
obj_10_pumpkin3,0.5,2,100,random48_2,0.6,48,0.00547866029
obj_10_pumpkin3,0.5,2,100,random48_2,0.8,48,0.00547866029
obj_10_pumpkin3,0.5,2,100,random48_3,0.1,14,0.364271675
obj_10_pumpkin3,0.5,2,100,random48_3,0.2,28,0.16197819
obj_10_pumpkin3,0.5,2,100,random48_3,0.4,48,0.00547866029
obj_10_pumpkin3,0.5,2,100,random48_3,0.6,48,0.00547866029
obj_10_pumpkin3,0.5,2,100,random48_3,0.8,48,0.00547866029
obj_10_pumpkin3,0.5,2,100,random48_4,0.1,14,0.181892732
obj_10_pumpkin3,0.5,2,100,random48_4,0.2,28,0.504810076
obj_10_pumpkin3,0.5,2,100,random48_4,0.4,48,0.00547866029
obj_10_pumpkin3,0.5,2,100,random48_4,0.6,48,0.00547866029
obj_10_pumpkin3,0.5,2,100,random48_4,0.8,48,0.00547866029
obj_10_pumpkin3,0.5,3,10,random48_0,0.1,14,0.715448309
obj_10_pumpkin3,0.5,3,10,random48_0,0.2,28,0.708299646
obj_10_pumpkin3,0.5,3,10,random48_0,0.4,48,0.0896998393
obj_10_pumpkin3,0.5,3,10,random48_0,0.6,48,0.0896998393
obj_10_pumpkin3,0.5,3,10,random48_0,0.8,48,0.0896998393
obj_10_pumpkin3,0.5,3,10,random48_1,0.1,14,0.570252929
obj_10_pumpkin3,0.5,3,10,random48_1,0.2,28,0.591123252
obj_10_pumpkin3,0.5,3,10,random48_1,0.4,48,0.0896998393
obj_10_pumpkin3,0.5,3,10,random48_1,0.6,48,0.0896998393
obj_10_pumpkin3,0.5,3,10,random48_1,0.8,48,0.0896998393
obj_10_pumpkin3,0.5,3,10,random48_2,0.1,14,1.07613697
obj_10_pumpkin3,0.5,3,10,random48_2,0.2,28,0.389065699
obj_10_pumpkin3,0.5,3,10,random48_2,0.4,48,0.0896998393
obj_10_pumpkin3,0.5,3,10,random48_2,0.6,48,0.0896998393
obj_10_pumpkin3,0.5,3,10,random48_2,0.8,48,0.0896998393
obj_10_pumpkin3,0.5,3,10,random48_3,0.1,14,1.56506478
obj_10_pumpkin3,0.5,3,10,random48_3,0.2,28,0.361794711
obj_10_pumpkin3,0.5,3,10,random48_3,0.4,48,0.0896998393
obj_10_pumpkin3,0.5,3,10,random48_3,0.6,48,0.0896998393
obj_10_pumpkin3,0.5,3,10,random48_3,0.8,48,0.0896998393
obj_10_pumpkin3,0.5,3,10,random48_4,0.1,14,1.35865395
obj_10_pumpkin3,0.5,3,10,random48_4,0.2,28,1.22445711
obj_10_pumpkin3,0.5,3,10,random48_4,0.4,48,0.0896998393
obj_10_pumpkin3,0.5,3,10,random48_4,0.6,48,0.0896998393
obj_10_pumpkin3,0.5,3,10,random48_4,0.8,48,0.0896998393
obj_10_pumpkin3,0.5,3,100,random48_0,0.1,14,0.949779488
obj_10_pumpkin3,0.5,3,100,random48_0,0.2,28,1.05879865
obj_10_pumpkin3,0.5,3,100,random48_0,0.4,48,0.00901335385
obj_10_pumpkin3,0.5,3,100,random48_0,0.6,48,0.00901335385
obj_10_pumpkin3,0.5,3,100,random48_0,0.8,48,0.00901335385
obj_10_pumpkin3,0.5,3,100,random48_1,0.1,14,1.28106752
obj_10_pumpkin3,0.5,3,100,random48_1,0.2,28,0.945614636
obj_10_pumpkin3,0.5,3,100,random48_1,0.4,48,0.00901335385
obj_10_pumpkin3,0.5,3,100,random48_1,0.6,48,0.00901335385
obj_10_pumpkin3,0.5,3,100,random48_1,0.8,48,0.00901335385
obj_10_pumpkin3,0.5,3,100,random48_2,0.1,14,0.981154539
obj_10_pumpkin3,0.5,3,100,random48_2,0.2,28,0.270885773
obj_10_pumpkin3,0.5,3,100,random48_2,0.4,48,0.00901335385
obj_10_pumpkin3,0.5,3,100,random48_2,0.6,48,0.00901335385
obj_10_pumpkin3,0.5,3,100,random48_2,0.8,48,0.00901335385
obj_10_pumpkin3,0.5,3,100,random48_3,0.1,14,0.707679425
obj_10_pumpkin3,0.5,3,100,random48_3,0.2,28,0.422547119
obj_10_pumpkin3,0.5,3,100,random48_3,0.4,48,0.00901335385
obj_10_pumpkin3,0.5,3,100,random48_3,0.6,48,0.00901335385
obj_10_pumpkin3,0.5,3,100,random48_3,0.8,48,0.00901335385
obj_10_pumpkin3,0.5,3,100,random48_4,0.1,14,0.93158002
obj_10_pumpkin3,0.5,3,100,random48_4,0.2,28,1.11592291
obj_10_pumpkin3,0.5,3,100,random48_4,0.4,48,0.00901335385
obj_10_pumpkin3,0.5,3,100,random48_4,0.6,48,0.00901335385
obj_10_pumpkin3,0.5,3,100,random48_4,0.8,48,0.00901335385
obj_10_pumpkin3,0.5,4,10,random48_0,0.1,14,1.00198452
obj_10_pumpkin3,0.5,4,10,random48_0,0.2,28,1.44845955
obj_10_pumpkin3,0.5,4,10,random48_0,0.4,48,0.10416297
obj_10_pumpkin3,0.5,4,10,random48_0,0.6,48,0.10416297
obj_10_pumpkin3,0.5,4,10,random48_0,0.8,48,0.10416297
obj_10_pumpkin3,0.5,4,10,random48_1,0.1,14,1.0191907
obj_10_pumpkin3,0.5,4,10,random48_1,0.2,28,0.227940932
obj_10_pumpkin3,0.5,4,10,random48_1,0.4,48,0.10416297
obj_10_pumpkin3,0.5,4,10,random48_1,0.6,48,0.10416297
obj_10_pumpkin3,0.5,4,10,random48_1,0.8,48,0.10416297
obj_10_pumpkin3,0.5,4,10,random48_2,0.1,14,1.29818802
obj_10_pumpkin3,0.5,4,10,random48_2,0.2,28,1.47691962
obj_10_pumpkin3,0.5,4,10,random48_2,0.4,48,0.10416297
obj_10_pumpkin3,0.5,4,10,random48_2,0.6,48,0.10416297
obj_10_pumpkin3,0.5,4,10,random48_2,0.8,48,0.10416297
obj_10_pumpkin3,0.5,4,10,random48_3,0.1,14,0.872488309
obj_10_pumpkin3,0.5,4,10,random48_3,0.2,28,0.82042379
obj_10_pumpkin3,0.5,4,10,random48_3,0.4,48,0.10416297
obj_10_pumpkin3,0.5,4,10,random48_3,0.6,48,0.10416297
obj_10_pumpkin3,0.5,4,10,random48_3,0.8,48,0.10416297
obj_10_pumpkin3,0.5,4,10,random48_4,0.1,14,0.340013193
obj_10_pumpkin3,0.5,4,10,random48_4,0.2,28,0.912591329
obj_10_pumpkin3,0.5,4,10,random48_4,0.4,48,0.10416297
obj_10_pumpkin3,0.5,4,10,random48_4,0.6,48,0.10416297
obj_10_pumpkin3,0.5,4,10,random48_4,0.8,48,0.10416297
obj_10_pumpkin3,0.5,4,100,random48_0,0.1,14,0.96407347
obj_10_pumpkin3,0.5,4,100,random48_0,0.2,28,1.25742286
obj_10_pumpkin3,0.5,4,100,random48_0,0.4,48,0.00992279663
obj_10_pumpkin3,0.5,4,100,random48_0,0.6,48,0.00992279663
obj_10_pumpkin3,0.5,4,100,random48_0,0.8,48,0.00992279663
obj_10_pumpkin3,0.5,4,100,random48_1,0.1,14,0.640115173
obj_10_pumpkin3,0.5,4,100,random48_1,0.2,28,1.2000508
obj_10_pumpkin3,0.5,4,100,random48_1,0.4,48,0.00992279663
obj_10_pumpkin3,0.5,4,100,random48_1,0.6,48,0.00992279663
obj_10_pumpkin3,0.5,4,100,random48_1,0.8,48,0.00992279663
obj_10_pumpkin3,0.5,4,100,random48_2,0.1,14,1.24613098
obj_10_pumpkin3,0.5,4,100,random48_2,0.2,28,1.19319136
obj_10_pumpkin3,0.5,4,100,random48_2,0.4,48,0.00992279663
obj_10_pumpkin3,0.5,4,100,random48_2,0.6,48,0.00992279663
obj_10_pumpkin3,0.5,4,100,random48_2,0.8,48,0.00992279663
obj_10_pumpkin3,0.5,4,100,random48_3,0.1,14,1.04752814
obj_10_pumpkin3,0.5,4,100,random48_3,0.2,28,0.768253845
obj_10_pumpkin3,0.5,4,100,random48_3,0.4,48,0.00992279663
obj_10_pumpkin3,0.5,4,100,random48_3,0.6,48,0.00992279663
obj_10_pumpkin3,0.5,4,100,random48_3,0.8,48,0.00992279663
obj_10_pumpkin3,0.5,4,100,random48_4,0.1,14,1.58714116
obj_10_pumpkin3,0.5,4,100,random48_4,0.2,28,0.159802097
obj_10_pumpkin3,0.5,4,100,random48_4,0.4,48,0.00992279663
obj_10_pumpkin3,0.5,4,100,random48_4,0.6,48,0.00992279663
obj_10_pumpkin3,0.5,4,100,random48_4,0.8,48,0.00992279663
obj_10_pumpkin3,0.5,5,10,random48_0,0.1,14,0.479839044
obj_10_pumpkin3,0.5,5,10,random48_0,0.2,28,0.117708922
obj_10_pumpkin3,0.5,5,10,random48_0,0.4,48,0.0727905506
obj_10_pumpkin3,0.5,5,10,random48_0,0.6,48,0.0727905506
obj_10_pumpkin3,0.5,5,10,random48_0,0.8,48,0.0727905506
obj_10_pumpkin3,0.5,5,10,random48_1,0.1,14,0.0667444083
obj_10_pumpkin3,0.5,5,10,random48_1,0.2,28,0.536926934
obj_10_pumpkin3,0.5,5,10,random48_1,0.4,48,0.0727905506
obj_10_pumpkin3,0.5,5,10,random48_1,0.6,48,0.0727905506
obj_10_pumpkin3,0.5,5,10,random48_1,0.8,48,0.0727905506
obj_10_pumpkin3,0.5,5,10,random48_2,0.1,14,1.10228276
obj_10_pumpkin3,0.5,5,10,random48_2,0.2,28,0.743629926
obj_10_pumpkin3,0.5,5,10,random48_2,0.4,48,0.0727905506
obj_10_pumpkin3,0.5,5,10,random48_2,0.6,48,0.0727905506
obj_10_pumpkin3,0.5,5,10,random48_2,0.8,48,0.0727905506
obj_10_pumpkin3,0.5,5,10,random48_3,0.1,14,0.474201533
obj_10_pumpkin3,0.5,5,10,random48_3,0.2,28,0.0604089964
obj_10_pumpkin3,0.5,5,10,random48_3,0.4,48,0.0727905506
obj_10_pumpkin3,0.5,5,10,random48_3,0.6,48,0.0727905506
obj_10_pumpkin3,0.5,5,10,random48_3,0.8,48,0.0727905506
obj_10_pumpkin3,0.5,5,10,random48_4,0.1,14,0.0624356299
obj_10_pumpkin3,0.5,5,10,random48_4,0.2,28,0.209693579
obj_10_pumpkin3,0.5,5,10,random48_4,0.4,48,0.0727905506
obj_10_pumpkin3,0.5,5,10,random48_4,0.6,48,0.0727905506
obj_10_pumpkin3,0.5,5,10,random48_4,0.8,48,0.0727905506
obj_10_pumpkin3,0.5,5,100,random48_0,0.1,14,0.0480063578
obj_10_pumpkin3,0.5,5,100,random48_0,0.2,28,0.321116175
obj_10_pumpkin3,0.5,5,100,random48_0,0.4,48,0.0078321795
obj_10_pumpkin3,0.5,5,100,random48_0,0.6,48,0.0078321795
obj_10_pumpkin3,0.5,5,100,random48_0,0.8,48,0.0078321795
obj_10_pumpkin3,0.5,5,100,random48_1,0.1,14,0.302023951
obj_10_pumpkin3,0.5,5,100,random48_1,0.2,28,0.291063776
obj_10_pumpkin3,0.5,5,100,random48_1,0.4,48,0.0078321795
obj_10_pumpkin3,0.5,5,100,random48_1,0.6,48,0.0078321795
obj_10_pumpkin3,0.5,5,100,random48_1,0.8,48,0.0078321795
obj_10_pumpkin3,0.5,5,100,random48_2,0.1,14,0.285906017
obj_10_pumpkin3,0.5,5,100,random48_2,0.2,28,0.445135195
obj_10_pumpkin3,0.5,5,100,random48_2,0.4,48,0.0078321795
obj_10_pumpkin3,0.5,5,100,random48_2,0.6,48,0.0078321795
obj_10_pumpkin3,0.5,5,100,random48_2,0.8,48,0.0078321795
obj_10_pumpkin3,0.5,5,100,random48_3,0.1,14,0.459731304
obj_10_pumpkin3,0.5,5,100,random48_3,0.2,28,0.920213875
obj_10_pumpkin3,0.5,5,100,random48_3,0.4,48,0.0078321795
obj_10_pumpkin3,0.5,5,100,random48_3,0.6,48,0.0078321795
obj_10_pumpkin3,0.5,5,100,random48_3,0.8,48,0.0078321795
obj_10_pumpkin3,0.5,5,100,random48_4,0.1,14,1.32037614
obj_10_pumpkin3,0.5,5,100,random48_4,0.2,28,0.168534679
obj_10_pumpkin3,0.5,5,100,random48_4,0.4,48,0.0078321795
obj_10_pumpkin3,0.5,5,100,random48_4,0.6,48,0.0078321795
obj_10_pumpkin3,0.5,5,100,random48_4,0.8,48,0.0078321795
obj_10_pumpkin3,0.5,6,10,random48_0,0.1,14,0.843406757
obj_10_pumpkin3,0.5,6,10,random48_0,0.2,28,0.746940491
obj_10_pumpkin3,0.5,6,10,random48_0,0.4,48,0.186403466
obj_10_pumpkin3,0.5,6,10,random48_0,0.6,48,0.186403466
obj_10_pumpkin3,0.5,6,10,random48_0,0.8,48,0.186403466
obj_10_pumpkin3,0.5,6,10,random48_1,0.1,14,5.33462785
obj_10_pumpkin3,0.5,6,10,random48_1,0.2,28,4.75334377
obj_10_pumpkin3,0.5,6,10,random48_1,0.4,48,0.186403466
obj_10_pumpkin3,0.5,6,10,random48_1,0.6,48,0.186403466
obj_10_pumpkin3,0.5,6,10,random48_1,0.8,48,0.186403466
obj_10_pumpkin3,0.5,6,10,random48_2,0.1,14,1.76266621
obj_10_pumpkin3,0.5,6,10,random48_2,0.2,28,1.42123717
obj_10_pumpkin3,0.5,6,10,random48_2,0.4,48,0.186403466
obj_10_pumpkin3,0.5,6,10,random48_2,0.6,48,0.186403466
obj_10_pumpkin3,0.5,6,10,random48_2,0.8,48,0.186403466
obj_10_pumpkin3,0.5,6,10,random48_3,0.1,14,1.05863397
obj_10_pumpkin3,0.5,6,10,random48_3,0.2,28,1.00281594
obj_10_pumpkin3,0.5,6,10,random48_3,0.4,48,0.186403466
obj_10_pumpkin3,0.5,6,10,random48_3,0.6,48,0.186403466
obj_10_pumpkin3,0.5,6,10,random48_3,0.8,48,0.186403466
obj_10_pumpkin3,0.5,6,10,random48_4,0.1,14,3.03792106
obj_10_pumpkin3,0.5,6,10,random48_4,0.2,28,2.95842129
obj_10_pumpkin3,0.5,6,10,random48_4,0.4,48,0.186403466
obj_10_pumpkin3,0.5,6,10,random48_4,0.6,48,0.186403466
obj_10_pumpkin3,0.5,6,10,random48_4,0.8,48,0.186403466
obj_10_pumpkin3,0.5,6,100,random48_0,0.1,14,4.36627933
obj_10_pumpkin3,0.5,6,100,random48_0,0.2,28,1.87635183
obj_10_pumpkin3,0.5,6,100,random48_0,0.4,48,0.0124546473
obj_10_pumpkin3,0.5,6,100,random48_0,0.6,48,0.0124546473
obj_10_pumpkin3,0.5,6,100,random48_0,0.8,48,0.0124546473
obj_10_pumpkin3,0.5,6,100,random48_1,0.1,14,3.90557368
obj_10_pumpkin3,0.5,6,100,random48_1,0.2,28,3.41190523
obj_10_pumpkin3,0.5,6,100,random48_1,0.4,48,0.0124546473
obj_10_pumpkin3,0.5,6,100,random48_1,0.6,48,0.0124546473
obj_10_pumpkin3,0.5,6,100,random48_1,0.8,48,0.0124546473
obj_10_pumpkin3,0.5,6,100,random48_2,0.1,14,2.72774704
obj_10_pumpkin3,0.5,6,100,random48_2,0.2,28,2.51735839
obj_10_pumpkin3,0.5,6,100,random48_2,0.4,48,0.0124546473
obj_10_pumpkin3,0.5,6,100,random48_2,0.6,48,0.0124546473
obj_10_pumpkin3,0.5,6,100,random48_2,0.8,48,0.0124546473
obj_10_pumpkin3,0.5,6,100,random48_3,0.1,14,0.790657802
obj_10_pumpkin3,0.5,6,100,random48_3,0.2,28,0.782045489
obj_10_pumpkin3,0.5,6,100,random48_3,0.4,48,0.0124546473
obj_10_pumpkin3,0.5,6,100,random48_3,0.6,48,0.0124546473
obj_10_pumpkin3,0.5,6,100,random48_3,0.8,48,0.0124546473
obj_10_pumpkin3,0.5,6,100,random48_4,0.1,14,3.16871782
obj_10_pumpkin3,0.5,6,100,random48_4,0.2,28,3.44033182
obj_10_pumpkin3,0.5,6,100,random48_4,0.4,48,0.0124546473
obj_10_pumpkin3,0.5,6,100,random48_4,0.6,48,0.0124546473
obj_10_pumpkin3,0.5,6,100,random48_4,0.8,48,0.0124546473
obj_10_pumpkin3,0.5,7,10,random48_0,0.1,14,0.241959554
obj_10_pumpkin3,0.5,7,10,random48_0,0.2,28,0.960835125
obj_10_pumpkin3,0.5,7,10,random48_0,0.4,48,0.0884444729
obj_10_pumpkin3,0.5,7,10,random48_0,0.6,48,0.0884444729
obj_10_pumpkin3,0.5,7,10,random48_0,0.8,48,0.0884444729
obj_10_pumpkin3,0.5,7,10,random48_1,0.1,14,0.385299531
obj_10_pumpkin3,0.5,7,10,random48_1,0.2,28,0.26607327
obj_10_pumpkin3,0.5,7,10,random48_1,0.4,48,0.0884444729
obj_10_pumpkin3,0.5,7,10,random48_1,0.6,48,0.0884444729
obj_10_pumpkin3,0.5,7,10,random48_1,0.8,48,0.0884444729
obj_10_pumpkin3,0.5,7,10,random48_2,0.1,14,0.444931356
obj_10_pumpkin3,0.5,7,10,random48_2,0.2,28,0.52596776
obj_10_pumpkin3,0.5,7,10,random48_2,0.4,48,0.0884444729
obj_10_pumpkin3,0.5,7,10,random48_2,0.6,48,0.0884444729
obj_10_pumpkin3,0.5,7,10,random48_2,0.8,48,0.0884444729
obj_10_pumpkin3,0.5,7,10,random48_3,0.1,14,0.139577129
obj_10_pumpkin3,0.5,7,10,random48_3,0.2,28,0.169293571
obj_10_pumpkin3,0.5,7,10,random48_3,0.4,48,0.0884444729
obj_10_pumpkin3,0.5,7,10,random48_3,0.6,48,0.0884444729
obj_10_pumpkin3,0.5,7,10,random48_3,0.8,48,0.0884444729
obj_10_pumpkin3,0.5,7,10,random48_4,0.1,14,0.227508905
obj_10_pumpkin3,0.5,7,10,random48_4,0.2,28,0.213054659
obj_10_pumpkin3,0.5,7,10,random48_4,0.4,48,0.0884444729
obj_10_pumpkin3,0.5,7,10,random48_4,0.6,48,0.0884444729
obj_10_pumpkin3,0.5,7,10,random48_4,0.8,48,0.0884444729
obj_10_pumpkin3,0.5,7,100,random48_0,0.1,14,0.339849226
obj_10_pumpkin3,0.5,7,100,random48_0,0.2,28,0.266224207
obj_10_pumpkin3,0.5,7,100,random48_0,0.4,48,0.0109622113
obj_10_pumpkin3,0.5,7,100,random48_0,0.6,48,0.0109622113
obj_10_pumpkin3,0.5,7,100,random48_0,0.8,48,0.0109622113
obj_10_pumpkin3,0.5,7,100,random48_1,0.1,14,1.87141668
obj_10_pumpkin3,0.5,7,100,random48_1,0.2,28,0.748040116
obj_10_pumpkin3,0.5,7,100,random48_1,0.4,48,0.0109622113
obj_10_pumpkin3,0.5,7,100,random48_1,0.6,48,0.0109622113
obj_10_pumpkin3,0.5,7,100,random48_1,0.8,48,0.0109622113
obj_10_pumpkin3,0.5,7,100,random48_2,0.1,14,0.689513655
obj_10_pumpkin3,0.5,7,100,random48_2,0.2,28,1.27015242
obj_10_pumpkin3,0.5,7,100,random48_2,0.4,48,0.0109622113
obj_10_pumpkin3,0.5,7,100,random48_2,0.6,48,0.0109622113
obj_10_pumpkin3,0.5,7,100,random48_2,0.8,48,0.0109622113
obj_10_pumpkin3,0.5,7,100,random48_3,0.1,14,0.660655381
obj_10_pumpkin3,0.5,7,100,random48_3,0.2,28,0.7036894
obj_10_pumpkin3,0.5,7,100,random48_3,0.4,48,0.0109622113
obj_10_pumpkin3,0.5,7,100,random48_3,0.6,48,0.0109622113
obj_10_pumpkin3,0.5,7,100,random48_3,0.8,48,0.0109622113
obj_10_pumpkin3,0.5,7,100,random48_4,0.1,14,0.207247662
obj_10_pumpkin3,0.5,7,100,random48_4,0.2,28,0.524196651
obj_10_pumpkin3,0.5,7,100,random48_4,0.4,48,0.0109622113
obj_10_pumpkin3,0.5,7,100,random48_4,0.6,48,0.0109622113
obj_10_pumpkin3,0.5,7,100,random48_4,0.8,48,0.0109622113
obj_10_pumpkin3,0.5,8,10,random48_0,0.1,14,2.64864884
obj_10_pumpkin3,0.5,8,10,random48_0,0.2,28,0.813220886
obj_10_pumpkin3,0.5,8,10,random48_0,0.4,48,0.251125828
obj_10_pumpkin3,0.5,8,10,random48_0,0.6,48,0.251125828
obj_10_pumpkin3,0.5,8,10,random48_0,0.8,48,0.251125828
obj_10_pumpkin3,0.5,8,10,random48_1,0.1,14,2.45569114
obj_10_pumpkin3,0.5,8,10,random48_1,0.2,28,4.3287537
obj_10_pumpkin3,0.5,8,10,random48_1,0.4,48,0.251125828
obj_10_pumpkin3,0.5,8,10,random48_1,0.6,48,0.251125828
obj_10_pumpkin3,0.5,8,10,random48_1,0.8,48,0.251125828
obj_10_pumpkin3,0.5,8,10,random48_2,0.1,14,0.937583749
obj_10_pumpkin3,0.5,8,10,random48_2,0.2,28,1.31942163
obj_10_pumpkin3,0.5,8,10,random48_2,0.4,48,0.251125828
obj_10_pumpkin3,0.5,8,10,random48_2,0.6,48,0.251125828
obj_10_pumpkin3,0.5,8,10,random48_2,0.8,48,0.251125828
obj_10_pumpkin3,0.5,8,10,random48_3,0.1,14,3.80793652
obj_10_pumpkin3,0.5,8,10,random48_3,0.2,28,4.97797334
obj_10_pumpkin3,0.5,8,10,random48_3,0.4,48,0.251125828
obj_10_pumpkin3,0.5,8,10,random48_3,0.6,48,0.251125828
obj_10_pumpkin3,0.5,8,10,random48_3,0.8,48,0.251125828
obj_10_pumpkin3,0.5,8,10,random48_4,0.1,14,3.15960094
obj_10_pumpkin3,0.5,8,10,random48_4,0.2,28,1.49662445
obj_10_pumpkin3,0.5,8,10,random48_4,0.4,48,0.251125828
obj_10_pumpkin3,0.5,8,10,random48_4,0.6,48,0.251125828
obj_10_pumpkin3,0.5,8,10,random48_4,0.8,48,0.251125828
obj_10_pumpkin3,0.5,8,100,random48_0,0.1,14,2.21279107
obj_10_pumpkin3,0.5,8,100,random48_0,0.2,28,5.10788253
obj_10_pumpkin3,0.5,8,100,random48_0,0.4,48,0.0181075541
obj_10_pumpkin3,0.5,8,100,random48_0,0.6,48,0.0181075541
obj_10_pumpkin3,0.5,8,100,random48_0,0.8,48,0.0181075541
obj_10_pumpkin3,0.5,8,100,random48_1,0.1,14,4.79950112
obj_10_pumpkin3,0.5,8,100,random48_1,0.2,28,0.426797797
obj_10_pumpkin3,0.5,8,100,random48_1,0.4,48,0.0181075541
obj_10_pumpkin3,0.5,8,100,random48_1,0.6,48,0.0181075541
obj_10_pumpkin3,0.5,8,100,random48_1,0.8,48,0.0181075541
obj_10_pumpkin3,0.5,8,100,random48_2,0.1,14,0.803810849
obj_10_pumpkin3,0.5,8,100,random48_2,0.2,28,0.263399908
obj_10_pumpkin3,0.5,8,100,random48_2,0.4,48,0.0181075541
obj_10_pumpkin3,0.5,8,100,random48_2,0.6,48,0.0181075541
obj_10_pumpkin3,0.5,8,100,random48_2,0.8,48,0.0181075541
obj_10_pumpkin3,0.5,8,100,random48_3,0.1,14,0.973975904
obj_10_pumpkin3,0.5,8,100,random48_3,0.2,28,3.65822741
obj_10_pumpkin3,0.5,8,100,random48_3,0.4,48,0.0181075541
obj_10_pumpkin3,0.5,8,100,random48_3,0.6,48,0.0181075541
obj_10_pumpkin3,0.5,8,100,random48_3,0.8,48,0.0181075541
obj_10_pumpkin3,0.5,8,100,random48_4,0.1,14,4.92939579
obj_10_pumpkin3,0.5,8,100,random48_4,0.2,28,6.22510588
obj_10_pumpkin3,0.5,8,100,random48_4,0.4,48,0.0181075541
obj_10_pumpkin3,0.5,8,100,random48_4,0.6,48,0.0181075541
obj_10_pumpkin3,0.5,8,100,random48_4,0.8,48,0.0181075541
obj_10_pumpkin3,0.5,9,10,random48_0,0.1,14,1.14393273
obj_10_pumpkin3,0.5,9,10,random48_0,0.2,28,1.98049353
obj_10_pumpkin3,0.5,9,10,random48_0,0.4,48,0.132990374
obj_10_pumpkin3,0.5,9,10,random48_0,0.6,48,0.132990374
obj_10_pumpkin3,0.5,9,10,random48_0,0.8,48,0.132990374
obj_10_pumpkin3,0.5,9,10,random48_1,0.1,14,0.625514831
obj_10_pumpkin3,0.5,9,10,random48_1,0.2,28,0.766595237
obj_10_pumpkin3,0.5,9,10,random48_1,0.4,48,0.132990374
obj_10_pumpkin3,0.5,9,10,random48_1,0.6,48,0.132990374
obj_10_pumpkin3,0.5,9,10,random48_1,0.8,48,0.132990374
obj_10_pumpkin3,0.5,9,10,random48_2,0.1,14,0.593299192
obj_10_pumpkin3,0.5,9,10,random48_2,0.2,28,0.711249899
obj_10_pumpkin3,0.5,9,10,random48_2,0.4,48,0.132990374
obj_10_pumpkin3,0.5,9,10,random48_2,0.6,48,0.132990374
obj_10_pumpkin3,0.5,9,10,random48_2,0.8,48,0.132990374
obj_10_pumpkin3,0.5,9,10,random48_3,0.1,14,0.384881315
obj_10_pumpkin3,0.5,9,10,random48_3,0.2,28,0.386331556
obj_10_pumpkin3,0.5,9,10,random48_3,0.4,48,0.132990374
obj_10_pumpkin3,0.5,9,10,random48_3,0.6,48,0.132990374
obj_10_pumpkin3,0.5,9,10,random48_3,0.8,48,0.132990374
obj_10_pumpkin3,0.5,9,10,random48_4,0.1,14,0.472347925
obj_10_pumpkin3,0.5,9,10,random48_4,0.2,28,0.245286754
obj_10_pumpkin3,0.5,9,10,random48_4,0.4,48,0.132990374
obj_10_pumpkin3,0.5,9,10,random48_4,0.6,48,0.132990374
obj_10_pumpkin3,0.5,9,10,random48_4,0.8,48,0.132990374
obj_10_pumpkin3,0.5,9,100,random48_0,0.1,14,0.347194487
obj_10_pumpkin3,0.5,9,100,random48_0,0.2,28,0.194700237
obj_10_pumpkin3,0.5,9,100,random48_0,0.4,48,0.0176996988
obj_10_pumpkin3,0.5,9,100,random48_0,0.6,48,0.0176996988
obj_10_pumpkin3,0.5,9,100,random48_0,0.8,48,0.0176996988
obj_10_pumpkin3,0.5,9,100,random48_1,0.1,14,0.575028007
obj_10_pumpkin3,0.5,9,100,random48_1,0.2,28,0.388397241
obj_10_pumpkin3,0.5,9,100,random48_1,0.4,48,0.0176996988
obj_10_pumpkin3,0.5,9,100,random48_1,0.6,48,0.0176996988
obj_10_pumpkin3,0.5,9,100,random48_1,0.8,48,0.0176996988
obj_10_pumpkin3,0.5,9,100,random48_2,0.1,14,0.742842075
obj_10_pumpkin3,0.5,9,100,random48_2,0.2,28,0.724935125
obj_10_pumpkin3,0.5,9,100,random48_2,0.4,48,0.0176996988
obj_10_pumpkin3,0.5,9,100,random48_2,0.6,48,0.0176996988
obj_10_pumpkin3,0.5,9,100,random48_2,0.8,48,0.0176996988
obj_10_pumpkin3,0.5,9,100,random48_3,0.1,14,0.816301786
obj_10_pumpkin3,0.5,9,100,random48_3,0.2,28,0.817167651
obj_10_pumpkin3,0.5,9,100,random48_3,0.4,48,0.0176996988
obj_10_pumpkin3,0.5,9,100,random48_3,0.6,48,0.0176996988
obj_10_pumpkin3,0.5,9,100,random48_3,0.8,48,0.0176996988
obj_10_pumpkin3,0.5,9,100,random48_4,0.1,14,0.879214314
obj_10_pumpkin3,0.5,9,100,random48_4,0.2,28,1.2935461
obj_10_pumpkin3,0.5,9,100,random48_4,0.4,48,0.0176996988
obj_10_pumpkin3,0.5,9,100,random48_4,0.6,48,0.0176996988
obj_10_pumpkin3,0.5,9,100,random48_4,0.8,48,0.0176996988
obj_10_pumpkin3,1.0,0,10,random48_0,0.1,14,0.980906629
obj_10_pumpkin3,1.0,0,10,random48_0,0.2,28,1.2464877
obj_10_pumpkin3,1.0,0,10,random48_0,0.4,48,0.119130746
obj_10_pumpkin3,1.0,0,10,random48_0,0.6,48,0.119130746
obj_10_pumpkin3,1.0,0,10,random48_0,0.8,48,0.119130746
obj_10_pumpkin3,1.0,0,10,random48_1,0.1,14,2.80384832
obj_10_pumpkin3,1.0,0,10,random48_1,0.2,28,0.0848046135
obj_10_pumpkin3,1.0,0,10,random48_1,0.4,48,0.119130746
obj_10_pumpkin3,1.0,0,10,random48_1,0.6,48,0.119130746
obj_10_pumpkin3,1.0,0,10,random48_1,0.8,48,0.119130746
obj_10_pumpkin3,1.0,0,10,random48_2,0.1,14,1.4048879
obj_10_pumpkin3,1.0,0,10,random48_2,0.2,28,1.71574842
obj_10_pumpkin3,1.0,0,10,random48_2,0.4,48,0.119130746
obj_10_pumpkin3,1.0,0,10,random48_2,0.6,48,0.119130746
obj_10_pumpkin3,1.0,0,10,random48_2,0.8,48,0.119130746
obj_10_pumpkin3,1.0,0,10,random48_3,0.1,14,1.0526909
obj_10_pumpkin3,1.0,0,10,random48_3,0.2,28,1.63925861
obj_10_pumpkin3,1.0,0,10,random48_3,0.4,48,0.119130746
obj_10_pumpkin3,1.0,0,10,random48_3,0.6,48,0.119130746
obj_10_pumpkin3,1.0,0,10,random48_3,0.8,48,0.119130746
obj_10_pumpkin3,1.0,0,10,random48_4,0.1,14,0.539715419
obj_10_pumpkin3,1.0,0,10,random48_4,0.2,28,0.624148688
obj_10_pumpkin3,1.0,0,10,random48_4,0.4,48,0.119130746
obj_10_pumpkin3,1.0,0,10,random48_4,0.6,48,0.119130746
obj_10_pumpkin3,1.0,0,10,random48_4,0.8,48,0.119130746
obj_10_pumpkin3,1.0,0,100,random48_0,0.1,14,0.949558053
obj_10_pumpkin3,1.0,0,100,random48_0,0.2,28,2.18300504
obj_10_pumpkin3,1.0,0,100,random48_0,0.4,48,0.0138761116
obj_10_pumpkin3,1.0,0,100,random48_0,0.6,48,0.0138761116
obj_10_pumpkin3,1.0,0,100,random48_0,0.8,48,0.0138761116
obj_10_pumpkin3,1.0,0,100,random48_1,0.1,14,1.67421809
obj_10_pumpkin3,1.0,0,100,random48_1,0.2,28,1.80068102
obj_10_pumpkin3,1.0,0,100,random48_1,0.4,48,0.0138761116
obj_10_pumpkin3,1.0,0,100,random48_1,0.6,48,0.0138761116
obj_10_pumpkin3,1.0,0,100,random48_1,0.8,48,0.0138761116
obj_10_pumpkin3,1.0,0,100,random48_2,0.1,14,0.826803262
obj_10_pumpkin3,1.0,0,100,random48_2,0.2,28,1.20621777
obj_10_pumpkin3,1.0,0,100,random48_2,0.4,48,0.0138761116
obj_10_pumpkin3,1.0,0,100,random48_2,0.6,48,0.0138761116
obj_10_pumpkin3,1.0,0,100,random48_2,0.8,48,0.0138761116
obj_10_pumpkin3,1.0,0,100,random48_3,0.1,14,0.13624307
obj_10_pumpkin3,1.0,0,100,random48_3,0.2,28,0.318358654
obj_10_pumpkin3,1.0,0,100,random48_3,0.4,48,0.0138761116
obj_10_pumpkin3,1.0,0,100,random48_3,0.6,48,0.0138761116
obj_10_pumpkin3,1.0,0,100,random48_3,0.8,48,0.0138761116
obj_10_pumpkin3,1.0,0,100,random48_4,0.1,14,1.731479
obj_10_pumpkin3,1.0,0,100,random48_4,0.2,28,0.38248189
obj_10_pumpkin3,1.0,0,100,random48_4,0.4,48,0.0138761116
obj_10_pumpkin3,1.0,0,100,random48_4,0.6,48,0.0138761116
obj_10_pumpkin3,1.0,0,100,random48_4,0.8,48,0.0138761116
obj_10_pumpkin3,1.0,1,10,random48_0,0.1,14,2.45762721
obj_10_pumpkin3,1.0,1,10,random48_0,0.2,28,0.228203455
obj_10_pumpkin3,1.0,1,10,random48_0,0.4,48,0.191318124
obj_10_pumpkin3,1.0,1,10,random48_0,0.6,48,0.191318124
obj_10_pumpkin3,1.0,1,10,random48_0,0.8,48,0.191318124
obj_10_pumpkin3,1.0,1,10,random48_1,0.1,14,1.29732334
obj_10_pumpkin3,1.0,1,10,random48_1,0.2,28,0.192770272
obj_10_pumpkin3,1.0,1,10,random48_1,0.4,48,0.191318124
obj_10_pumpkin3,1.0,1,10,random48_1,0.6,48,0.191318124
obj_10_pumpkin3,1.0,1,10,random48_1,0.8,48,0.191318124
obj_10_pumpkin3,1.0,1,10,random48_2,0.1,14,2.68801685
obj_10_pumpkin3,1.0,1,10,random48_2,0.2,28,0.257241223
obj_10_pumpkin3,1.0,1,10,random48_2,0.4,48,0.191318124
obj_10_pumpkin3,1.0,1,10,random48_2,0.6,48,0.191318124
obj_10_pumpkin3,1.0,1,10,random48_2,0.8,48,0.191318124
obj_10_pumpkin3,1.0,1,10,random48_3,0.1,14,1.68759508
obj_10_pumpkin3,1.0,1,10,random48_3,0.2,28,4.11060558
obj_10_pumpkin3,1.0,1,10,random48_3,0.4,48,0.191318124
obj_10_pumpkin3,1.0,1,10,random48_3,0.6,48,0.191318124
obj_10_pumpkin3,1.0,1,10,random48_3,0.8,48,0.191318124
obj_10_pumpkin3,1.0,1,10,random48_4,0.1,14,1.66972101
obj_10_pumpkin3,1.0,1,10,random48_4,0.2,28,2.54169372
obj_10_pumpkin3,1.0,1,10,random48_4,0.4,48,0.191318124
obj_10_pumpkin3,1.0,1,10,random48_4,0.6,48,0.191318124
obj_10_pumpkin3,1.0,1,10,random48_4,0.8,48,0.191318124
obj_10_pumpkin3,1.0,1,100,random48_0,0.1,14,1.76999399
obj_10_pumpkin3,1.0,1,100,random48_0,0.2,28,1.73151765
obj_10_pumpkin3,1.0,1,100,random48_0,0.4,48,0.00887122702
obj_10_pumpkin3,1.0,1,100,random48_0,0.6,48,0.00887122702
obj_10_pumpkin3,1.0,1,100,random48_0,0.8,48,0.00887122702
obj_10_pumpkin3,1.0,1,100,random48_1,0.1,14,1.707515
obj_10_pumpkin3,1.0,1,100,random48_1,0.2,28,3.47820187
obj_10_pumpkin3,1.0,1,100,random48_1,0.4,48,0.00887122702
obj_10_pumpkin3,1.0,1,100,random48_1,0.6,48,0.00887122702
obj_10_pumpkin3,1.0,1,100,random48_1,0.8,48,0.00887122702
obj_10_pumpkin3,1.0,1,100,random48_2,0.1,14,2.38278818
obj_10_pumpkin3,1.0,1,100,random48_2,0.2,28,3.3041903
obj_10_pumpkin3,1.0,1,100,random48_2,0.4,48,0.00887122702
obj_10_pumpkin3,1.0,1,100,random48_2,0.6,48,0.00887122702
obj_10_pumpkin3,1.0,1,100,random48_2,0.8,48,0.00887122702
obj_10_pumpkin3,1.0,1,100,random48_3,0.1,14,1.63322108
obj_10_pumpkin3,1.0,1,100,random48_3,0.2,28,2.19926292
obj_10_pumpkin3,1.0,1,100,random48_3,0.4,48,0.00887122702
obj_10_pumpkin3,1.0,1,100,random48_3,0.6,48,0.00887122702
obj_10_pumpkin3,1.0,1,100,random48_3,0.8,48,0.00887122702
obj_10_pumpkin3,1.0,1,100,random48_4,0.1,14,2.54374505
obj_10_pumpkin3,1.0,1,100,random48_4,0.2,28,2.4030478
obj_10_pumpkin3,1.0,1,100,random48_4,0.4,48,0.00887122702
obj_10_pumpkin3,1.0,1,100,random48_4,0.6,48,0.00887122702
obj_10_pumpkin3,1.0,1,100,random48_4,0.8,48,0.00887122702
obj_10_pumpkin3,1.0,2,10,random48_0,0.1,14,2.2939619
obj_10_pumpkin3,1.0,2,10,random48_0,0.2,28,3.26071992
obj_10_pumpkin3,1.0,2,10,random48_0,0.4,48,0.324834472
obj_10_pumpkin3,1.0,2,10,random48_0,0.6,48,0.324834472
obj_10_pumpkin3,1.0,2,10,random48_0,0.8,48,0.324834472
obj_10_pumpkin3,1.0,2,10,random48_1,0.1,14,2.72064682
obj_10_pumpkin3,1.0,2,10,random48_1,0.2,28,1.80436809
obj_10_pumpkin3,1.0,2,10,random48_1,0.4,48,0.324834472
obj_10_pumpkin3,1.0,2,10,random48_1,0.6,48,0.324834472
obj_10_pumpkin3,1.0,2,10,random48_1,0.8,48,0.324834472
obj_10_pumpkin3,1.0,2,10,random48_2,0.1,14,5.83555921
obj_10_pumpkin3,1.0,2,10,random48_2,0.2,28,5.94457046
obj_10_pumpkin3,1.0,2,10,random48_2,0.4,48,0.324834472
obj_10_pumpkin3,1.0,2,10,random48_2,0.6,48,0.324834472
obj_10_pumpkin3,1.0,2,10,random48_2,0.8,48,0.324834472
obj_10_pumpkin3,1.0,2,10,random48_3,0.1,14,2.82090403
obj_10_pumpkin3,1.0,2,10,random48_3,0.2,28,4.64372751
obj_10_pumpkin3,1.0,2,10,random48_3,0.4,48,0.324834472
obj_10_pumpkin3,1.0,2,10,random48_3,0.6,48,0.324834472
obj_10_pumpkin3,1.0,2,10,random48_3,0.8,48,0.324834472
obj_10_pumpkin3,1.0,2,10,random48_4,0.1,14,0.972901277
obj_10_pumpkin3,1.0,2,10,random48_4,0.2,28,3.38498652
obj_10_pumpkin3,1.0,2,10,random48_4,0.4,48,0.324834472
obj_10_pumpkin3,1.0,2,10,random48_4,0.6,48,0.324834472
obj_10_pumpkin3,1.0,2,10,random48_4,0.8,48,0.324834472
obj_10_pumpkin3,1.0,2,100,random48_0,0.1,14,2.28658248
obj_10_pumpkin3,1.0,2,100,random48_0,0.2,28,3.21131833
obj_10_pumpkin3,1.0,2,100,random48_0,0.4,48,0.0122646623
obj_10_pumpkin3,1.0,2,100,random48_0,0.6,48,0.0122646623
obj_10_pumpkin3,1.0,2,100,random48_0,0.8,48,0.0122646623
obj_10_pumpkin3,1.0,2,100,random48_1,0.1,14,2.21368563
obj_10_pumpkin3,1.0,2,100,random48_1,0.2,28,6.20028721
obj_10_pumpkin3,1.0,2,100,random48_1,0.4,48,0.0122646623
obj_10_pumpkin3,1.0,2,100,random48_1,0.6,48,0.0122646623
obj_10_pumpkin3,1.0,2,100,random48_1,0.8,48,0.0122646623
obj_10_pumpkin3,1.0,2,100,random48_2,0.1,14,2.83769073
obj_10_pumpkin3,1.0,2,100,random48_2,0.2,28,7.24327327
obj_10_pumpkin3,1.0,2,100,random48_2,0.4,48,0.0122646623
obj_10_pumpkin3,1.0,2,100,random48_2,0.6,48,0.0122646623
obj_10_pumpkin3,1.0,2,100,random48_2,0.8,48,0.0122646623
obj_10_pumpkin3,1.0,2,100,random48_3,0.1,14,1.06656074
obj_10_pumpkin3,1.0,2,100,random48_3,0.2,28,1.74838599
obj_10_pumpkin3,1.0,2,100,random48_3,0.4,48,0.0122646623
obj_10_pumpkin3,1.0,2,100,random48_3,0.6,48,0.0122646623
obj_10_pumpkin3,1.0,2,100,random48_3,0.8,48,0.0122646623
obj_10_pumpkin3,1.0,2,100,random48_4,0.1,14,2.9364562
obj_10_pumpkin3,1.0,2,100,random48_4,0.2,28,1.92834462
obj_10_pumpkin3,1.0,2,100,random48_4,0.4,48,0.0122646623
obj_10_pumpkin3,1.0,2,100,random48_4,0.6,48,0.0122646623
obj_10_pumpkin3,1.0,2,100,random48_4,0.8,48,0.0122646623
obj_10_pumpkin3,1.0,3,10,random48_0,0.1,14,1.26176736
obj_10_pumpkin3,1.0,3,10,random48_0,0.2,28,2.34088162
obj_10_pumpkin3,1.0,3,10,random48_0,0.4,48,0.1152437
obj_10_pumpkin3,1.0,3,10,random48_0,0.6,48,0.1152437
obj_10_pumpkin3,1.0,3,10,random48_0,0.8,48,0.1152437
obj_10_pumpkin3,1.0,3,10,random48_1,0.1,14,0.668563066
obj_10_pumpkin3,1.0,3,10,random48_1,0.2,28,3.68210049
obj_10_pumpkin3,1.0,3,10,random48_1,0.4,48,0.1152437
obj_10_pumpkin3,1.0,3,10,random48_1,0.6,48,0.1152437
obj_10_pumpkin3,1.0,3,10,random48_1,0.8,48,0.1152437
obj_10_pumpkin3,1.0,3,10,random48_2,0.1,14,1.46553851
obj_10_pumpkin3,1.0,3,10,random48_2,0.2,28,4.98968548
obj_10_pumpkin3,1.0,3,10,random48_2,0.4,48,0.1152437
obj_10_pumpkin3,1.0,3,10,random48_2,0.6,48,0.1152437
obj_10_pumpkin3,1.0,3,10,random48_2,0.8,48,0.1152437
obj_10_pumpkin3,1.0,3,10,random48_3,0.1,14,0.475255392
obj_10_pumpkin3,1.0,3,10,random48_3,0.2,28,0.734924376
obj_10_pumpkin3,1.0,3,10,random48_3,0.4,48,0.1152437
obj_10_pumpkin3,1.0,3,10,random48_3,0.6,48,0.1152437
obj_10_pumpkin3,1.0,3,10,random48_3,0.8,48,0.1152437
obj_10_pumpkin3,1.0,3,10,random48_4,0.1,14,1.80627126
obj_10_pumpkin3,1.0,3,10,random48_4,0.2,28,1.58771716
obj_10_pumpkin3,1.0,3,10,random48_4,0.4,48,0.1152437
obj_10_pumpkin3,1.0,3,10,random48_4,0.6,48,0.1152437
obj_10_pumpkin3,1.0,3,10,random48_4,0.8,48,0.1152437
obj_10_pumpkin3,1.0,3,100,random48_0,0.1,14,1.0846023
obj_10_pumpkin3,1.0,3,100,random48_0,0.2,28,2.2708332
obj_10_pumpkin3,1.0,3,100,random48_0,0.4,48,0.0228520368
obj_10_pumpkin3,1.0,3,100,random48_0,0.6,48,0.0228520368
obj_10_pumpkin3,1.0,3,100,random48_0,0.8,48,0.0228520368
obj_10_pumpkin3,1.0,3,100,random48_1,0.1,14,0.764574492
obj_10_pumpkin3,1.0,3,100,random48_1,0.2,28,0.312266039
obj_10_pumpkin3,1.0,3,100,random48_1,0.4,48,0.0228520368
obj_10_pumpkin3,1.0,3,100,random48_1,0.6,48,0.0228520368
obj_10_pumpkin3,1.0,3,100,random48_1,0.8,48,0.0228520368
obj_10_pumpkin3,1.0,3,100,random48_2,0.1,14,2.64186575
obj_10_pumpkin3,1.0,3,100,random48_2,0.2,28,3.30456878
obj_10_pumpkin3,1.0,3,100,random48_2,0.4,48,0.0228520368
obj_10_pumpkin3,1.0,3,100,random48_2,0.6,48,0.0228520368
obj_10_pumpkin3,1.0,3,100,random48_2,0.8,48,0.0228520368
obj_10_pumpkin3,1.0,3,100,random48_3,0.1,14,1.81771933
obj_10_pumpkin3,1.0,3,100,random48_3,0.2,28,2.12164875
obj_10_pumpkin3,1.0,3,100,random48_3,0.4,48,0.0228520368
obj_10_pumpkin3,1.0,3,100,random48_3,0.6,48,0.0228520368
obj_10_pumpkin3,1.0,3,100,random48_3,0.8,48,0.0228520368
obj_10_pumpkin3,1.0,3,100,random48_4,0.1,14,2.11743415
obj_10_pumpkin3,1.0,3,100,random48_4,0.2,28,3.69349528
obj_10_pumpkin3,1.0,3,100,random48_4,0.4,48,0.0228520368
obj_10_pumpkin3,1.0,3,100,random48_4,0.6,48,0.0228520368
obj_10_pumpkin3,1.0,3,100,random48_4,0.8,48,0.0228520368
obj_10_pumpkin3,1.0,4,10,random48_0,0.1,14,0.894153891
obj_10_pumpkin3,1.0,4,10,random48_0,0.2,28,1.57371217
obj_10_pumpkin3,1.0,4,10,random48_0,0.4,48,0.45103056
obj_10_pumpkin3,1.0,4,10,random48_0,0.6,48,0.45103056
obj_10_pumpkin3,1.0,4,10,random48_0,0.8,48,0.45103056
obj_10_pumpkin3,1.0,4,10,random48_1,0.1,14,2.12941852
obj_10_pumpkin3,1.0,4,10,random48_1,0.2,28,0.975812508
obj_10_pumpkin3,1.0,4,10,random48_1,0.4,48,0.45103056
obj_10_pumpkin3,1.0,4,10,random48_1,0.6,48,0.45103056
obj_10_pumpkin3,1.0,4,10,random48_1,0.8,48,0.45103056
obj_10_pumpkin3,1.0,4,10,random48_2,0.1,14,2.48822139
obj_10_pumpkin3,1.0,4,10,random48_2,0.2,28,0.712452087
obj_10_pumpkin3,1.0,4,10,random48_2,0.4,48,0.45103056
obj_10_pumpkin3,1.0,4,10,random48_2,0.6,48,0.45103056
obj_10_pumpkin3,1.0,4,10,random48_2,0.8,48,0.45103056
obj_10_pumpkin3,1.0,4,10,random48_3,0.1,14,2.25928484
obj_10_pumpkin3,1.0,4,10,random48_3,0.2,28,2.9687484
obj_10_pumpkin3,1.0,4,10,random48_3,0.4,48,0.45103056
obj_10_pumpkin3,1.0,4,10,random48_3,0.6,48,0.45103056
obj_10_pumpkin3,1.0,4,10,random48_3,0.8,48,0.45103056
obj_10_pumpkin3,1.0,4,10,random48_4,0.1,14,1.69205265
obj_10_pumpkin3,1.0,4,10,random48_4,0.2,28,0.348986576
obj_10_pumpkin3,1.0,4,10,random48_4,0.4,48,0.45103056
obj_10_pumpkin3,1.0,4,10,random48_4,0.6,48,0.45103056
obj_10_pumpkin3,1.0,4,10,random48_4,0.8,48,0.45103056
obj_10_pumpkin3,1.0,4,100,random48_0,0.1,14,1.43590317
obj_10_pumpkin3,1.0,4,100,random48_0,0.2,28,0.756079113
obj_10_pumpkin3,1.0,4,100,random48_0,0.4,48,0.0412711502
obj_10_pumpkin3,1.0,4,100,random48_0,0.6,48,0.0412711502
obj_10_pumpkin3,1.0,4,100,random48_0,0.8,48,0.0412711502
obj_10_pumpkin3,1.0,4,100,random48_1,0.1,14,2.57077562
obj_10_pumpkin3,1.0,4,100,random48_1,0.2,28,4.05579464
obj_10_pumpkin3,1.0,4,100,random48_1,0.4,48,0.0412711502
obj_10_pumpkin3,1.0,4,100,random48_1,0.6,48,0.0412711502
obj_10_pumpkin3,1.0,4,100,random48_1,0.8,48,0.0412711502
obj_10_pumpkin3,1.0,4,100,random48_2,0.1,14,0.974677484
obj_10_pumpkin3,1.0,4,100,random48_2,0.2,28,2.66491715
obj_10_pumpkin3,1.0,4,100,random48_2,0.4,48,0.0412711502
obj_10_pumpkin3,1.0,4,100,random48_2,0.6,48,0.0412711502
obj_10_pumpkin3,1.0,4,100,random48_2,0.8,48,0.0412711502
obj_10_pumpkin3,1.0,4,100,random48_3,0.1,14,2.54268465
obj_10_pumpkin3,1.0,4,100,random48_3,0.2,28,2.266411
obj_10_pumpkin3,1.0,4,100,random48_3,0.4,48,0.0412711502
obj_10_pumpkin3,1.0,4,100,random48_3,0.6,48,0.0412711502
obj_10_pumpkin3,1.0,4,100,random48_3,0.8,48,0.0412711502
obj_10_pumpkin3,1.0,4,100,random48_4,0.1,14,4.71524812
obj_10_pumpkin3,1.0,4,100,random48_4,0.2,28,0.964436483
obj_10_pumpkin3,1.0,4,100,random48_4,0.4,48,0.0412711502
obj_10_pumpkin3,1.0,4,100,random48_4,0.6,48,0.0412711502
obj_10_pumpkin3,1.0,4,100,random48_4,0.8,48,0.0412711502
obj_10_pumpkin3,1.0,5,10,random48_0,0.1,14,3.24543507
obj_10_pumpkin3,1.0,5,10,random48_0,0.2,28,6.46469403
obj_10_pumpkin3,1.0,5,10,random48_0,0.4,48,0.203453495
obj_10_pumpkin3,1.0,5,10,random48_0,0.6,48,0.203453495
obj_10_pumpkin3,1.0,5,10,random48_0,0.8,48,0.203453495
obj_10_pumpkin3,1.0,5,10,random48_1,0.1,14,1.45944143
obj_10_pumpkin3,1.0,5,10,random48_1,0.2,28,3.00699489
obj_10_pumpkin3,1.0,5,10,random48_1,0.4,48,0.203453495
obj_10_pumpkin3,1.0,5,10,random48_1,0.6,48,0.203453495
obj_10_pumpkin3,1.0,5,10,random48_1,0.8,48,0.203453495
obj_10_pumpkin3,1.0,5,10,random48_2,0.1,14,1.46210186
obj_10_pumpkin3,1.0,5,10,random48_2,0.2,28,1.33986125
obj_10_pumpkin3,1.0,5,10,random48_2,0.4,48,0.203453495
obj_10_pumpkin3,1.0,5,10,random48_2,0.6,48,0.203453495
obj_10_pumpkin3,1.0,5,10,random48_2,0.8,48,0.203453495
obj_10_pumpkin3,1.0,5,10,random48_3,0.1,14,1.84388579
obj_10_pumpkin3,1.0,5,10,random48_3,0.2,28,2.67620504
obj_10_pumpkin3,1.0,5,10,random48_3,0.4,48,0.203453495
obj_10_pumpkin3,1.0,5,10,random48_3,0.6,48,0.203453495
obj_10_pumpkin3,1.0,5,10,random48_3,0.8,48,0.203453495
obj_10_pumpkin3,1.0,5,10,random48_4,0.1,14,1.35480562
obj_10_pumpkin3,1.0,5,10,random48_4,0.2,28,0.55527146
obj_10_pumpkin3,1.0,5,10,random48_4,0.4,48,0.203453495
obj_10_pumpkin3,1.0,5,10,random48_4,0.6,48,0.203453495
obj_10_pumpkin3,1.0,5,10,random48_4,0.8,48,0.203453495
obj_10_pumpkin3,1.0,5,100,random48_0,0.1,14,1.4478205
obj_10_pumpkin3,1.0,5,100,random48_0,0.2,28,4.32691359
obj_10_pumpkin3,1.0,5,100,random48_0,0.4,48,0.026813671
obj_10_pumpkin3,1.0,5,100,random48_0,0.6,48,0.026813671
obj_10_pumpkin3,1.0,5,100,random48_0,0.8,48,0.026813671
obj_10_pumpkin3,1.0,5,100,random48_1,0.1,14,3.5059344
obj_10_pumpkin3,1.0,5,100,random48_1,0.2,28,3.08211839
obj_10_pumpkin3,1.0,5,100,random48_1,0.4,48,0.026813671
obj_10_pumpkin3,1.0,5,100,random48_1,0.6,48,0.026813671
obj_10_pumpkin3,1.0,5,100,random48_1,0.8,48,0.026813671
obj_10_pumpkin3,1.0,5,100,random48_2,0.1,14,2.08706572
obj_10_pumpkin3,1.0,5,100,random48_2,0.2,28,1.56466253
obj_10_pumpkin3,1.0,5,100,random48_2,0.4,48,0.026813671
obj_10_pumpkin3,1.0,5,100,random48_2,0.6,48,0.026813671
obj_10_pumpkin3,1.0,5,100,random48_2,0.8,48,0.026813671
obj_10_pumpkin3,1.0,5,100,random48_3,0.1,14,1.7880115
obj_10_pumpkin3,1.0,5,100,random48_3,0.2,28,0.363247921
obj_10_pumpkin3,1.0,5,100,random48_3,0.4,48,0.026813671
obj_10_pumpkin3,1.0,5,100,random48_3,0.6,48,0.026813671
obj_10_pumpkin3,1.0,5,100,random48_3,0.8,48,0.026813671
obj_10_pumpkin3,1.0,5,100,random48_4,0.1,14,1.63642003
obj_10_pumpkin3,1.0,5,100,random48_4,0.2,28,0.323593388
obj_10_pumpkin3,1.0,5,100,random48_4,0.4,48,0.026813671
obj_10_pumpkin3,1.0,5,100,random48_4,0.6,48,0.026813671
obj_10_pumpkin3,1.0,5,100,random48_4,0.8,48,0.026813671
obj_10_pumpkin3,1.0,6,10,random48_0,0.1,14,0.905995732
obj_10_pumpkin3,1.0,6,10,random48_0,0.2,28,0.842865861
obj_10_pumpkin3,1.0,6,10,random48_0,0.4,48,0.0689573735
obj_10_pumpkin3,1.0,6,10,random48_0,0.6,48,0.0689573735
obj_10_pumpkin3,1.0,6,10,random48_0,0.8,48,0.0689573735
obj_10_pumpkin3,1.0,6,10,random48_1,0.1,14,1.86143215
obj_10_pumpkin3,1.0,6,10,random48_1,0.2,28,6.8941568
obj_10_pumpkin3,1.0,6,10,random48_1,0.4,48,0.0689573735
obj_10_pumpkin3,1.0,6,10,random48_1,0.6,48,0.0689573735
obj_10_pumpkin3,1.0,6,10,random48_1,0.8,48,0.0689573735
obj_10_pumpkin3,1.0,6,10,random48_2,0.1,14,0.447446434
obj_10_pumpkin3,1.0,6,10,random48_2,0.2,28,3.59291981
obj_10_pumpkin3,1.0,6,10,random48_2,0.4,48,0.0689573735
obj_10_pumpkin3,1.0,6,10,random48_2,0.6,48,0.0689573735
obj_10_pumpkin3,1.0,6,10,random48_2,0.8,48,0.0689573735
obj_10_pumpkin3,1.0,6,10,random48_3,0.1,14,0.887897574
obj_10_pumpkin3,1.0,6,10,random48_3,0.2,28,0.403165227
obj_10_pumpkin3,1.0,6,10,random48_3,0.4,48,0.0689573735
obj_10_pumpkin3,1.0,6,10,random48_3,0.6,48,0.0689573735
obj_10_pumpkin3,1.0,6,10,random48_3,0.8,48,0.0689573735
obj_10_pumpkin3,1.0,6,10,random48_4,0.1,14,1.67126595
obj_10_pumpkin3,1.0,6,10,random48_4,0.2,28,3.02199772
obj_10_pumpkin3,1.0,6,10,random48_4,0.4,48,0.0689573735
obj_10_pumpkin3,1.0,6,10,random48_4,0.6,48,0.0689573735
obj_10_pumpkin3,1.0,6,10,random48_4,0.8,48,0.0689573735
obj_10_pumpkin3,1.0,6,100,random48_0,0.1,14,0.996701578
obj_10_pumpkin3,1.0,6,100,random48_0,0.2,28,3.35209015
obj_10_pumpkin3,1.0,6,100,random48_0,0.4,48,0.00110280303
obj_10_pumpkin3,1.0,6,100,random48_0,0.6,48,0.00110280303
obj_10_pumpkin3,1.0,6,100,random48_0,0.8,48,0.00110280303
obj_10_pumpkin3,1.0,6,100,random48_1,0.1,14,0.287475154
obj_10_pumpkin3,1.0,6,100,random48_1,0.2,28,0.827430048
obj_10_pumpkin3,1.0,6,100,random48_1,0.4,48,0.00110280303
obj_10_pumpkin3,1.0,6,100,random48_1,0.6,48,0.00110280303
obj_10_pumpkin3,1.0,6,100,random48_1,0.8,48,0.00110280303
obj_10_pumpkin3,1.0,6,100,random48_2,0.1,14,0.636162613
obj_10_pumpkin3,1.0,6,100,random48_2,0.2,28,2.75543005
obj_10_pumpkin3,1.0,6,100,random48_2,0.4,48,0.00110280303
obj_10_pumpkin3,1.0,6,100,random48_2,0.6,48,0.00110280303
obj_10_pumpkin3,1.0,6,100,random48_2,0.8,48,0.00110280303
obj_10_pumpkin3,1.0,6,100,random48_3,0.1,14,3.04982351
obj_10_pumpkin3,1.0,6,100,random48_3,0.2,28,3.75222694
obj_10_pumpkin3,1.0,6,100,random48_3,0.4,48,0.00110280303
obj_10_pumpkin3,1.0,6,100,random48_3,0.6,48,0.00110280303
obj_10_pumpkin3,1.0,6,100,random48_3,0.8,48,0.00110280303
obj_10_pumpkin3,1.0,6,100,random48_4,0.1,14,0.537048774
obj_10_pumpkin3,1.0,6,100,random48_4,0.2,28,2.08206761
obj_10_pumpkin3,1.0,6,100,random48_4,0.4,48,0.00110280303
obj_10_pumpkin3,1.0,6,100,random48_4,0.6,48,0.00110280303
obj_10_pumpkin3,1.0,6,100,random48_4,0.8,48,0.00110280303
obj_10_pumpkin3,1.0,7,10,random48_0,0.1,14,5.80685594
obj_10_pumpkin3,1.0,7,10,random48_0,0.2,28,10.8455345
obj_10_pumpkin3,1.0,7,10,random48_0,0.4,48,0.580241883
obj_10_pumpkin3,1.0,7,10,random48_0,0.6,48,0.580241883
obj_10_pumpkin3,1.0,7,10,random48_0,0.8,48,0.580241883
obj_10_pumpkin3,1.0,7,10,random48_1,0.1,14,1.06656621
obj_10_pumpkin3,1.0,7,10,random48_1,0.2,28,1.23674861
obj_10_pumpkin3,1.0,7,10,random48_1,0.4,48,0.580241883
obj_10_pumpkin3,1.0,7,10,random48_1,0.6,48,0.580241883
obj_10_pumpkin3,1.0,7,10,random48_1,0.8,48,0.580241883
obj_10_pumpkin3,1.0,7,10,random48_2,0.1,14,3.89653462
obj_10_pumpkin3,1.0,7,10,random48_2,0.2,28,7.12041185
obj_10_pumpkin3,1.0,7,10,random48_2,0.4,48,0.580241883
obj_10_pumpkin3,1.0,7,10,random48_2,0.6,48,0.580241883
obj_10_pumpkin3,1.0,7,10,random48_2,0.8,48,0.580241883
obj_10_pumpkin3,1.0,7,10,random48_3,0.1,14,3.2725467
obj_10_pumpkin3,1.0,7,10,random48_3,0.2,28,3.11124516
obj_10_pumpkin3,1.0,7,10,random48_3,0.4,48,0.580241883
obj_10_pumpkin3,1.0,7,10,random48_3,0.6,48,0.580241883
obj_10_pumpkin3,1.0,7,10,random48_3,0.8,48,0.580241883
obj_10_pumpkin3,1.0,7,10,random48_4,0.1,14,3.03663551
obj_10_pumpkin3,1.0,7,10,random48_4,0.2,28,1.27005543
obj_10_pumpkin3,1.0,7,10,random48_4,0.4,48,0.580241883
obj_10_pumpkin3,1.0,7,10,random48_4,0.6,48,0.580241883
obj_10_pumpkin3,1.0,7,10,random48_4,0.8,48,0.580241883
obj_10_pumpkin3,1.0,7,100,random48_0,0.1,14,4.60293902
obj_10_pumpkin3,1.0,7,100,random48_0,0.2,28,11.7256665
obj_10_pumpkin3,1.0,7,100,random48_0,0.4,48,0.0330669049
obj_10_pumpkin3,1.0,7,100,random48_0,0.6,48,0.0330669049
obj_10_pumpkin3,1.0,7,100,random48_0,0.8,48,0.0330669049
obj_10_pumpkin3,1.0,7,100,random48_1,0.1,14,3.35276037
obj_10_pumpkin3,1.0,7,100,random48_1,0.2,28,4.64858655
obj_10_pumpkin3,1.0,7,100,random48_1,0.4,48,0.0330669049
obj_10_pumpkin3,1.0,7,100,random48_1,0.6,48,0.0330669049
obj_10_pumpkin3,1.0,7,100,random48_1,0.8,48,0.0330669049
obj_10_pumpkin3,1.0,7,100,random48_2,0.1,14,4.54012212
obj_10_pumpkin3,1.0,7,100,random48_2,0.2,28,6.67107065
obj_10_pumpkin3,1.0,7,100,random48_2,0.4,48,0.0330669049
obj_10_pumpkin3,1.0,7,100,random48_2,0.6,48,0.0330669049
obj_10_pumpkin3,1.0,7,100,random48_2,0.8,48,0.0330669049
obj_10_pumpkin3,1.0,7,100,random48_3,0.1,14,5.77459786
obj_10_pumpkin3,1.0,7,100,random48_3,0.2,28,8.63915276
obj_10_pumpkin3,1.0,7,100,random48_3,0.4,48,0.0330669049
obj_10_pumpkin3,1.0,7,100,random48_3,0.6,48,0.0330669049
obj_10_pumpkin3,1.0,7,100,random48_3,0.8,48,0.0330669049
obj_10_pumpkin3,1.0,7,100,random48_4,0.1,14,7.85701595
obj_10_pumpkin3,1.0,7,100,random48_4,0.2,28,9.19029861
obj_10_pumpkin3,1.0,7,100,random48_4,0.4,48,0.0330669049
obj_10_pumpkin3,1.0,7,100,random48_4,0.6,48,0.0330669049
obj_10_pumpkin3,1.0,7,100,random48_4,0.8,48,0.0330669049
obj_10_pumpkin3,1.0,8,10,random48_0,0.1,14,3.61759069
obj_10_pumpkin3,1.0,8,10,random48_0,0.2,28,3.93559583
obj_10_pumpkin3,1.0,8,10,random48_0,0.4,48,0.880146236
obj_10_pumpkin3,1.0,8,10,random48_0,0.6,48,0.880146236
obj_10_pumpkin3,1.0,8,10,random48_0,0.8,48,0.880146236
obj_10_pumpkin3,1.0,8,10,random48_1,0.1,14,6.16520863
obj_10_pumpkin3,1.0,8,10,random48_1,0.2,28,1.78163822
obj_10_pumpkin3,1.0,8,10,random48_1,0.4,48,0.880146236
obj_10_pumpkin3,1.0,8,10,random48_1,0.6,48,0.880146236
obj_10_pumpkin3,1.0,8,10,random48_1,0.8,48,0.880146236
obj_10_pumpkin3,1.0,8,10,random48_2,0.1,14,9.45066339
obj_10_pumpkin3,1.0,8,10,random48_2,0.2,28,10.9261606
obj_10_pumpkin3,1.0,8,10,random48_2,0.4,48,0.880146236
obj_10_pumpkin3,1.0,8,10,random48_2,0.6,48,0.880146236
obj_10_pumpkin3,1.0,8,10,random48_2,0.8,48,0.880146236
obj_10_pumpkin3,1.0,8,10,random48_3,0.1,14,5.36091276
obj_10_pumpkin3,1.0,8,10,random48_3,0.2,28,7.49506247
obj_10_pumpkin3,1.0,8,10,random48_3,0.4,48,0.880146236
obj_10_pumpkin3,1.0,8,10,random48_3,0.6,48,0.880146236
obj_10_pumpkin3,1.0,8,10,random48_3,0.8,48,0.880146236
obj_10_pumpkin3,1.0,8,10,random48_4,0.1,14,5.6560742
obj_10_pumpkin3,1.0,8,10,random48_4,0.2,28,8.35333293
obj_10_pumpkin3,1.0,8,10,random48_4,0.4,48,0.880146236
obj_10_pumpkin3,1.0,8,10,random48_4,0.6,48,0.880146236
obj_10_pumpkin3,1.0,8,10,random48_4,0.8,48,0.880146236
obj_10_pumpkin3,1.0,8,100,random48_0,0.1,14,9.26870949
obj_10_pumpkin3,1.0,8,100,random48_0,0.2,28,13.7817192
obj_10_pumpkin3,1.0,8,100,random48_0,0.4,48,0.101752946
obj_10_pumpkin3,1.0,8,100,random48_0,0.6,48,0.101752946
obj_10_pumpkin3,1.0,8,100,random48_0,0.8,48,0.101752946
obj_10_pumpkin3,1.0,8,100,random48_1,0.1,14,10.0683584
obj_10_pumpkin3,1.0,8,100,random48_1,0.2,28,2.34409157
obj_10_pumpkin3,1.0,8,100,random48_1,0.4,48,0.101752946
obj_10_pumpkin3,1.0,8,100,random48_1,0.6,48,0.101752946
obj_10_pumpkin3,1.0,8,100,random48_1,0.8,48,0.101752946
obj_10_pumpkin3,1.0,8,100,random48_2,0.1,14,6.24726253
obj_10_pumpkin3,1.0,8,100,random48_2,0.2,28,6.46238982
obj_10_pumpkin3,1.0,8,100,random48_2,0.4,48,0.101752946
obj_10_pumpkin3,1.0,8,100,random48_2,0.6,48,0.101752946
obj_10_pumpkin3,1.0,8,100,random48_2,0.8,48,0.101752946
obj_10_pumpkin3,1.0,8,100,random48_3,0.1,14,6.36938682
obj_10_pumpkin3,1.0,8,100,random48_3,0.2,28,3.27292053
obj_10_pumpkin3,1.0,8,100,random48_3,0.4,48,0.101752946
obj_10_pumpkin3,1.0,8,100,random48_3,0.6,48,0.101752946
obj_10_pumpkin3,1.0,8,100,random48_3,0.8,48,0.101752946
obj_10_pumpkin3,1.0,8,100,random48_4,0.1,14,1.45160173
obj_10_pumpkin3,1.0,8,100,random48_4,0.2,28,1.01218813
obj_10_pumpkin3,1.0,8,100,random48_4,0.4,48,0.101752946
obj_10_pumpkin3,1.0,8,100,random48_4,0.6,48,0.101752946
obj_10_pumpkin3,1.0,8,100,random48_4,0.8,48,0.101752946
obj_10_pumpkin3,1.0,9,10,random48_0,0.1,14,5.06091043
obj_10_pumpkin3,1.0,9,10,random48_0,0.2,28,3.54272773
obj_10_pumpkin3,1.0,9,10,random48_0,0.4,48,1.33699119
obj_10_pumpkin3,1.0,9,10,random48_0,0.6,48,1.33699119
obj_10_pumpkin3,1.0,9,10,random48_0,0.8,48,1.33699119
obj_10_pumpkin3,1.0,9,10,random48_1,0.1,14,5.59282875
obj_10_pumpkin3,1.0,9,10,random48_1,0.2,28,3.9918193
obj_10_pumpkin3,1.0,9,10,random48_1,0.4,48,1.33699119
obj_10_pumpkin3,1.0,9,10,random48_1,0.6,48,1.33699119
obj_10_pumpkin3,1.0,9,10,random48_1,0.8,48,1.33699119
obj_10_pumpkin3,1.0,9,10,random48_2,0.1,14,4.86475509
obj_10_pumpkin3,1.0,9,10,random48_2,0.2,28,4.30235107
obj_10_pumpkin3,1.0,9,10,random48_2,0.4,48,1.33699119
obj_10_pumpkin3,1.0,9,10,random48_2,0.6,48,1.33699119
obj_10_pumpkin3,1.0,9,10,random48_2,0.8,48,1.33699119
obj_10_pumpkin3,1.0,9,10,random48_3,0.1,14,3.67570057
obj_10_pumpkin3,1.0,9,10,random48_3,0.2,28,4.39792937
obj_10_pumpkin3,1.0,9,10,random48_3,0.4,48,1.33699119
obj_10_pumpkin3,1.0,9,10,random48_3,0.6,48,1.33699119
obj_10_pumpkin3,1.0,9,10,random48_3,0.8,48,1.33699119
obj_10_pumpkin3,1.0,9,10,random48_4,0.1,14,5.32952859
obj_10_pumpkin3,1.0,9,10,random48_4,0.2,28,2.71017035
obj_10_pumpkin3,1.0,9,10,random48_4,0.4,48,1.33699119
obj_10_pumpkin3,1.0,9,10,random48_4,0.6,48,1.33699119
obj_10_pumpkin3,1.0,9,10,random48_4,0.8,48,1.33699119
obj_10_pumpkin3,1.0,9,100,random48_0,0.1,14,3.65686624
obj_10_pumpkin3,1.0,9,100,random48_0,0.2,28,2.66130961
obj_10_pumpkin3,1.0,9,100,random48_0,0.4,48,0.129642104
obj_10_pumpkin3,1.0,9,100,random48_0,0.6,48,0.129642104
obj_10_pumpkin3,1.0,9,100,random48_0,0.8,48,0.129642104
obj_10_pumpkin3,1.0,9,100,random48_1,0.1,14,3.20528639
obj_10_pumpkin3,1.0,9,100,random48_1,0.2,28,1.42609675
obj_10_pumpkin3,1.0,9,100,random48_1,0.4,48,0.129642104
obj_10_pumpkin3,1.0,9,100,random48_1,0.6,48,0.129642104
obj_10_pumpkin3,1.0,9,100,random48_1,0.8,48,0.129642104
obj_10_pumpkin3,1.0,9,100,random48_2,0.1,14,3.6708122
obj_10_pumpkin3,1.0,9,100,random48_2,0.2,28,2.9880656
obj_10_pumpkin3,1.0,9,100,random48_2,0.4,48,0.129642104
obj_10_pumpkin3,1.0,9,100,random48_2,0.6,48,0.129642104
obj_10_pumpkin3,1.0,9,100,random48_2,0.8,48,0.129642104
obj_10_pumpkin3,1.0,9,100,random48_3,0.1,14,3.55215995
obj_10_pumpkin3,1.0,9,100,random48_3,0.2,28,3.01035097
obj_10_pumpkin3,1.0,9,100,random48_3,0.4,48,0.129642104
obj_10_pumpkin3,1.0,9,100,random48_3,0.6,48,0.129642104
obj_10_pumpkin3,1.0,9,100,random48_3,0.8,48,0.129642104
obj_10_pumpkin3,1.0,9,100,random48_4,0.1,14,3.51810031
obj_10_pumpkin3,1.0,9,100,random48_4,0.2,28,3.99190709
obj_10_pumpkin3,1.0,9,100,random48_4,0.4,48,0.129642104
obj_10_pumpkin3,1.0,9,100,random48_4,0.6,48,0.129642104
obj_10_pumpkin3,1.0,9,100,random48_4,0.8,48,0.129642104
obj_11_pine,0.2,0,10,random48_0,0.1,14,0.0106354733
obj_11_pine,0.2,0,10,random48_0,0.2,28,0.00621857932
obj_11_pine,0.2,0,10,random48_0,0.4,48,0.0022431356
obj_11_pine,0.2,0,10,random48_0,0.6,48,0.0022431356
obj_11_pine,0.2,0,10,random48_0,0.8,48,0.0022431356
obj_11_pine,0.2,0,10,random48_1,0.1,14,0.022990844
obj_11_pine,0.2,0,10,random48_1,0.2,28,0.0115126612
obj_11_pine,0.2,0,10,random48_1,0.4,48,0.0022431356
obj_11_pine,0.2,0,10,random48_1,0.6,48,0.0022431356
obj_11_pine,0.2,0,10,random48_1,0.8,48,0.0022431356
obj_11_pine,0.2,0,10,random48_2,0.1,14,0.0189511523
obj_11_pine,0.2,0,10,random48_2,0.2,28,0.0293649268
obj_11_pine,0.2,0,10,random48_2,0.4,48,0.0022431356
obj_11_pine,0.2,0,10,random48_2,0.6,48,0.0022431356
obj_11_pine,0.2,0,10,random48_2,0.8,48,0.0022431356
obj_11_pine,0.2,0,10,random48_3,0.1,14,0.0178909981
obj_11_pine,0.2,0,10,random48_3,0.2,28,0.0055474615
obj_11_pine,0.2,0,10,random48_3,0.4,48,0.0022431356
obj_11_pine,0.2,0,10,random48_3,0.6,48,0.0022431356
obj_11_pine,0.2,0,10,random48_3,0.8,48,0.0022431356
obj_11_pine,0.2,0,10,random48_4,0.1,14,0.0082585052
obj_11_pine,0.2,0,10,random48_4,0.2,28,0.010262212
obj_11_pine,0.2,0,10,random48_4,0.4,48,0.0022431356
obj_11_pine,0.2,0,10,random48_4,0.6,48,0.0022431356
obj_11_pine,0.2,0,10,random48_4,0.8,48,0.0022431356
obj_11_pine,0.2,0,100,random48_0,0.1,14,0.0246360303
obj_11_pine,0.2,0,100,random48_0,0.2,28,0.0102015677
obj_11_pine,0.2,0,100,random48_0,0.4,48,0.000279002846
obj_11_pine,0.2,0,100,random48_0,0.6,48,0.000279002846
obj_11_pine,0.2,0,100,random48_0,0.8,48,0.000279002846
obj_11_pine,0.2,0,100,random48_1,0.1,14,0.00610273828
obj_11_pine,0.2,0,100,random48_1,0.2,28,0.00556877947
obj_11_pine,0.2,0,100,random48_1,0.4,48,0.000279002846
obj_11_pine,0.2,0,100,random48_1,0.6,48,0.000279002846
obj_11_pine,0.2,0,100,random48_1,0.8,48,0.000279002846
obj_11_pine,0.2,0,100,random48_2,0.1,14,0.0779662727
obj_11_pine,0.2,0,100,random48_2,0.2,28,0.0605902895
obj_11_pine,0.2,0,100,random48_2,0.4,48,0.000279002846
obj_11_pine,0.2,0,100,random48_2,0.6,48,0.000279002846
obj_11_pine,0.2,0,100,random48_2,0.8,48,0.000279002846
obj_11_pine,0.2,0,100,random48_3,0.1,14,0.0216871314
obj_11_pine,0.2,0,100,random48_3,0.2,28,0.00683484938
obj_11_pine,0.2,0,100,random48_3,0.4,48,0.000279002846
obj_11_pine,0.2,0,100,random48_3,0.6,48,0.000279002846
obj_11_pine,0.2,0,100,random48_3,0.8,48,0.000279002846
obj_11_pine,0.2,0,100,random48_4,0.1,14,0.0096471972
obj_11_pine,0.2,0,100,random48_4,0.2,28,0.0316516221
obj_11_pine,0.2,0,100,random48_4,0.4,48,0.000279002846
obj_11_pine,0.2,0,100,random48_4,0.6,48,0.000279002846
obj_11_pine,0.2,0,100,random48_4,0.8,48,0.000279002846
obj_11_pine,0.2,1,10,random48_0,0.1,14,0.0274394639
obj_11_pine,0.2,1,10,random48_0,0.2,28,0.0281898376
obj_11_pine,0.2,1,10,random48_0,0.4,48,0.00481167395
obj_11_pine,0.2,1,10,random48_0,0.6,48,0.00481167395
obj_11_pine,0.2,1,10,random48_0,0.8,48,0.00481167395
obj_11_pine,0.2,1,10,random48_1,0.1,14,0.0263238112
obj_11_pine,0.2,1,10,random48_1,0.2,28,0.0288938039
obj_11_pine,0.2,1,10,random48_1,0.4,48,0.00481167395
obj_11_pine,0.2,1,10,random48_1,0.6,48,0.00481167395
obj_11_pine,0.2,1,10,random48_1,0.8,48,0.00481167395
obj_11_pine,0.2,1,10,random48_2,0.1,14,0.0506159187
obj_11_pine,0.2,1,10,random48_2,0.2,28,0.023269033
obj_11_pine,0.2,1,10,random48_2,0.4,48,0.00481167395
obj_11_pine,0.2,1,10,random48_2,0.6,48,0.00481167395
obj_11_pine,0.2,1,10,random48_2,0.8,48,0.00481167395
obj_11_pine,0.2,1,10,random48_3,0.1,14,0.0549315219
obj_11_pine,0.2,1,10,random48_3,0.2,28,0.0163109313
obj_11_pine,0.2,1,10,random48_3,0.4,48,0.00481167395
obj_11_pine,0.2,1,10,random48_3,0.6,48,0.00481167395
obj_11_pine,0.2,1,10,random48_3,0.8,48,0.00481167395
obj_11_pine,0.2,1,10,random48_4,0.1,14,0.0457752979
obj_11_pine,0.2,1,10,random48_4,0.2,28,0.0337020096
obj_11_pine,0.2,1,10,random48_4,0.4,48,0.00481167395
obj_11_pine,0.2,1,10,random48_4,0.6,48,0.00481167395
obj_11_pine,0.2,1,10,random48_4,0.8,48,0.00481167395
obj_11_pine,0.2,1,100,random48_0,0.1,14,0.029334044
obj_11_pine,0.2,1,100,random48_0,0.2,28,0.0207233021
obj_11_pine,0.2,1,100,random48_0,0.4,48,0.00043000744
obj_11_pine,0.2,1,100,random48_0,0.6,48,0.00043000744
obj_11_pine,0.2,1,100,random48_0,0.8,48,0.00043000744
obj_11_pine,0.2,1,100,random48_1,0.1,14,0.0287968567
obj_11_pine,0.2,1,100,random48_1,0.2,28,0.00250653852
obj_11_pine,0.2,1,100,random48_1,0.4,48,0.00043000744
obj_11_pine,0.2,1,100,random48_1,0.6,48,0.00043000744
obj_11_pine,0.2,1,100,random48_1,0.8,48,0.00043000744
obj_11_pine,0.2,1,100,random48_2,0.1,14,0.0150310242
obj_11_pine,0.2,1,100,random48_2,0.2,28,0.0357018243
obj_11_pine,0.2,1,100,random48_2,0.4,48,0.00043000744
obj_11_pine,0.2,1,100,random48_2,0.6,48,0.00043000744
obj_11_pine,0.2,1,100,random48_2,0.8,48,0.00043000744
obj_11_pine,0.2,1,100,random48_3,0.1,14,0.0467026301
obj_11_pine,0.2,1,100,random48_3,0.2,28,0.0590213614
obj_11_pine,0.2,1,100,random48_3,0.4,48,0.00043000744
obj_11_pine,0.2,1,100,random48_3,0.6,48,0.00043000744
obj_11_pine,0.2,1,100,random48_3,0.8,48,0.00043000744
obj_11_pine,0.2,1,100,random48_4,0.1,14,0.048441075
obj_11_pine,0.2,1,100,random48_4,0.2,28,0.00295063505
obj_11_pine,0.2,1,100,random48_4,0.4,48,0.00043000744
obj_11_pine,0.2,1,100,random48_4,0.6,48,0.00043000744
obj_11_pine,0.2,1,100,random48_4,0.8,48,0.00043000744
obj_11_pine,0.2,2,10,random48_0,0.1,14,0.0833166057
obj_11_pine,0.2,2,10,random48_0,0.2,28,0.0803333586
obj_11_pine,0.2,2,10,random48_0,0.4,48,0.00875784661
obj_11_pine,0.2,2,10,random48_0,0.6,48,0.00875784661
obj_11_pine,0.2,2,10,random48_0,0.8,48,0.00875784661
obj_11_pine,0.2,2,10,random48_1,0.1,14,0.0940099858
obj_11_pine,0.2,2,10,random48_1,0.2,28,0.07280723
obj_11_pine,0.2,2,10,random48_1,0.4,48,0.00875784661
obj_11_pine,0.2,2,10,random48_1,0.6,48,0.00875784661
obj_11_pine,0.2,2,10,random48_1,0.8,48,0.00875784661
obj_11_pine,0.2,2,10,random48_2,0.1,14,0.102455578
obj_11_pine,0.2,2,10,random48_2,0.2,28,0.0394089236
obj_11_pine,0.2,2,10,random48_2,0.4,48,0.00875784661
obj_11_pine,0.2,2,10,random48_2,0.6,48,0.00875784661
obj_11_pine,0.2,2,10,random48_2,0.8,48,0.00875784661
obj_11_pine,0.2,2,10,random48_3,0.1,14,0.0730632866
obj_11_pine,0.2,2,10,random48_3,0.2,28,0.0132036948
obj_11_pine,0.2,2,10,random48_3,0.4,48,0.00875784661
obj_11_pine,0.2,2,10,random48_3,0.6,48,0.00875784661
obj_11_pine,0.2,2,10,random48_3,0.8,48,0.00875784661
obj_11_pine,0.2,2,10,random48_4,0.1,14,0.0683778212
obj_11_pine,0.2,2,10,random48_4,0.2,28,0.055766154
obj_11_pine,0.2,2,10,random48_4,0.4,48,0.00875784661
obj_11_pine,0.2,2,10,random48_4,0.6,48,0.00875784661
obj_11_pine,0.2,2,10,random48_4,0.8,48,0.00875784661
obj_11_pine,0.2,2,100,random48_0,0.1,14,0.0774917103
obj_11_pine,0.2,2,100,random48_0,0.2,28,0.0539776806
obj_11_pine,0.2,2,100,random48_0,0.4,48,0.00096015782
obj_11_pine,0.2,2,100,random48_0,0.6,48,0.00096015782
obj_11_pine,0.2,2,100,random48_0,0.8,48,0.00096015782
obj_11_pine,0.2,2,100,random48_1,0.1,14,0.0454553055
obj_11_pine,0.2,2,100,random48_1,0.2,28,0.0194072609
obj_11_pine,0.2,2,100,random48_1,0.4,48,0.00096015782
obj_11_pine,0.2,2,100,random48_1,0.6,48,0.00096015782
obj_11_pine,0.2,2,100,random48_1,0.8,48,0.00096015782
obj_11_pine,0.2,2,100,random48_2,0.1,14,0.0506743388
obj_11_pine,0.2,2,100,random48_2,0.2,28,0.0114084342
obj_11_pine,0.2,2,100,random48_2,0.4,48,0.00096015782
obj_11_pine,0.2,2,100,random48_2,0.6,48,0.00096015782
obj_11_pine,0.2,2,100,random48_2,0.8,48,0.00096015782
obj_11_pine,0.2,2,100,random48_3,0.1,14,0.0490237172
obj_11_pine,0.2,2,100,random48_3,0.2,28,0.0159884869
obj_11_pine,0.2,2,100,random48_3,0.4,48,0.00096015782
obj_11_pine,0.2,2,100,random48_3,0.6,48,0.00096015782
obj_11_pine,0.2,2,100,random48_3,0.8,48,0.00096015782
obj_11_pine,0.2,2,100,random48_4,0.1,14,0.0178529927
obj_11_pine,0.2,2,100,random48_4,0.2,28,0.00545024118
obj_11_pine,0.2,2,100,random48_4,0.4,48,0.00096015782
obj_11_pine,0.2,2,100,random48_4,0.6,48,0.00096015782
obj_11_pine,0.2,2,100,random48_4,0.8,48,0.00096015782
obj_11_pine,0.2,3,10,random48_0,0.1,14,0.00522143428
obj_11_pine,0.2,3,10,random48_0,0.2,28,0.00236233453
obj_11_pine,0.2,3,10,random48_0,0.4,48,0.00170444717
obj_11_pine,0.2,3,10,random48_0,0.6,48,0.00170444717
obj_11_pine,0.2,3,10,random48_0,0.8,48,0.00170444717
obj_11_pine,0.2,3,10,random48_1,0.1,14,0.0133776085
obj_11_pine,0.2,3,10,random48_1,0.2,28,0.0138876366
obj_11_pine,0.2,3,10,random48_1,0.4,48,0.00170444717
obj_11_pine,0.2,3,10,random48_1,0.6,48,0.00170444717
obj_11_pine,0.2,3,10,random48_1,0.8,48,0.00170444717
obj_11_pine,0.2,3,10,random48_2,0.1,14,0.0111241098
obj_11_pine,0.2,3,10,random48_2,0.2,28,0.0115936809
obj_11_pine,0.2,3,10,random48_2,0.4,48,0.00170444717
obj_11_pine,0.2,3,10,random48_2,0.6,48,0.00170444717
obj_11_pine,0.2,3,10,random48_2,0.8,48,0.00170444717
obj_11_pine,0.2,3,10,random48_3,0.1,14,0.0162255176
obj_11_pine,0.2,3,10,random48_3,0.2,28,0.0352662699
obj_11_pine,0.2,3,10,random48_3,0.4,48,0.00170444717
obj_11_pine,0.2,3,10,random48_3,0.6,48,0.00170444717
obj_11_pine,0.2,3,10,random48_3,0.8,48,0.00170444717
obj_11_pine,0.2,3,10,random48_4,0.1,14,0.00211933417
obj_11_pine,0.2,3,10,random48_4,0.2,28,0.00245269787
obj_11_pine,0.2,3,10,random48_4,0.4,48,0.00170444717
obj_11_pine,0.2,3,10,random48_4,0.6,48,0.00170444717
obj_11_pine,0.2,3,10,random48_4,0.8,48,0.00170444717
obj_11_pine,0.2,3,100,random48_0,0.1,14,0.00878581489
obj_11_pine,0.2,3,100,random48_0,0.2,28,0.00332967049
obj_11_pine,0.2,3,100,random48_0,0.4,48,0.000164126436
obj_11_pine,0.2,3,100,random48_0,0.6,48,0.000164126436
obj_11_pine,0.2,3,100,random48_0,0.8,48,0.000164126436
obj_11_pine,0.2,3,100,random48_1,0.1,14,0.00767449407
obj_11_pine,0.2,3,100,random48_1,0.2,28,0.00444983872
obj_11_pine,0.2,3,100,random48_1,0.4,48,0.000164126436
obj_11_pine,0.2,3,100,random48_1,0.6,48,0.000164126436
obj_11_pine,0.2,3,100,random48_1,0.8,48,0.000164126436
obj_11_pine,0.2,3,100,random48_2,0.1,14,0.0136506628
obj_11_pine,0.2,3,100,random48_2,0.2,28,0.0173860852
obj_11_pine,0.2,3,100,random48_2,0.4,48,0.000164126436
obj_11_pine,0.2,3,100,random48_2,0.6,48,0.000164126436
obj_11_pine,0.2,3,100,random48_2,0.8,48,0.000164126436
obj_11_pine,0.2,3,100,random48_3,0.1,14,0.00852103136
obj_11_pine,0.2,3,100,random48_3,0.2,28,0.0126768719
obj_11_pine,0.2,3,100,random48_3,0.4,48,0.000164126436
obj_11_pine,0.2,3,100,random48_3,0.6,48,0.000164126436
obj_11_pine,0.2,3,100,random48_3,0.8,48,0.000164126436
obj_11_pine,0.2,3,100,random48_4,0.1,14,0.0193342622
obj_11_pine,0.2,3,100,random48_4,0.2,28,0.01600681
obj_11_pine,0.2,3,100,random48_4,0.4,48,0.000164126436
obj_11_pine,0.2,3,100,random48_4,0.6,48,0.000164126436
obj_11_pine,0.2,3,100,random48_4,0.8,48,0.000164126436
obj_11_pine,0.2,4,10,random48_0,0.1,14,0.0254627247
obj_11_pine,0.2,4,10,random48_0,0.2,28,0.0114166132
obj_11_pine,0.2,4,10,random48_0,0.4,48,0.00309841251
obj_11_pine,0.2,4,10,random48_0,0.6,48,0.00309841251
obj_11_pine,0.2,4,10,random48_0,0.8,48,0.00309841251
obj_11_pine,0.2,4,10,random48_1,0.1,14,0.0126982093
obj_11_pine,0.2,4,10,random48_1,0.2,28,0.013200258
obj_11_pine,0.2,4,10,random48_1,0.4,48,0.00309841251
obj_11_pine,0.2,4,10,random48_1,0.6,48,0.00309841251
obj_11_pine,0.2,4,10,random48_1,0.8,48,0.00309841251
obj_11_pine,0.2,4,10,random48_2,0.1,14,0.0265024717
obj_11_pine,0.2,4,10,random48_2,0.2,28,0.0138452584
obj_11_pine,0.2,4,10,random48_2,0.4,48,0.00309841251
obj_11_pine,0.2,4,10,random48_2,0.6,48,0.00309841251
obj_11_pine,0.2,4,10,random48_2,0.8,48,0.00309841251
obj_11_pine,0.2,4,10,random48_3,0.1,14,0.0326436376
obj_11_pine,0.2,4,10,random48_3,0.2,28,0.0159645735
obj_11_pine,0.2,4,10,random48_3,0.4,48,0.00309841251
obj_11_pine,0.2,4,10,random48_3,0.6,48,0.00309841251
obj_11_pine,0.2,4,10,random48_3,0.8,48,0.00309841251
obj_11_pine,0.2,4,10,random48_4,0.1,14,0.0303446516
obj_11_pine,0.2,4,10,random48_4,0.2,28,0.0261415782
obj_11_pine,0.2,4,10,random48_4,0.4,48,0.00309841251
obj_11_pine,0.2,4,10,random48_4,0.6,48,0.00309841251
obj_11_pine,0.2,4,10,random48_4,0.8,48,0.00309841251
obj_11_pine,0.2,4,100,random48_0,0.1,14,0.0158698356
obj_11_pine,0.2,4,100,random48_0,0.2,28,0.00797858053
obj_11_pine,0.2,4,100,random48_0,0.4,48,0.000318534707
obj_11_pine,0.2,4,100,random48_0,0.6,48,0.000318534707
obj_11_pine,0.2,4,100,random48_0,0.8,48,0.000318534707
obj_11_pine,0.2,4,100,random48_1,0.1,14,0.00864836902
obj_11_pine,0.2,4,100,random48_1,0.2,28,0.00534154842
obj_11_pine,0.2,4,100,random48_1,0.4,48,0.000318534707
obj_11_pine,0.2,4,100,random48_1,0.6,48,0.000318534707
obj_11_pine,0.2,4,100,random48_1,0.8,48,0.000318534707
obj_11_pine,0.2,4,100,random48_2,0.1,14,0.0221206773
obj_11_pine,0.2,4,100,random48_2,0.2,28,0.0334915583
obj_11_pine,0.2,4,100,random48_2,0.4,48,0.000318534707
obj_11_pine,0.2,4,100,random48_2,0.6,48,0.000318534707
obj_11_pine,0.2,4,100,random48_2,0.8,48,0.000318534707
obj_11_pine,0.2,4,100,random48_3,0.1,14,0.0254872337
obj_11_pine,0.2,4,100,random48_3,0.2,28,0.0261798022
obj_11_pine,0.2,4,100,random48_3,0.4,48,0.000318534707
obj_11_pine,0.2,4,100,random48_3,0.6,48,0.000318534707
obj_11_pine,0.2,4,100,random48_3,0.8,48,0.000318534707
obj_11_pine,0.2,4,100,random48_4,0.1,14,0.0220688118
obj_11_pine,0.2,4,100,random48_4,0.2,28,0.0181600658
obj_11_pine,0.2,4,100,random48_4,0.4,48,0.000318534707
obj_11_pine,0.2,4,100,random48_4,0.6,48,0.000318534707
obj_11_pine,0.2,4,100,random48_4,0.8,48,0.000318534707
obj_11_pine,0.2,5,10,random48_0,0.1,14,0.00644238922
obj_11_pine,0.2,5,10,random48_0,0.2,28,0.00505888964
obj_11_pine,0.2,5,10,random48_0,0.4,48,0.00150469114
obj_11_pine,0.2,5,10,random48_0,0.6,48,0.00150469114
obj_11_pine,0.2,5,10,random48_0,0.8,48,0.00150469114
obj_11_pine,0.2,5,10,random48_1,0.1,14,0.00423036768
obj_11_pine,0.2,5,10,random48_1,0.2,28,0.000739343868
obj_11_pine,0.2,5,10,random48_1,0.4,48,0.00150469114
obj_11_pine,0.2,5,10,random48_1,0.6,48,0.00150469114
obj_11_pine,0.2,5,10,random48_1,0.8,48,0.00150469114
obj_11_pine,0.2,5,10,random48_2,0.1,14,0.00807810461
obj_11_pine,0.2,5,10,random48_2,0.2,28,0.0114237622
obj_11_pine,0.2,5,10,random48_2,0.4,48,0.00150469114
obj_11_pine,0.2,5,10,random48_2,0.6,48,0.00150469114
obj_11_pine,0.2,5,10,random48_2,0.8,48,0.00150469114
obj_11_pine,0.2,5,10,random48_3,0.1,14,0.0115810027
obj_11_pine,0.2,5,10,random48_3,0.2,28,0.00950370703
obj_11_pine,0.2,5,10,random48_3,0.4,48,0.00150469114
obj_11_pine,0.2,5,10,random48_3,0.6,48,0.00150469114
obj_11_pine,0.2,5,10,random48_3,0.8,48,0.00150469114
obj_11_pine,0.2,5,10,random48_4,0.1,14,0.0148726942
obj_11_pine,0.2,5,10,random48_4,0.2,28,0.0150751963
obj_11_pine,0.2,5,10,random48_4,0.4,48,0.00150469114
obj_11_pine,0.2,5,10,random48_4,0.6,48,0.00150469114
obj_11_pine,0.2,5,10,random48_4,0.8,48,0.00150469114
obj_11_pine,0.2,5,100,random48_0,0.1,14,0.0119024025
obj_11_pine,0.2,5,100,random48_0,0.2,28,0.00457926166
obj_11_pine,0.2,5,100,random48_0,0.4,48,0.000119696664
obj_11_pine,0.2,5,100,random48_0,0.6,48,0.000119696664
obj_11_pine,0.2,5,100,random48_0,0.8,48,0.000119696664
obj_11_pine,0.2,5,100,random48_1,0.1,14,0.0109498007
obj_11_pine,0.2,5,100,random48_1,0.2,28,0.00759128184
obj_11_pine,0.2,5,100,random48_1,0.4,48,0.000119696664
obj_11_pine,0.2,5,100,random48_1,0.6,48,0.000119696664
obj_11_pine,0.2,5,100,random48_1,0.8,48,0.000119696664
obj_11_pine,0.2,5,100,random48_2,0.1,14,0.0138543406
obj_11_pine,0.2,5,100,random48_2,0.2,28,0.0129507548
obj_11_pine,0.2,5,100,random48_2,0.4,48,0.000119696664
obj_11_pine,0.2,5,100,random48_2,0.6,48,0.000119696664
obj_11_pine,0.2,5,100,random48_2,0.8,48,0.000119696664
obj_11_pine,0.2,5,100,random48_3,0.1,14,0.0268323294
obj_11_pine,0.2,5,100,random48_3,0.2,28,0.0183683192
obj_11_pine,0.2,5,100,random48_3,0.4,48,0.000119696664
obj_11_pine,0.2,5,100,random48_3,0.6,48,0.000119696664
obj_11_pine,0.2,5,100,random48_3,0.8,48,0.000119696664
obj_11_pine,0.2,5,100,random48_4,0.1,14,0.0193680616
obj_11_pine,0.2,5,100,random48_4,0.2,28,0.00544872489
obj_11_pine,0.2,5,100,random48_4,0.4,48,0.000119696664
obj_11_pine,0.2,5,100,random48_4,0.6,48,0.000119696664
obj_11_pine,0.2,5,100,random48_4,0.8,48,0.000119696664
obj_11_pine,0.2,6,10,random48_0,0.1,14,0.0269576419
obj_11_pine,0.2,6,10,random48_0,0.2,28,0.0235591738
obj_11_pine,0.2,6,10,random48_0,0.4,48,0.00394985563
obj_11_pine,0.2,6,10,random48_0,0.6,48,0.00394985563
obj_11_pine,0.2,6,10,random48_0,0.8,48,0.00394985563
obj_11_pine,0.2,6,10,random48_1,0.1,14,0.0385858963
obj_11_pine,0.2,6,10,random48_1,0.2,28,0.0307795302
obj_11_pine,0.2,6,10,random48_1,0.4,48,0.00394985563
obj_11_pine,0.2,6,10,random48_1,0.6,48,0.00394985563
obj_11_pine,0.2,6,10,random48_1,0.8,48,0.00394985563
obj_11_pine,0.2,6,10,random48_2,0.1,14,0.0328771637
obj_11_pine,0.2,6,10,random48_2,0.2,28,0.0102166281
obj_11_pine,0.2,6,10,random48_2,0.4,48,0.00394985563
obj_11_pine,0.2,6,10,random48_2,0.6,48,0.00394985563
obj_11_pine,0.2,6,10,random48_2,0.8,48,0.00394985563
obj_11_pine,0.2,6,10,random48_3,0.1,14,0.0312651205
obj_11_pine,0.2,6,10,random48_3,0.2,28,0.013763845
obj_11_pine,0.2,6,10,random48_3,0.4,48,0.00394985563
obj_11_pine,0.2,6,10,random48_3,0.6,48,0.00394985563
obj_11_pine,0.2,6,10,random48_3,0.8,48,0.00394985563
obj_11_pine,0.2,6,10,random48_4,0.1,14,0.0309687066
obj_11_pine,0.2,6,10,random48_4,0.2,28,0.0221559123
obj_11_pine,0.2,6,10,random48_4,0.4,48,0.00394985563
obj_11_pine,0.2,6,10,random48_4,0.6,48,0.00394985563
obj_11_pine,0.2,6,10,random48_4,0.8,48,0.00394985563
obj_11_pine,0.2,6,100,random48_0,0.1,14,0.0352691947
obj_11_pine,0.2,6,100,random48_0,0.2,28,0.00786918454
obj_11_pine,0.2,6,100,random48_0,0.4,48,0.000394791837
obj_11_pine,0.2,6,100,random48_0,0.6,48,0.000394791837
obj_11_pine,0.2,6,100,random48_0,0.8,48,0.000394791837
obj_11_pine,0.2,6,100,random48_1,0.1,14,0.0264065541
obj_11_pine,0.2,6,100,random48_1,0.2,28,0.00400325882
obj_11_pine,0.2,6,100,random48_1,0.4,48,0.000394791837
obj_11_pine,0.2,6,100,random48_1,0.6,48,0.000394791837
obj_11_pine,0.2,6,100,random48_1,0.8,48,0.000394791837
obj_11_pine,0.2,6,100,random48_2,0.1,14,0.037216298
obj_11_pine,0.2,6,100,random48_2,0.2,28,0.0290975139
obj_11_pine,0.2,6,100,random48_2,0.4,48,0.000394791837
obj_11_pine,0.2,6,100,random48_2,0.6,48,0.000394791837
obj_11_pine,0.2,6,100,random48_2,0.8,48,0.000394791837
obj_11_pine,0.2,6,100,random48_3,0.1,14,0.0420995382
obj_11_pine,0.2,6,100,random48_3,0.2,28,0.0328840206
obj_11_pine,0.2,6,100,random48_3,0.4,48,0.000394791837
obj_11_pine,0.2,6,100,random48_3,0.6,48,0.000394791837
obj_11_pine,0.2,6,100,random48_3,0.8,48,0.000394791837
obj_11_pine,0.2,6,100,random48_4,0.1,14,0.0173207015
obj_11_pine,0.2,6,100,random48_4,0.2,28,0.0040087353
obj_11_pine,0.2,6,100,random48_4,0.4,48,0.000394791837
obj_11_pine,0.2,6,100,random48_4,0.6,48,0.000394791837
obj_11_pine,0.2,6,100,random48_4,0.8,48,0.000394791837
obj_11_pine,0.2,7,10,random48_0,0.1,14,0.0222126341
obj_11_pine,0.2,7,10,random48_0,0.2,28,0.0169924655
obj_11_pine,0.2,7,10,random48_0,0.4,48,0.00332587511
obj_11_pine,0.2,7,10,random48_0,0.6,48,0.00332587511
obj_11_pine,0.2,7,10,random48_0,0.8,48,0.00332587511
obj_11_pine,0.2,7,10,random48_1,0.1,14,0.0166202645
obj_11_pine,0.2,7,10,random48_1,0.2,28,0.0104475512
obj_11_pine,0.2,7,10,random48_1,0.4,48,0.00332587511
obj_11_pine,0.2,7,10,random48_1,0.6,48,0.00332587511
obj_11_pine,0.2,7,10,random48_1,0.8,48,0.00332587511
obj_11_pine,0.2,7,10,random48_2,0.1,14,0.0153276186
obj_11_pine,0.2,7,10,random48_2,0.2,28,0.0171429527
obj_11_pine,0.2,7,10,random48_2,0.4,48,0.00332587511
obj_11_pine,0.2,7,10,random48_2,0.6,48,0.00332587511
obj_11_pine,0.2,7,10,random48_2,0.8,48,0.00332587511
obj_11_pine,0.2,7,10,random48_3,0.1,14,0.0393891459
obj_11_pine,0.2,7,10,random48_3,0.2,28,0.0383919538
obj_11_pine,0.2,7,10,random48_3,0.4,48,0.00332587511
obj_11_pine,0.2,7,10,random48_3,0.6,48,0.00332587511
obj_11_pine,0.2,7,10,random48_3,0.8,48,0.00332587511
obj_11_pine,0.2,7,10,random48_4,0.1,14,0.00824744387
obj_11_pine,0.2,7,10,random48_4,0.2,28,0.00486646542
obj_11_pine,0.2,7,10,random48_4,0.4,48,0.00332587511
obj_11_pine,0.2,7,10,random48_4,0.6,48,0.00332587511
obj_11_pine,0.2,7,10,random48_4,0.8,48,0.00332587511
obj_11_pine,0.2,7,100,random48_0,0.1,14,0.0225464037
obj_11_pine,0.2,7,100,random48_0,0.2,28,0.0163824769
obj_11_pine,0.2,7,100,random48_0,0.4,48,0.00040212109
obj_11_pine,0.2,7,100,random48_0,0.6,48,0.00040212109
obj_11_pine,0.2,7,100,random48_0,0.8,48,0.00040212109
obj_11_pine,0.2,7,100,random48_1,0.1,14,0.0195714233
obj_11_pine,0.2,7,100,random48_1,0.2,28,0.0190653784
obj_11_pine,0.2,7,100,random48_1,0.4,48,0.00040212109
obj_11_pine,0.2,7,100,random48_1,0.6,48,0.00040212109
obj_11_pine,0.2,7,100,random48_1,0.8,48,0.00040212109
obj_11_pine,0.2,7,100,random48_2,0.1,14,0.0182374328
obj_11_pine,0.2,7,100,random48_2,0.2,28,0.0168074394
obj_11_pine,0.2,7,100,random48_2,0.4,48,0.00040212109
obj_11_pine,0.2,7,100,random48_2,0.6,48,0.00040212109
obj_11_pine,0.2,7,100,random48_2,0.8,48,0.00040212109
obj_11_pine,0.2,7,100,random48_3,0.1,14,0.00423470066
obj_11_pine,0.2,7,100,random48_3,0.2,28,0.00775703131
obj_11_pine,0.2,7,100,random48_3,0.4,48,0.00040212109
obj_11_pine,0.2,7,100,random48_3,0.6,48,0.00040212109
obj_11_pine,0.2,7,100,random48_3,0.8,48,0.00040212109
obj_11_pine,0.2,7,100,random48_4,0.1,14,0.0400469305
obj_11_pine,0.2,7,100,random48_4,0.2,28,0.0171720198
obj_11_pine,0.2,7,100,random48_4,0.4,48,0.00040212109
obj_11_pine,0.2,7,100,random48_4,0.6,48,0.00040212109
obj_11_pine,0.2,7,100,random48_4,0.8,48,0.00040212109
obj_11_pine,0.2,8,10,random48_0,0.1,14,0.00156373121
obj_11_pine,0.2,8,10,random48_0,0.2,28,0.0019612365
obj_11_pine,0.2,8,10,random48_0,0.4,48,0.00109536771
obj_11_pine,0.2,8,10,random48_0,0.6,48,0.00109536771
obj_11_pine,0.2,8,10,random48_0,0.8,48,0.00109536771
obj_11_pine,0.2,8,10,random48_1,0.1,14,0.00465547854
obj_11_pine,0.2,8,10,random48_1,0.2,28,0.00814743068
obj_11_pine,0.2,8,10,random48_1,0.4,48,0.00109536771
obj_11_pine,0.2,8,10,random48_1,0.6,48,0.00109536771
obj_11_pine,0.2,8,10,random48_1,0.8,48,0.00109536771
obj_11_pine,0.2,8,10,random48_2,0.1,14,0.0134453362
obj_11_pine,0.2,8,10,random48_2,0.2,28,0.0107677929
obj_11_pine,0.2,8,10,random48_2,0.4,48,0.00109536771
obj_11_pine,0.2,8,10,random48_2,0.6,48,0.00109536771
obj_11_pine,0.2,8,10,random48_2,0.8,48,0.00109536771
obj_11_pine,0.2,8,10,random48_3,0.1,14,0.00221030659
obj_11_pine,0.2,8,10,random48_3,0.2,28,0.00197381138
obj_11_pine,0.2,8,10,random48_3,0.4,48,0.00109536771
obj_11_pine,0.2,8,10,random48_3,0.6,48,0.00109536771
obj_11_pine,0.2,8,10,random48_3,0.8,48,0.00109536771
obj_11_pine,0.2,8,10,random48_4,0.1,14,0.00836270717
obj_11_pine,0.2,8,10,random48_4,0.2,28,0.00732792245
obj_11_pine,0.2,8,10,random48_4,0.4,48,0.00109536771
obj_11_pine,0.2,8,10,random48_4,0.6,48,0.00109536771
obj_11_pine,0.2,8,10,random48_4,0.8,48,0.00109536771
obj_11_pine,0.2,8,100,random48_0,0.1,14,0.00394824222
obj_11_pine,0.2,8,100,random48_0,0.2,28,0.00688879299
obj_11_pine,0.2,8,100,random48_0,0.4,48,0.000122095497
obj_11_pine,0.2,8,100,random48_0,0.6,48,0.000122095497
obj_11_pine,0.2,8,100,random48_0,0.8,48,0.000122095497
obj_11_pine,0.2,8,100,random48_1,0.1,14,0.00539748885
obj_11_pine,0.2,8,100,random48_1,0.2,28,0.013963305
obj_11_pine,0.2,8,100,random48_1,0.4,48,0.000122095497
obj_11_pine,0.2,8,100,random48_1,0.6,48,0.000122095497
obj_11_pine,0.2,8,100,random48_1,0.8,48,0.000122095497
obj_11_pine,0.2,8,100,random48_2,0.1,14,0.0122218287
obj_11_pine,0.2,8,100,random48_2,0.2,28,0.0226475574
obj_11_pine,0.2,8,100,random48_2,0.4,48,0.000122095497
obj_11_pine,0.2,8,100,random48_2,0.6,48,0.000122095497
obj_11_pine,0.2,8,100,random48_2,0.8,48,0.000122095497
obj_11_pine,0.2,8,100,random48_3,0.1,14,0.00499017152
obj_11_pine,0.2,8,100,random48_3,0.2,28,0.00155131572
obj_11_pine,0.2,8,100,random48_3,0.4,48,0.000122095497
obj_11_pine,0.2,8,100,random48_3,0.6,48,0.000122095497
obj_11_pine,0.2,8,100,random48_3,0.8,48,0.000122095497
obj_11_pine,0.2,8,100,random48_4,0.1,14,0.0015757251
obj_11_pine,0.2,8,100,random48_4,0.2,28,0.000392767762
obj_11_pine,0.2,8,100,random48_4,0.4,48,0.000122095497
obj_11_pine,0.2,8,100,random48_4,0.6,48,0.000122095497
obj_11_pine,0.2,8,100,random48_4,0.8,48,0.000122095497
obj_11_pine,0.2,9,10,random48_0,0.1,14,0.0052594914
obj_11_pine,0.2,9,10,random48_0,0.2,28,0.00193440123
obj_11_pine,0.2,9,10,random48_0,0.4,48,0.000671698077
obj_11_pine,0.2,9,10,random48_0,0.6,48,0.000671698077
obj_11_pine,0.2,9,10,random48_0,0.8,48,0.000671698077
obj_11_pine,0.2,9,10,random48_1,0.1,14,0.00642380603
obj_11_pine,0.2,9,10,random48_1,0.2,28,0.00861564256
obj_11_pine,0.2,9,10,random48_1,0.4,48,0.000671698077
obj_11_pine,0.2,9,10,random48_1,0.6,48,0.000671698077
obj_11_pine,0.2,9,10,random48_1,0.8,48,0.000671698077
obj_11_pine,0.2,9,10,random48_2,0.1,14,0.00818869073
obj_11_pine,0.2,9,10,random48_2,0.2,28,0.0118562295
obj_11_pine,0.2,9,10,random48_2,0.4,48,0.000671698077
obj_11_pine,0.2,9,10,random48_2,0.6,48,0.000671698077
obj_11_pine,0.2,9,10,random48_2,0.8,48,0.000671698077
obj_11_pine,0.2,9,10,random48_3,0.1,14,0.00823235998
obj_11_pine,0.2,9,10,random48_3,0.2,28,0.00487086733
obj_11_pine,0.2,9,10,random48_3,0.4,48,0.000671698077
obj_11_pine,0.2,9,10,random48_3,0.6,48,0.000671698077
obj_11_pine,0.2,9,10,random48_3,0.8,48,0.000671698077
obj_11_pine,0.2,9,10,random48_4,0.1,14,0.00177263059
obj_11_pine,0.2,9,10,random48_4,0.2,28,0.00189839812
obj_11_pine,0.2,9,10,random48_4,0.4,48,0.000671698077
obj_11_pine,0.2,9,10,random48_4,0.6,48,0.000671698077
obj_11_pine,0.2,9,10,random48_4,0.8,48,0.000671698077
obj_11_pine,0.2,9,100,random48_0,0.1,14,0.00693074765
obj_11_pine,0.2,9,100,random48_0,0.2,28,0.004662649
obj_11_pine,0.2,9,100,random48_0,0.4,48,9.7151722e-05
obj_11_pine,0.2,9,100,random48_0,0.6,48,9.7151722e-05
obj_11_pine,0.2,9,100,random48_0,0.8,48,9.7151722e-05
obj_11_pine,0.2,9,100,random48_1,0.1,14,0.00340484683
obj_11_pine,0.2,9,100,random48_1,0.2,28,0.00153521809
obj_11_pine,0.2,9,100,random48_1,0.4,48,9.7151722e-05
obj_11_pine,0.2,9,100,random48_1,0.6,48,9.7151722e-05
obj_11_pine,0.2,9,100,random48_1,0.8,48,9.7151722e-05
obj_11_pine,0.2,9,100,random48_2,0.1,14,0.00680076681
obj_11_pine,0.2,9,100,random48_2,0.2,28,0.0104408695
obj_11_pine,0.2,9,100,random48_2,0.4,48,9.7151722e-05
obj_11_pine,0.2,9,100,random48_2,0.6,48,9.7151722e-05
obj_11_pine,0.2,9,100,random48_2,0.8,48,9.7151722e-05
obj_11_pine,0.2,9,100,random48_3,0.1,14,0.00707178634
obj_11_pine,0.2,9,100,random48_3,0.2,28,0.000234673586
obj_11_pine,0.2,9,100,random48_3,0.4,48,9.7151722e-05
obj_11_pine,0.2,9,100,random48_3,0.6,48,9.7151722e-05
obj_11_pine,0.2,9,100,random48_3,0.8,48,9.7151722e-05
obj_11_pine,0.2,9,100,random48_4,0.1,14,0.00755447535
obj_11_pine,0.2,9,100,random48_4,0.2,28,0.00807408075
obj_11_pine,0.2,9,100,random48_4,0.4,48,9.7151722e-05
obj_11_pine,0.2,9,100,random48_4,0.6,48,9.7151722e-05
obj_11_pine,0.2,9,100,random48_4,0.8,48,9.7151722e-05
obj_11_pine,0.5,0,10,random48_0,0.1,14,0.0441995399
obj_11_pine,0.5,0,10,random48_0,0.2,28,0.0323159206
obj_11_pine,0.5,0,10,random48_0,0.4,48,0.0118959151
obj_11_pine,0.5,0,10,random48_0,0.6,48,0.0118959151
obj_11_pine,0.5,0,10,random48_0,0.8,48,0.0118959151
obj_11_pine,0.5,0,10,random48_1,0.1,14,0.066160276
obj_11_pine,0.5,0,10,random48_1,0.2,28,0.0967423789
obj_11_pine,0.5,0,10,random48_1,0.4,48,0.0118959151
obj_11_pine,0.5,0,10,random48_1,0.6,48,0.0118959151
obj_11_pine,0.5,0,10,random48_1,0.8,48,0.0118959151
obj_11_pine,0.5,0,10,random48_2,0.1,14,0.0806758521
obj_11_pine,0.5,0,10,random48_2,0.2,28,0.0942764469
obj_11_pine,0.5,0,10,random48_2,0.4,48,0.0118959151
obj_11_pine,0.5,0,10,random48_2,0.6,48,0.0118959151
obj_11_pine,0.5,0,10,random48_2,0.8,48,0.0118959151
obj_11_pine,0.5,0,10,random48_3,0.1,14,0.125882737
obj_11_pine,0.5,0,10,random48_3,0.2,28,0.0690029523
obj_11_pine,0.5,0,10,random48_3,0.4,48,0.0118959151
obj_11_pine,0.5,0,10,random48_3,0.6,48,0.0118959151
obj_11_pine,0.5,0,10,random48_3,0.8,48,0.0118959151
obj_11_pine,0.5,0,10,random48_4,0.1,14,0.0751211795
obj_11_pine,0.5,0,10,random48_4,0.2,28,0.24430161
obj_11_pine,0.5,0,10,random48_4,0.4,48,0.0118959151
obj_11_pine,0.5,0,10,random48_4,0.6,48,0.0118959151
obj_11_pine,0.5,0,10,random48_4,0.8,48,0.0118959151
obj_11_pine,0.5,0,100,random48_0,0.1,14,0.0835937171
obj_11_pine,0.5,0,100,random48_0,0.2,28,0.0201008499
obj_11_pine,0.5,0,100,random48_0,0.4,48,0.00121061779
obj_11_pine,0.5,0,100,random48_0,0.6,48,0.00121061779
obj_11_pine,0.5,0,100,random48_0,0.8,48,0.00121061779
obj_11_pine,0.5,0,100,random48_1,0.1,14,0.0500366799
obj_11_pine,0.5,0,100,random48_1,0.2,28,0.0661637088
obj_11_pine,0.5,0,100,random48_1,0.4,48,0.00121061779
obj_11_pine,0.5,0,100,random48_1,0.6,48,0.00121061779
obj_11_pine,0.5,0,100,random48_1,0.8,48,0.00121061779
obj_11_pine,0.5,0,100,random48_2,0.1,14,0.0842466353
obj_11_pine,0.5,0,100,random48_2,0.2,28,0.0554902414
obj_11_pine,0.5,0,100,random48_2,0.4,48,0.00121061779
obj_11_pine,0.5,0,100,random48_2,0.6,48,0.00121061779
obj_11_pine,0.5,0,100,random48_2,0.8,48,0.00121061779
obj_11_pine,0.5,0,100,random48_3,0.1,14,0.148158053
obj_11_pine,0.5,0,100,random48_3,0.2,28,0.163226056
obj_11_pine,0.5,0,100,random48_3,0.4,48,0.00121061779
obj_11_pine,0.5,0,100,random48_3,0.6,48,0.00121061779
obj_11_pine,0.5,0,100,random48_3,0.8,48,0.00121061779
obj_11_pine,0.5,0,100,random48_4,0.1,14,0.13453502
obj_11_pine,0.5,0,100,random48_4,0.2,28,0.023380186
obj_11_pine,0.5,0,100,random48_4,0.4,48,0.00121061779
obj_11_pine,0.5,0,100,random48_4,0.6,48,0.00121061779
obj_11_pine,0.5,0,100,random48_4,0.8,48,0.00121061779
obj_11_pine,0.5,1,10,random48_0,0.1,14,0.143780685
obj_11_pine,0.5,1,10,random48_0,0.2,28,0.135165486
obj_11_pine,0.5,1,10,random48_0,0.4,48,0.0214483517
obj_11_pine,0.5,1,10,random48_0,0.6,48,0.0214483517
obj_11_pine,0.5,1,10,random48_0,0.8,48,0.0214483517
obj_11_pine,0.5,1,10,random48_1,0.1,14,0.12842178
obj_11_pine,0.5,1,10,random48_1,0.2,28,0.0546023539
obj_11_pine,0.5,1,10,random48_1,0.4,48,0.0214483517
obj_11_pine,0.5,1,10,random48_1,0.6,48,0.0214483517
obj_11_pine,0.5,1,10,random48_1,0.8,48,0.0214483517
obj_11_pine,0.5,1,10,random48_2,0.1,14,0.254124964
obj_11_pine,0.5,1,10,random48_2,0.2,28,0.118456799
obj_11_pine,0.5,1,10,random48_2,0.4,48,0.0214483517
obj_11_pine,0.5,1,10,random48_2,0.6,48,0.0214483517
obj_11_pine,0.5,1,10,random48_2,0.8,48,0.0214483517
obj_11_pine,0.5,1,10,random48_3,0.1,14,0.0821384153
obj_11_pine,0.5,1,10,random48_3,0.2,28,0.102881169
obj_11_pine,0.5,1,10,random48_3,0.4,48,0.0214483517
obj_11_pine,0.5,1,10,random48_3,0.6,48,0.0214483517
obj_11_pine,0.5,1,10,random48_3,0.8,48,0.0214483517
obj_11_pine,0.5,1,10,random48_4,0.1,14,0.139714953
obj_11_pine,0.5,1,10,random48_4,0.2,28,0.122536986
obj_11_pine,0.5,1,10,random48_4,0.4,48,0.0214483517
obj_11_pine,0.5,1,10,random48_4,0.6,48,0.0214483517
obj_11_pine,0.5,1,10,random48_4,0.8,48,0.0214483517
obj_11_pine,0.5,1,100,random48_0,0.1,14,0.164083023
obj_11_pine,0.5,1,100,random48_0,0.2,28,0.231240058
obj_11_pine,0.5,1,100,random48_0,0.4,48,0.00198299586
obj_11_pine,0.5,1,100,random48_0,0.6,48,0.00198299586
obj_11_pine,0.5,1,100,random48_0,0.8,48,0.00198299586
obj_11_pine,0.5,1,100,random48_1,0.1,14,0.0981621356
obj_11_pine,0.5,1,100,random48_1,0.2,28,0.0454351248
obj_11_pine,0.5,1,100,random48_1,0.4,48,0.00198299586
obj_11_pine,0.5,1,100,random48_1,0.6,48,0.00198299586
obj_11_pine,0.5,1,100,random48_1,0.8,48,0.00198299586
obj_11_pine,0.5,1,100,random48_2,0.1,14,0.0900617904
obj_11_pine,0.5,1,100,random48_2,0.2,28,0.131271453
obj_11_pine,0.5,1,100,random48_2,0.4,48,0.00198299586
obj_11_pine,0.5,1,100,random48_2,0.6,48,0.00198299586
obj_11_pine,0.5,1,100,random48_2,0.8,48,0.00198299586
obj_11_pine,0.5,1,100,random48_3,0.1,14,0.0915516273
obj_11_pine,0.5,1,100,random48_3,0.2,28,0.0801817924
obj_11_pine,0.5,1,100,random48_3,0.4,48,0.00198299586
obj_11_pine,0.5,1,100,random48_3,0.6,48,0.00198299586
obj_11_pine,0.5,1,100,random48_3,0.8,48,0.00198299586
obj_11_pine,0.5,1,100,random48_4,0.1,14,0.10708006
obj_11_pine,0.5,1,100,random48_4,0.2,28,0.0707179738
obj_11_pine,0.5,1,100,random48_4,0.4,48,0.00198299586
obj_11_pine,0.5,1,100,random48_4,0.6,48,0.00198299586
obj_11_pine,0.5,1,100,random48_4,0.8,48,0.00198299586
obj_11_pine,0.5,2,10,random48_0,0.1,14,0.182017018
obj_11_pine,0.5,2,10,random48_0,0.2,28,0.0670712488
obj_11_pine,0.5,2,10,random48_0,0.4,48,0.0248496877
obj_11_pine,0.5,2,10,random48_0,0.6,48,0.0248496877
obj_11_pine,0.5,2,10,random48_0,0.8,48,0.0248496877
obj_11_pine,0.5,2,10,random48_1,0.1,14,0.201882415
obj_11_pine,0.5,2,10,random48_1,0.2,28,0.0676547803
obj_11_pine,0.5,2,10,random48_1,0.4,48,0.0248496877
obj_11_pine,0.5,2,10,random48_1,0.6,48,0.0248496877
obj_11_pine,0.5,2,10,random48_1,0.8,48,0.0248496877
obj_11_pine,0.5,2,10,random48_2,0.1,14,0.190217708
obj_11_pine,0.5,2,10,random48_2,0.2,28,0.154955449
obj_11_pine,0.5,2,10,random48_2,0.4,48,0.0248496877
obj_11_pine,0.5,2,10,random48_2,0.6,48,0.0248496877
obj_11_pine,0.5,2,10,random48_2,0.8,48,0.0248496877
obj_11_pine,0.5,2,10,random48_3,0.1,14,0.146643237
obj_11_pine,0.5,2,10,random48_3,0.2,28,0.291254884
obj_11_pine,0.5,2,10,random48_3,0.4,48,0.0248496877
obj_11_pine,0.5,2,10,random48_3,0.6,48,0.0248496877
obj_11_pine,0.5,2,10,random48_3,0.8,48,0.0248496877
obj_11_pine,0.5,2,10,random48_4,0.1,14,0.176017139
obj_11_pine,0.5,2,10,random48_4,0.2,28,0.142016066
obj_11_pine,0.5,2,10,random48_4,0.4,48,0.0248496877
obj_11_pine,0.5,2,10,random48_4,0.6,48,0.0248496877
obj_11_pine,0.5,2,10,random48_4,0.8,48,0.0248496877
obj_11_pine,0.5,2,100,random48_0,0.1,14,0.393363425
obj_11_pine,0.5,2,100,random48_0,0.2,28,0.460123434
obj_11_pine,0.5,2,100,random48_0,0.4,48,0.00259299872
obj_11_pine,0.5,2,100,random48_0,0.6,48,0.00259299872
obj_11_pine,0.5,2,100,random48_0,0.8,48,0.00259299872
obj_11_pine,0.5,2,100,random48_1,0.1,14,0.0699736881
obj_11_pine,0.5,2,100,random48_1,0.2,28,0.0551290507
obj_11_pine,0.5,2,100,random48_1,0.4,48,0.00259299872
obj_11_pine,0.5,2,100,random48_1,0.6,48,0.00259299872
obj_11_pine,0.5,2,100,random48_1,0.8,48,0.00259299872
obj_11_pine,0.5,2,100,random48_2,0.1,14,0.179703153
obj_11_pine,0.5,2,100,random48_2,0.2,28,0.259168641
obj_11_pine,0.5,2,100,random48_2,0.4,48,0.00259299872
obj_11_pine,0.5,2,100,random48_2,0.6,48,0.00259299872
obj_11_pine,0.5,2,100,random48_2,0.8,48,0.00259299872
obj_11_pine,0.5,2,100,random48_3,0.1,14,0.390366937
obj_11_pine,0.5,2,100,random48_3,0.2,28,0.328590738
obj_11_pine,0.5,2,100,random48_3,0.4,48,0.00259299872
obj_11_pine,0.5,2,100,random48_3,0.6,48,0.00259299872
obj_11_pine,0.5,2,100,random48_3,0.8,48,0.00259299872
obj_11_pine,0.5,2,100,random48_4,0.1,14,0.149071343
obj_11_pine,0.5,2,100,random48_4,0.2,28,0.173689587
obj_11_pine,0.5,2,100,random48_4,0.4,48,0.00259299872
obj_11_pine,0.5,2,100,random48_4,0.6,48,0.00259299872
obj_11_pine,0.5,2,100,random48_4,0.8,48,0.00259299872
obj_11_pine,0.5,3,10,random48_0,0.1,14,0.322834263
obj_11_pine,0.5,3,10,random48_0,0.2,28,0.120777505
obj_11_pine,0.5,3,10,random48_0,0.4,48,0.00900377862
obj_11_pine,0.5,3,10,random48_0,0.6,48,0.00900377862
obj_11_pine,0.5,3,10,random48_0,0.8,48,0.00900377862
obj_11_pine,0.5,3,10,random48_1,0.1,14,0.257519271
obj_11_pine,0.5,3,10,random48_1,0.2,28,0.0295091788
obj_11_pine,0.5,3,10,random48_1,0.4,48,0.00900377862
obj_11_pine,0.5,3,10,random48_1,0.6,48,0.00900377862
obj_11_pine,0.5,3,10,random48_1,0.8,48,0.00900377862
obj_11_pine,0.5,3,10,random48_2,0.1,14,0.273933311
obj_11_pine,0.5,3,10,random48_2,0.2,28,0.166297925
obj_11_pine,0.5,3,10,random48_2,0.4,48,0.00900377862
obj_11_pine,0.5,3,10,random48_2,0.6,48,0.00900377862
obj_11_pine,0.5,3,10,random48_2,0.8,48,0.00900377862
obj_11_pine,0.5,3,10,random48_3,0.1,14,0.420815842
obj_11_pine,0.5,3,10,random48_3,0.2,28,0.518656104
obj_11_pine,0.5,3,10,random48_3,0.4,48,0.00900377862
obj_11_pine,0.5,3,10,random48_3,0.6,48,0.00900377862
obj_11_pine,0.5,3,10,random48_3,0.8,48,0.00900377862
obj_11_pine,0.5,3,10,random48_4,0.1,14,0.288356506
obj_11_pine,0.5,3,10,random48_4,0.2,28,0.203429724
obj_11_pine,0.5,3,10,random48_4,0.4,48,0.00900377862
obj_11_pine,0.5,3,10,random48_4,0.6,48,0.00900377862
obj_11_pine,0.5,3,10,random48_4,0.8,48,0.00900377862
obj_11_pine,0.5,3,100,random48_0,0.1,14,0.275134815
obj_11_pine,0.5,3,100,random48_0,0.2,28,0.162992192
obj_11_pine,0.5,3,100,random48_0,0.4,48,0.000611246427
obj_11_pine,0.5,3,100,random48_0,0.6,48,0.000611246427
obj_11_pine,0.5,3,100,random48_0,0.8,48,0.000611246427
obj_11_pine,0.5,3,100,random48_1,0.1,14,0.279749834
obj_11_pine,0.5,3,100,random48_1,0.2,28,0.394209901
obj_11_pine,0.5,3,100,random48_1,0.4,48,0.000611246427
obj_11_pine,0.5,3,100,random48_1,0.6,48,0.000611246427
obj_11_pine,0.5,3,100,random48_1,0.8,48,0.000611246427
obj_11_pine,0.5,3,100,random48_2,0.1,14,0.0749207722
obj_11_pine,0.5,3,100,random48_2,0.2,28,0.0710110424
obj_11_pine,0.5,3,100,random48_2,0.4,48,0.000611246427
obj_11_pine,0.5,3,100,random48_2,0.6,48,0.000611246427
obj_11_pine,0.5,3,100,random48_2,0.8,48,0.000611246427
obj_11_pine,0.5,3,100,random48_3,0.1,14,0.178616714
obj_11_pine,0.5,3,100,random48_3,0.2,28,0.0117487714
obj_11_pine,0.5,3,100,random48_3,0.4,48,0.000611246427
obj_11_pine,0.5,3,100,random48_3,0.6,48,0.000611246427
obj_11_pine,0.5,3,100,random48_3,0.8,48,0.000611246427
obj_11_pine,0.5,3,100,random48_4,0.1,14,0.665312248
obj_11_pine,0.5,3,100,random48_4,0.2,28,0.396655918
obj_11_pine,0.5,3,100,random48_4,0.4,48,0.000611246427
obj_11_pine,0.5,3,100,random48_4,0.6,48,0.000611246427
obj_11_pine,0.5,3,100,random48_4,0.8,48,0.000611246427
obj_11_pine,0.5,4,10,random48_0,0.1,14,0.252765534
obj_11_pine,0.5,4,10,random48_0,0.2,28,0.0710965337
obj_11_pine,0.5,4,10,random48_0,0.4,48,0.0226834654
obj_11_pine,0.5,4,10,random48_0,0.6,48,0.0226834654
obj_11_pine,0.5,4,10,random48_0,0.8,48,0.0226834654
obj_11_pine,0.5,4,10,random48_1,0.1,14,0.268615034
obj_11_pine,0.5,4,10,random48_1,0.2,28,0.0894927517
obj_11_pine,0.5,4,10,random48_1,0.4,48,0.0226834654
obj_11_pine,0.5,4,10,random48_1,0.6,48,0.0226834654
obj_11_pine,0.5,4,10,random48_1,0.8,48,0.0226834654
obj_11_pine,0.5,4,10,random48_2,0.1,14,0.283486205
obj_11_pine,0.5,4,10,random48_2,0.2,28,0.277045954
obj_11_pine,0.5,4,10,random48_2,0.4,48,0.0226834654
obj_11_pine,0.5,4,10,random48_2,0.6,48,0.0226834654
obj_11_pine,0.5,4,10,random48_2,0.8,48,0.0226834654
obj_11_pine,0.5,4,10,random48_3,0.1,14,0.257291065
obj_11_pine,0.5,4,10,random48_3,0.2,28,0.258899777
obj_11_pine,0.5,4,10,random48_3,0.4,48,0.0226834654
obj_11_pine,0.5,4,10,random48_3,0.6,48,0.0226834654
obj_11_pine,0.5,4,10,random48_3,0.8,48,0.0226834654
obj_11_pine,0.5,4,10,random48_4,0.1,14,0.229805434
obj_11_pine,0.5,4,10,random48_4,0.2,28,0.200316556
obj_11_pine,0.5,4,10,random48_4,0.4,48,0.0226834654
obj_11_pine,0.5,4,10,random48_4,0.6,48,0.0226834654
obj_11_pine,0.5,4,10,random48_4,0.8,48,0.0226834654
obj_11_pine,0.5,4,100,random48_0,0.1,14,0.307150811
obj_11_pine,0.5,4,100,random48_0,0.2,28,0.032853958
obj_11_pine,0.5,4,100,random48_0,0.4,48,0.00194796388
obj_11_pine,0.5,4,100,random48_0,0.6,48,0.00194796388
obj_11_pine,0.5,4,100,random48_0,0.8,48,0.00194796388
obj_11_pine,0.5,4,100,random48_1,0.1,14,0.223035029
obj_11_pine,0.5,4,100,random48_1,0.2,28,0.292559566
obj_11_pine,0.5,4,100,random48_1,0.4,48,0.00194796388
obj_11_pine,0.5,4,100,random48_1,0.6,48,0.00194796388
obj_11_pine,0.5,4,100,random48_1,0.8,48,0.00194796388
obj_11_pine,0.5,4,100,random48_2,0.1,14,0.0765884479
obj_11_pine,0.5,4,100,random48_2,0.2,28,0.0670129834
obj_11_pine,0.5,4,100,random48_2,0.4,48,0.00194796388
obj_11_pine,0.5,4,100,random48_2,0.6,48,0.00194796388
obj_11_pine,0.5,4,100,random48_2,0.8,48,0.00194796388
obj_11_pine,0.5,4,100,random48_3,0.1,14,0.26703746
obj_11_pine,0.5,4,100,random48_3,0.2,28,0.0691003344
obj_11_pine,0.5,4,100,random48_3,0.4,48,0.00194796388
obj_11_pine,0.5,4,100,random48_3,0.6,48,0.00194796388
obj_11_pine,0.5,4,100,random48_3,0.8,48,0.00194796388
obj_11_pine,0.5,4,100,random48_4,0.1,14,0.21067809
obj_11_pine,0.5,4,100,random48_4,0.2,28,0.0305167764
obj_11_pine,0.5,4,100,random48_4,0.4,48,0.00194796388
obj_11_pine,0.5,4,100,random48_4,0.6,48,0.00194796388
obj_11_pine,0.5,4,100,random48_4,0.8,48,0.00194796388
obj_11_pine,0.5,5,10,random48_0,0.1,14,0.37124073
obj_11_pine,0.5,5,10,random48_0,0.2,28,0.37646171
obj_11_pine,0.5,5,10,random48_0,0.4,48,0.00823523254
obj_11_pine,0.5,5,10,random48_0,0.6,48,0.00823523254
obj_11_pine,0.5,5,10,random48_0,0.8,48,0.00823523254
obj_11_pine,0.5,5,10,random48_1,0.1,14,0.104493417
obj_11_pine,0.5,5,10,random48_1,0.2,28,0.0521899633
obj_11_pine,0.5,5,10,random48_1,0.4,48,0.00823523254
obj_11_pine,0.5,5,10,random48_1,0.6,48,0.00823523254
obj_11_pine,0.5,5,10,random48_1,0.8,48,0.00823523254
obj_11_pine,0.5,5,10,random48_2,0.1,14,0.207405773
obj_11_pine,0.5,5,10,random48_2,0.2,28,0.0395847895
obj_11_pine,0.5,5,10,random48_2,0.4,48,0.00823523254
obj_11_pine,0.5,5,10,random48_2,0.6,48,0.00823523254
obj_11_pine,0.5,5,10,random48_2,0.8,48,0.00823523254
obj_11_pine,0.5,5,10,random48_3,0.1,14,0.205954421
obj_11_pine,0.5,5,10,random48_3,0.2,28,0.291860753
obj_11_pine,0.5,5,10,random48_3,0.4,48,0.00823523254
obj_11_pine,0.5,5,10,random48_3,0.6,48,0.00823523254
obj_11_pine,0.5,5,10,random48_3,0.8,48,0.00823523254
obj_11_pine,0.5,5,10,random48_4,0.1,14,0.239173552
obj_11_pine,0.5,5,10,random48_4,0.2,28,0.231174763
obj_11_pine,0.5,5,10,random48_4,0.4,48,0.00823523254
obj_11_pine,0.5,5,10,random48_4,0.6,48,0.00823523254
obj_11_pine,0.5,5,10,random48_4,0.8,48,0.00823523254
obj_11_pine,0.5,5,100,random48_0,0.1,14,0.373117504
obj_11_pine,0.5,5,100,random48_0,0.2,28,0.342704461
obj_11_pine,0.5,5,100,random48_0,0.4,48,0.000516125951
obj_11_pine,0.5,5,100,random48_0,0.6,48,0.000516125951
obj_11_pine,0.5,5,100,random48_0,0.8,48,0.000516125951
obj_11_pine,0.5,5,100,random48_1,0.1,14,0.0939054867
obj_11_pine,0.5,5,100,random48_1,0.2,28,0.0252402902
obj_11_pine,0.5,5,100,random48_1,0.4,48,0.000516125951
obj_11_pine,0.5,5,100,random48_1,0.6,48,0.000516125951
obj_11_pine,0.5,5,100,random48_1,0.8,48,0.000516125951
obj_11_pine,0.5,5,100,random48_2,0.1,14,0.0432944756
obj_11_pine,0.5,5,100,random48_2,0.2,28,0.00499595672
obj_11_pine,0.5,5,100,random48_2,0.4,48,0.000516125951
obj_11_pine,0.5,5,100,random48_2,0.6,48,0.000516125951
obj_11_pine,0.5,5,100,random48_2,0.8,48,0.000516125951
obj_11_pine,0.5,5,100,random48_3,0.1,14,0.131174245
obj_11_pine,0.5,5,100,random48_3,0.2,28,0.0405372977
obj_11_pine,0.5,5,100,random48_3,0.4,48,0.000516125951
obj_11_pine,0.5,5,100,random48_3,0.6,48,0.000516125951
obj_11_pine,0.5,5,100,random48_3,0.8,48,0.000516125951
obj_11_pine,0.5,5,100,random48_4,0.1,14,0.112788939
obj_11_pine,0.5,5,100,random48_4,0.2,28,0.233167834
obj_11_pine,0.5,5,100,random48_4,0.4,48,0.000516125951
obj_11_pine,0.5,5,100,random48_4,0.6,48,0.000516125951
obj_11_pine,0.5,5,100,random48_4,0.8,48,0.000516125951
obj_11_pine,0.5,6,10,random48_0,0.1,14,0.129742504
obj_11_pine,0.5,6,10,random48_0,0.2,28,0.172650663
obj_11_pine,0.5,6,10,random48_0,0.4,48,0.033106941
obj_11_pine,0.5,6,10,random48_0,0.6,48,0.033106941
obj_11_pine,0.5,6,10,random48_0,0.8,48,0.033106941
obj_11_pine,0.5,6,10,random48_1,0.1,14,0.147489008
obj_11_pine,0.5,6,10,random48_1,0.2,28,0.122684536
obj_11_pine,0.5,6,10,random48_1,0.4,48,0.033106941
obj_11_pine,0.5,6,10,random48_1,0.6,48,0.033106941
obj_11_pine,0.5,6,10,random48_1,0.8,48,0.033106941
obj_11_pine,0.5,6,10,random48_2,0.1,14,0.241937407
obj_11_pine,0.5,6,10,random48_2,0.2,28,0.4195334
obj_11_pine,0.5,6,10,random48_2,0.4,48,0.033106941
obj_11_pine,0.5,6,10,random48_2,0.6,48,0.033106941
obj_11_pine,0.5,6,10,random48_2,0.8,48,0.033106941
obj_11_pine,0.5,6,10,random48_3,0.1,14,0.265357851
obj_11_pine,0.5,6,10,random48_3,0.2,28,0.136974997
obj_11_pine,0.5,6,10,random48_3,0.4,48,0.033106941
obj_11_pine,0.5,6,10,random48_3,0.6,48,0.033106941
obj_11_pine,0.5,6,10,random48_3,0.8,48,0.033106941
obj_11_pine,0.5,6,10,random48_4,0.1,14,0.205763504
obj_11_pine,0.5,6,10,random48_4,0.2,28,0.212861742
obj_11_pine,0.5,6,10,random48_4,0.4,48,0.033106941
obj_11_pine,0.5,6,10,random48_4,0.6,48,0.033106941
obj_11_pine,0.5,6,10,random48_4,0.8,48,0.033106941
obj_11_pine,0.5,6,100,random48_0,0.1,14,0.0642201399
obj_11_pine,0.5,6,100,random48_0,0.2,28,0.0638314196
obj_11_pine,0.5,6,100,random48_0,0.4,48,0.00380933572
obj_11_pine,0.5,6,100,random48_0,0.6,48,0.00380933572
obj_11_pine,0.5,6,100,random48_0,0.8,48,0.00380933572
obj_11_pine,0.5,6,100,random48_1,0.1,14,0.174264525
obj_11_pine,0.5,6,100,random48_1,0.2,28,0.286554511
obj_11_pine,0.5,6,100,random48_1,0.4,48,0.00380933572
obj_11_pine,0.5,6,100,random48_1,0.6,48,0.00380933572
obj_11_pine,0.5,6,100,random48_1,0.8,48,0.00380933572
obj_11_pine,0.5,6,100,random48_2,0.1,14,0.133079453
obj_11_pine,0.5,6,100,random48_2,0.2,28,0.160171735
obj_11_pine,0.5,6,100,random48_2,0.4,48,0.00380933572
obj_11_pine,0.5,6,100,random48_2,0.6,48,0.00380933572
obj_11_pine,0.5,6,100,random48_2,0.8,48,0.00380933572
obj_11_pine,0.5,6,100,random48_3,0.1,14,0.293994323
obj_11_pine,0.5,6,100,random48_3,0.2,28,0.442744928
obj_11_pine,0.5,6,100,random48_3,0.4,48,0.00380933572
obj_11_pine,0.5,6,100,random48_3,0.6,48,0.00380933572
obj_11_pine,0.5,6,100,random48_3,0.8,48,0.00380933572
obj_11_pine,0.5,6,100,random48_4,0.1,14,0.276711537
obj_11_pine,0.5,6,100,random48_4,0.2,28,0.0541876066
obj_11_pine,0.5,6,100,random48_4,0.4,48,0.00380933572
obj_11_pine,0.5,6,100,random48_4,0.6,48,0.00380933572
obj_11_pine,0.5,6,100,random48_4,0.8,48,0.00380933572
obj_11_pine,0.5,7,10,random48_0,0.1,14,0.753524928
obj_11_pine,0.5,7,10,random48_0,0.2,28,0.762806934
obj_11_pine,0.5,7,10,random48_0,0.4,48,0.0568134669
obj_11_pine,0.5,7,10,random48_0,0.6,48,0.0568134669
obj_11_pine,0.5,7,10,random48_0,0.8,48,0.0568134669
obj_11_pine,0.5,7,10,random48_1,0.1,14,0.435196667
obj_11_pine,0.5,7,10,random48_1,0.2,28,0.511991055
obj_11_pine,0.5,7,10,random48_1,0.4,48,0.0568134669
obj_11_pine,0.5,7,10,random48_1,0.6,48,0.0568134669
obj_11_pine,0.5,7,10,random48_1,0.8,48,0.0568134669
obj_11_pine,0.5,7,10,random48_2,0.1,14,0.748540439
obj_11_pine,0.5,7,10,random48_2,0.2,28,0.661051361
obj_11_pine,0.5,7,10,random48_2,0.4,48,0.0568134669
obj_11_pine,0.5,7,10,random48_2,0.6,48,0.0568134669
obj_11_pine,0.5,7,10,random48_2,0.8,48,0.0568134669
obj_11_pine,0.5,7,10,random48_3,0.1,14,0.683350668
obj_11_pine,0.5,7,10,random48_3,0.2,28,0.638164146
obj_11_pine,0.5,7,10,random48_3,0.4,48,0.0568134669
obj_11_pine,0.5,7,10,random48_3,0.6,48,0.0568134669
obj_11_pine,0.5,7,10,random48_3,0.8,48,0.0568134669
obj_11_pine,0.5,7,10,random48_4,0.1,14,0.837007361
obj_11_pine,0.5,7,10,random48_4,0.2,28,0.850776939
obj_11_pine,0.5,7,10,random48_4,0.4,48,0.0568134669
obj_11_pine,0.5,7,10,random48_4,0.6,48,0.0568134669
obj_11_pine,0.5,7,10,random48_4,0.8,48,0.0568134669
obj_11_pine,0.5,7,100,random48_0,0.1,14,0.749358028
obj_11_pine,0.5,7,100,random48_0,0.2,28,0.731897356
obj_11_pine,0.5,7,100,random48_0,0.4,48,0.00436215272
obj_11_pine,0.5,7,100,random48_0,0.6,48,0.00436215272
obj_11_pine,0.5,7,100,random48_0,0.8,48,0.00436215272
obj_11_pine,0.5,7,100,random48_1,0.1,14,0.0665037552
obj_11_pine,0.5,7,100,random48_1,0.2,28,0.0120376894
obj_11_pine,0.5,7,100,random48_1,0.4,48,0.00436215272
obj_11_pine,0.5,7,100,random48_1,0.6,48,0.00436215272
obj_11_pine,0.5,7,100,random48_1,0.8,48,0.00436215272
obj_11_pine,0.5,7,100,random48_2,0.1,14,0.564977994
obj_11_pine,0.5,7,100,random48_2,0.2,28,0.484666838
obj_11_pine,0.5,7,100,random48_2,0.4,48,0.00436215272
obj_11_pine,0.5,7,100,random48_2,0.6,48,0.00436215272
obj_11_pine,0.5,7,100,random48_2,0.8,48,0.00436215272
obj_11_pine,0.5,7,100,random48_3,0.1,14,0.132402603
obj_11_pine,0.5,7,100,random48_3,0.2,28,0.122785022
obj_11_pine,0.5,7,100,random48_3,0.4,48,0.00436215272
obj_11_pine,0.5,7,100,random48_3,0.6,48,0.00436215272
obj_11_pine,0.5,7,100,random48_3,0.8,48,0.00436215272
obj_11_pine,0.5,7,100,random48_4,0.1,14,0.58407199
obj_11_pine,0.5,7,100,random48_4,0.2,28,0.533830798
obj_11_pine,0.5,7,100,random48_4,0.4,48,0.00436215272
obj_11_pine,0.5,7,100,random48_4,0.6,48,0.00436215272
obj_11_pine,0.5,7,100,random48_4,0.8,48,0.00436215272
obj_11_pine,0.5,8,10,random48_0,0.1,14,0.0153693458
obj_11_pine,0.5,8,10,random48_0,0.2,28,0.0102552404
obj_11_pine,0.5,8,10,random48_0,0.4,48,0.0336777938
obj_11_pine,0.5,8,10,random48_0,0.6,48,0.0336777938
obj_11_pine,0.5,8,10,random48_0,0.8,48,0.0336777938
obj_11_pine,0.5,8,10,random48_1,0.1,14,0.0241643752
obj_11_pine,0.5,8,10,random48_1,0.2,28,0.0723607838
obj_11_pine,0.5,8,10,random48_1,0.4,48,0.0336777938
obj_11_pine,0.5,8,10,random48_1,0.6,48,0.0336777938
obj_11_pine,0.5,8,10,random48_1,0.8,48,0.0336777938
obj_11_pine,0.5,8,10,random48_2,0.1,14,0.167505572
obj_11_pine,0.5,8,10,random48_2,0.2,28,0.216648745
obj_11_pine,0.5,8,10,random48_2,0.4,48,0.0336777938
obj_11_pine,0.5,8,10,random48_2,0.6,48,0.0336777938
obj_11_pine,0.5,8,10,random48_2,0.8,48,0.0336777938
obj_11_pine,0.5,8,10,random48_3,0.1,14,0.223217131
obj_11_pine,0.5,8,10,random48_3,0.2,28,0.0471143837
obj_11_pine,0.5,8,10,random48_3,0.4,48,0.0336777938
obj_11_pine,0.5,8,10,random48_3,0.6,48,0.0336777938
obj_11_pine,0.5,8,10,random48_3,0.8,48,0.0336777938
obj_11_pine,0.5,8,10,random48_4,0.1,14,0.173456979
obj_11_pine,0.5,8,10,random48_4,0.2,28,0.27288669
obj_11_pine,0.5,8,10,random48_4,0.4,48,0.0336777938
obj_11_pine,0.5,8,10,random48_4,0.6,48,0.0336777938
obj_11_pine,0.5,8,10,random48_4,0.8,48,0.0336777938
obj_11_pine,0.5,8,100,random48_0,0.1,14,0.0196883344
obj_11_pine,0.5,8,100,random48_0,0.2,28,0.00803959694
obj_11_pine,0.5,8,100,random48_0,0.4,48,0.00328832586
obj_11_pine,0.5,8,100,random48_0,0.6,48,0.00328832586
obj_11_pine,0.5,8,100,random48_0,0.8,48,0.00328832586
obj_11_pine,0.5,8,100,random48_1,0.1,14,0.00973628285
obj_11_pine,0.5,8,100,random48_1,0.2,28,0.023776403
obj_11_pine,0.5,8,100,random48_1,0.4,48,0.00328832586
obj_11_pine,0.5,8,100,random48_1,0.6,48,0.00328832586
obj_11_pine,0.5,8,100,random48_1,0.8,48,0.00328832586
obj_11_pine,0.5,8,100,random48_2,0.1,14,0.247713835
obj_11_pine,0.5,8,100,random48_2,0.2,28,0.226550444
obj_11_pine,0.5,8,100,random48_2,0.4,48,0.00328832586
obj_11_pine,0.5,8,100,random48_2,0.6,48,0.00328832586
obj_11_pine,0.5,8,100,random48_2,0.8,48,0.00328832586
obj_11_pine,0.5,8,100,random48_3,0.1,14,0.434643185
obj_11_pine,0.5,8,100,random48_3,0.2,28,0.374041501
obj_11_pine,0.5,8,100,random48_3,0.4,48,0.00328832586
obj_11_pine,0.5,8,100,random48_3,0.6,48,0.00328832586
obj_11_pine,0.5,8,100,random48_3,0.8,48,0.00328832586
obj_11_pine,0.5,8,100,random48_4,0.1,14,0.214906478
obj_11_pine,0.5,8,100,random48_4,0.2,28,0.161501303
obj_11_pine,0.5,8,100,random48_4,0.4,48,0.00328832586
obj_11_pine,0.5,8,100,random48_4,0.6,48,0.00328832586
obj_11_pine,0.5,8,100,random48_4,0.8,48,0.00328832586
obj_11_pine,0.5,9,10,random48_0,0.1,14,0.0784428342
obj_11_pine,0.5,9,10,random48_0,0.2,28,0.0751034742
obj_11_pine,0.5,9,10,random48_0,0.4,48,0.00978978682
obj_11_pine,0.5,9,10,random48_0,0.6,48,0.00978978682
obj_11_pine,0.5,9,10,random48_0,0.8,48,0.00978978682
obj_11_pine,0.5,9,10,random48_1,0.1,14,0.0419975678
obj_11_pine,0.5,9,10,random48_1,0.2,28,0.0241394034
obj_11_pine,0.5,9,10,random48_1,0.4,48,0.00978978682
obj_11_pine,0.5,9,10,random48_1,0.6,48,0.00978978682
obj_11_pine,0.5,9,10,random48_1,0.8,48,0.00978978682
obj_11_pine,0.5,9,10,random48_2,0.1,14,0.0535604596
obj_11_pine,0.5,9,10,random48_2,0.2,28,0.0828592071
obj_11_pine,0.5,9,10,random48_2,0.4,48,0.00978978682
obj_11_pine,0.5,9,10,random48_2,0.6,48,0.00978978682
obj_11_pine,0.5,9,10,random48_2,0.8,48,0.00978978682
obj_11_pine,0.5,9,10,random48_3,0.1,14,0.0360033796
obj_11_pine,0.5,9,10,random48_3,0.2,28,0.0341063429
obj_11_pine,0.5,9,10,random48_3,0.4,48,0.00978978682
obj_11_pine,0.5,9,10,random48_3,0.6,48,0.00978978682
obj_11_pine,0.5,9,10,random48_3,0.8,48,0.00978978682
obj_11_pine,0.5,9,10,random48_4,0.1,14,0.0532311721
obj_11_pine,0.5,9,10,random48_4,0.2,28,0.130413831
obj_11_pine,0.5,9,10,random48_4,0.4,48,0.00978978682
obj_11_pine,0.5,9,10,random48_4,0.6,48,0.00978978682
obj_11_pine,0.5,9,10,random48_4,0.8,48,0.00978978682
obj_11_pine,0.5,9,100,random48_0,0.1,14,0.019945678
obj_11_pine,0.5,9,100,random48_0,0.2,28,0.0664198032
obj_11_pine,0.5,9,100,random48_0,0.4,48,0.00205927337
obj_11_pine,0.5,9,100,random48_0,0.6,48,0.00205927337
obj_11_pine,0.5,9,100,random48_0,0.8,48,0.00205927337
obj_11_pine,0.5,9,100,random48_1,0.1,14,0.0823657246
obj_11_pine,0.5,9,100,random48_1,0.2,28,0.339606215
obj_11_pine,0.5,9,100,random48_1,0.4,48,0.00205927337
obj_11_pine,0.5,9,100,random48_1,0.6,48,0.00205927337
obj_11_pine,0.5,9,100,random48_1,0.8,48,0.00205927337
obj_11_pine,0.5,9,100,random48_2,0.1,14,0.083980645
obj_11_pine,0.5,9,100,random48_2,0.2,28,0.0923308233
obj_11_pine,0.5,9,100,random48_2,0.4,48,0.00205927337
obj_11_pine,0.5,9,100,random48_2,0.6,48,0.00205927337
obj_11_pine,0.5,9,100,random48_2,0.8,48,0.00205927337
obj_11_pine,0.5,9,100,random48_3,0.1,14,0.0271056013
obj_11_pine,0.5,9,100,random48_3,0.2,28,0.0221339726
obj_11_pine,0.5,9,100,random48_3,0.4,48,0.00205927337
obj_11_pine,0.5,9,100,random48_3,0.6,48,0.00205927337
obj_11_pine,0.5,9,100,random48_3,0.8,48,0.00205927337
obj_11_pine,0.5,9,100,random48_4,0.1,14,0.13382447
obj_11_pine,0.5,9,100,random48_4,0.2,28,0.0699810341
obj_11_pine,0.5,9,100,random48_4,0.4,48,0.00205927337
obj_11_pine,0.5,9,100,random48_4,0.6,48,0.00205927337
obj_11_pine,0.5,9,100,random48_4,0.8,48,0.00205927337
obj_11_pine,1.0,0,10,random48_0,0.1,14,0.292439645
obj_11_pine,1.0,0,10,random48_0,0.2,28,1.74732748
obj_11_pine,1.0,0,10,random48_0,0.4,48,0.0711778354
obj_11_pine,1.0,0,10,random48_0,0.6,48,0.0711778354
obj_11_pine,1.0,0,10,random48_0,0.8,48,0.0711778354
obj_11_pine,1.0,0,10,random48_1,0.1,14,0.470882023
obj_11_pine,1.0,0,10,random48_1,0.2,28,0.662212553
obj_11_pine,1.0,0,10,random48_1,0.4,48,0.0711778354
obj_11_pine,1.0,0,10,random48_1,0.6,48,0.0711778354
obj_11_pine,1.0,0,10,random48_1,0.8,48,0.0711778354
obj_11_pine,1.0,0,10,random48_2,0.1,14,0.243823695
obj_11_pine,1.0,0,10,random48_2,0.2,28,0.325580274
obj_11_pine,1.0,0,10,random48_2,0.4,48,0.0711778354
obj_11_pine,1.0,0,10,random48_2,0.6,48,0.0711778354
obj_11_pine,1.0,0,10,random48_2,0.8,48,0.0711778354
obj_11_pine,1.0,0,10,random48_3,0.1,14,0.154823326
obj_11_pine,1.0,0,10,random48_3,0.2,28,0.559774842
obj_11_pine,1.0,0,10,random48_3,0.4,48,0.0711778354
obj_11_pine,1.0,0,10,random48_3,0.6,48,0.0711778354
obj_11_pine,1.0,0,10,random48_3,0.8,48,0.0711778354
obj_11_pine,1.0,0,10,random48_4,0.1,14,0.527614927
obj_11_pine,1.0,0,10,random48_4,0.2,28,0.235844655
obj_11_pine,1.0,0,10,random48_4,0.4,48,0.0711778354
obj_11_pine,1.0,0,10,random48_4,0.6,48,0.0711778354
obj_11_pine,1.0,0,10,random48_4,0.8,48,0.0711778354
obj_11_pine,1.0,0,100,random48_0,0.1,14,0.484576662
obj_11_pine,1.0,0,100,random48_0,0.2,28,0.865384787
obj_11_pine,1.0,0,100,random48_0,0.4,48,0.00899345843
obj_11_pine,1.0,0,100,random48_0,0.6,48,0.00899345843
obj_11_pine,1.0,0,100,random48_0,0.8,48,0.00899345843
obj_11_pine,1.0,0,100,random48_1,0.1,14,0.354373115
obj_11_pine,1.0,0,100,random48_1,0.2,28,2.61883517
obj_11_pine,1.0,0,100,random48_1,0.4,48,0.00899345843
obj_11_pine,1.0,0,100,random48_1,0.6,48,0.00899345843
obj_11_pine,1.0,0,100,random48_1,0.8,48,0.00899345843
obj_11_pine,1.0,0,100,random48_2,0.1,14,0.206191954
obj_11_pine,1.0,0,100,random48_2,0.2,28,0.129260915
obj_11_pine,1.0,0,100,random48_2,0.4,48,0.00899345843
obj_11_pine,1.0,0,100,random48_2,0.6,48,0.00899345843
obj_11_pine,1.0,0,100,random48_2,0.8,48,0.00899345843
obj_11_pine,1.0,0,100,random48_3,0.1,14,0.598233935
obj_11_pine,1.0,0,100,random48_3,0.2,28,0.770899844
obj_11_pine,1.0,0,100,random48_3,0.4,48,0.00899345843
obj_11_pine,1.0,0,100,random48_3,0.6,48,0.00899345843
obj_11_pine,1.0,0,100,random48_3,0.8,48,0.00899345843
obj_11_pine,1.0,0,100,random48_4,0.1,14,0.172792218
obj_11_pine,1.0,0,100,random48_4,0.2,28,0.20475559
obj_11_pine,1.0,0,100,random48_4,0.4,48,0.00899345843
obj_11_pine,1.0,0,100,random48_4,0.6,48,0.00899345843
obj_11_pine,1.0,0,100,random48_4,0.8,48,0.00899345843
obj_11_pine,1.0,1,10,random48_0,0.1,14,0.0702134168
obj_11_pine,1.0,1,10,random48_0,0.2,28,0.107566721
obj_11_pine,1.0,1,10,random48_0,0.4,48,0.0372855046
obj_11_pine,1.0,1,10,random48_0,0.6,48,0.0372855046
obj_11_pine,1.0,1,10,random48_0,0.8,48,0.0372855046
obj_11_pine,1.0,1,10,random48_1,0.1,14,0.0854448756
obj_11_pine,1.0,1,10,random48_1,0.2,28,0.11674673
obj_11_pine,1.0,1,10,random48_1,0.4,48,0.0372855046
obj_11_pine,1.0,1,10,random48_1,0.6,48,0.0372855046
obj_11_pine,1.0,1,10,random48_1,0.8,48,0.0372855046
obj_11_pine,1.0,1,10,random48_2,0.1,14,0.0771473545
obj_11_pine,1.0,1,10,random48_2,0.2,28,0.0427839269
obj_11_pine,1.0,1,10,random48_2,0.4,48,0.0372855046
obj_11_pine,1.0,1,10,random48_2,0.6,48,0.0372855046
obj_11_pine,1.0,1,10,random48_2,0.8,48,0.0372855046
obj_11_pine,1.0,1,10,random48_3,0.1,14,0.0910984733
obj_11_pine,1.0,1,10,random48_3,0.2,28,0.101971517
obj_11_pine,1.0,1,10,random48_3,0.4,48,0.0372855046
obj_11_pine,1.0,1,10,random48_3,0.6,48,0.0372855046
obj_11_pine,1.0,1,10,random48_3,0.8,48,0.0372855046
obj_11_pine,1.0,1,10,random48_4,0.1,14,0.0801155149
obj_11_pine,1.0,1,10,random48_4,0.2,28,0.104731241
obj_11_pine,1.0,1,10,random48_4,0.4,48,0.0372855046
obj_11_pine,1.0,1,10,random48_4,0.6,48,0.0372855046
obj_11_pine,1.0,1,10,random48_4,0.8,48,0.0372855046
obj_11_pine,1.0,1,100,random48_0,0.1,14,0.07716133
obj_11_pine,1.0,1,100,random48_0,0.2,28,0.167736484
obj_11_pine,1.0,1,100,random48_0,0.4,48,0.00518129487
obj_11_pine,1.0,1,100,random48_0,0.6,48,0.00518129487
obj_11_pine,1.0,1,100,random48_0,0.8,48,0.00518129487
obj_11_pine,1.0,1,100,random48_1,0.1,14,0.0678507609
obj_11_pine,1.0,1,100,random48_1,0.2,28,0.426719568
obj_11_pine,1.0,1,100,random48_1,0.4,48,0.00518129487
obj_11_pine,1.0,1,100,random48_1,0.6,48,0.00518129487
obj_11_pine,1.0,1,100,random48_1,0.8,48,0.00518129487
obj_11_pine,1.0,1,100,random48_2,0.1,14,0.3200408
obj_11_pine,1.0,1,100,random48_2,0.2,28,0.250579324
obj_11_pine,1.0,1,100,random48_2,0.4,48,0.00518129487
obj_11_pine,1.0,1,100,random48_2,0.6,48,0.00518129487
obj_11_pine,1.0,1,100,random48_2,0.8,48,0.00518129487
obj_11_pine,1.0,1,100,random48_3,0.1,14,0.0914315407
obj_11_pine,1.0,1,100,random48_3,0.2,28,0.126686139
obj_11_pine,1.0,1,100,random48_3,0.4,48,0.00518129487
obj_11_pine,1.0,1,100,random48_3,0.6,48,0.00518129487
obj_11_pine,1.0,1,100,random48_3,0.8,48,0.00518129487
obj_11_pine,1.0,1,100,random48_4,0.1,14,0.145224033
obj_11_pine,1.0,1,100,random48_4,0.2,28,0.416358764
obj_11_pine,1.0,1,100,random48_4,0.4,48,0.00518129487
obj_11_pine,1.0,1,100,random48_4,0.6,48,0.00518129487
obj_11_pine,1.0,1,100,random48_4,0.8,48,0.00518129487
obj_11_pine,1.0,2,10,random48_0,0.1,14,0.0525947217
obj_11_pine,1.0,2,10,random48_0,0.2,28,0.30826744
obj_11_pine,1.0,2,10,random48_0,0.4,48,0.0140308529
obj_11_pine,1.0,2,10,random48_0,0.6,48,0.0140308529
obj_11_pine,1.0,2,10,random48_0,0.8,48,0.0140308529
obj_11_pine,1.0,2,10,random48_1,0.1,14,0.0439726014
obj_11_pine,1.0,2,10,random48_1,0.2,28,0.0756748827
obj_11_pine,1.0,2,10,random48_1,0.4,48,0.0140308529
obj_11_pine,1.0,2,10,random48_1,0.6,48,0.0140308529
obj_11_pine,1.0,2,10,random48_1,0.8,48,0.0140308529
obj_11_pine,1.0,2,10,random48_2,0.1,14,0.0377054498
obj_11_pine,1.0,2,10,random48_2,0.2,28,0.073181945
obj_11_pine,1.0,2,10,random48_2,0.4,48,0.0140308529
obj_11_pine,1.0,2,10,random48_2,0.6,48,0.0140308529
obj_11_pine,1.0,2,10,random48_2,0.8,48,0.0140308529
obj_11_pine,1.0,2,10,random48_3,0.1,14,0.0854248513
obj_11_pine,1.0,2,10,random48_3,0.2,28,0.672735995
obj_11_pine,1.0,2,10,random48_3,0.4,48,0.0140308529
obj_11_pine,1.0,2,10,random48_3,0.6,48,0.0140308529
obj_11_pine,1.0,2,10,random48_3,0.8,48,0.0140308529
obj_11_pine,1.0,2,10,random48_4,0.1,14,0.377130875
obj_11_pine,1.0,2,10,random48_4,0.2,28,0.563219566
obj_11_pine,1.0,2,10,random48_4,0.4,48,0.0140308529
obj_11_pine,1.0,2,10,random48_4,0.6,48,0.0140308529
obj_11_pine,1.0,2,10,random48_4,0.8,48,0.0140308529
obj_11_pine,1.0,2,100,random48_0,0.1,14,0.416498538
obj_11_pine,1.0,2,100,random48_0,0.2,28,0.693712851
obj_11_pine,1.0,2,100,random48_0,0.4,48,0.00131470888
obj_11_pine,1.0,2,100,random48_0,0.6,48,0.00131470888
obj_11_pine,1.0,2,100,random48_0,0.8,48,0.00131470888
obj_11_pine,1.0,2,100,random48_1,0.1,14,0.178826367
obj_11_pine,1.0,2,100,random48_1,0.2,28,0.0203791459
obj_11_pine,1.0,2,100,random48_1,0.4,48,0.00131470888
obj_11_pine,1.0,2,100,random48_1,0.6,48,0.00131470888
obj_11_pine,1.0,2,100,random48_1,0.8,48,0.00131470888
obj_11_pine,1.0,2,100,random48_2,0.1,14,0.0931484451
obj_11_pine,1.0,2,100,random48_2,0.2,28,0.499117068
obj_11_pine,1.0,2,100,random48_2,0.4,48,0.00131470888
obj_11_pine,1.0,2,100,random48_2,0.6,48,0.00131470888
obj_11_pine,1.0,2,100,random48_2,0.8,48,0.00131470888
obj_11_pine,1.0,2,100,random48_3,0.1,14,0.460761374
obj_11_pine,1.0,2,100,random48_3,0.2,28,1.03779369
obj_11_pine,1.0,2,100,random48_3,0.4,48,0.00131470888
obj_11_pine,1.0,2,100,random48_3,0.6,48,0.00131470888
obj_11_pine,1.0,2,100,random48_3,0.8,48,0.00131470888
obj_11_pine,1.0,2,100,random48_4,0.1,14,0.0369863443
obj_11_pine,1.0,2,100,random48_4,0.2,28,0.0481231193
obj_11_pine,1.0,2,100,random48_4,0.4,48,0.00131470888
obj_11_pine,1.0,2,100,random48_4,0.6,48,0.00131470888
obj_11_pine,1.0,2,100,random48_4,0.8,48,0.00131470888
obj_11_pine,1.0,3,10,random48_0,0.1,14,0.457093738
obj_11_pine,1.0,3,10,random48_0,0.2,28,0.783721344
obj_11_pine,1.0,3,10,random48_0,0.4,48,0.0637493161
obj_11_pine,1.0,3,10,random48_0,0.6,48,0.0637493161
obj_11_pine,1.0,3,10,random48_0,0.8,48,0.0637493161
obj_11_pine,1.0,3,10,random48_1,0.1,14,0.24406097
obj_11_pine,1.0,3,10,random48_1,0.2,28,0.503453007
obj_11_pine,1.0,3,10,random48_1,0.4,48,0.0637493161
obj_11_pine,1.0,3,10,random48_1,0.6,48,0.0637493161
obj_11_pine,1.0,3,10,random48_1,0.8,48,0.0637493161
obj_11_pine,1.0,3,10,random48_2,0.1,14,0.232802039
obj_11_pine,1.0,3,10,random48_2,0.2,28,0.335110454
obj_11_pine,1.0,3,10,random48_2,0.4,48,0.0637493161
obj_11_pine,1.0,3,10,random48_2,0.6,48,0.0637493161
obj_11_pine,1.0,3,10,random48_2,0.8,48,0.0637493161
obj_11_pine,1.0,3,10,random48_3,0.1,14,0.21997236
obj_11_pine,1.0,3,10,random48_3,0.2,28,0.562409818
obj_11_pine,1.0,3,10,random48_3,0.4,48,0.0637493161
obj_11_pine,1.0,3,10,random48_3,0.6,48,0.0637493161
obj_11_pine,1.0,3,10,random48_3,0.8,48,0.0637493161
obj_11_pine,1.0,3,10,random48_4,0.1,14,0.346228604
obj_11_pine,1.0,3,10,random48_4,0.2,28,0.490896978
obj_11_pine,1.0,3,10,random48_4,0.4,48,0.0637493161
obj_11_pine,1.0,3,10,random48_4,0.6,48,0.0637493161
obj_11_pine,1.0,3,10,random48_4,0.8,48,0.0637493161
obj_11_pine,1.0,3,100,random48_0,0.1,14,0.255090045
obj_11_pine,1.0,3,100,random48_0,0.2,28,0.818993922
obj_11_pine,1.0,3,100,random48_0,0.4,48,0.00608606864
obj_11_pine,1.0,3,100,random48_0,0.6,48,0.00608606864
obj_11_pine,1.0,3,100,random48_0,0.8,48,0.00608606864
obj_11_pine,1.0,3,100,random48_1,0.1,14,0.475143865
obj_11_pine,1.0,3,100,random48_1,0.2,28,0.91144488
obj_11_pine,1.0,3,100,random48_1,0.4,48,0.00608606864
obj_11_pine,1.0,3,100,random48_1,0.6,48,0.00608606864
obj_11_pine,1.0,3,100,random48_1,0.8,48,0.00608606864
obj_11_pine,1.0,3,100,random48_2,0.1,14,0.0932329855
obj_11_pine,1.0,3,100,random48_2,0.2,28,0.24630495
obj_11_pine,1.0,3,100,random48_2,0.4,48,0.00608606864
obj_11_pine,1.0,3,100,random48_2,0.6,48,0.00608606864
obj_11_pine,1.0,3,100,random48_2,0.8,48,0.00608606864
obj_11_pine,1.0,3,100,random48_3,0.1,14,0.209600283
obj_11_pine,1.0,3,100,random48_3,0.2,28,0.702177373
obj_11_pine,1.0,3,100,random48_3,0.4,48,0.00608606864
obj_11_pine,1.0,3,100,random48_3,0.6,48,0.00608606864
obj_11_pine,1.0,3,100,random48_3,0.8,48,0.00608606864
obj_11_pine,1.0,3,100,random48_4,0.1,14,0.265024612
obj_11_pine,1.0,3,100,random48_4,0.2,28,0.306513826
obj_11_pine,1.0,3,100,random48_4,0.4,48,0.00608606864
obj_11_pine,1.0,3,100,random48_4,0.6,48,0.00608606864
obj_11_pine,1.0,3,100,random48_4,0.8,48,0.00608606864
obj_11_pine,1.0,4,10,random48_0,0.1,14,0.085995089
obj_11_pine,1.0,4,10,random48_0,0.2,28,0.10762016
obj_11_pine,1.0,4,10,random48_0,0.4,48,0.0222181342
obj_11_pine,1.0,4,10,random48_0,0.6,48,0.0222181342
obj_11_pine,1.0,4,10,random48_0,0.8,48,0.0222181342
obj_11_pine,1.0,4,10,random48_1,0.1,14,0.0511873324
obj_11_pine,1.0,4,10,random48_1,0.2,28,0.0638495276
obj_11_pine,1.0,4,10,random48_1,0.4,48,0.0222181342
obj_11_pine,1.0,4,10,random48_1,0.6,48,0.0222181342
obj_11_pine,1.0,4,10,random48_1,0.8,48,0.0222181342
obj_11_pine,1.0,4,10,random48_2,0.1,14,0.0235616641
obj_11_pine,1.0,4,10,random48_2,0.2,28,0.0409878528
obj_11_pine,1.0,4,10,random48_2,0.4,48,0.0222181342
obj_11_pine,1.0,4,10,random48_2,0.6,48,0.0222181342
obj_11_pine,1.0,4,10,random48_2,0.8,48,0.0222181342
obj_11_pine,1.0,4,10,random48_3,0.1,14,0.020055858
obj_11_pine,1.0,4,10,random48_3,0.2,28,0.204468371
obj_11_pine,1.0,4,10,random48_3,0.4,48,0.0222181342
obj_11_pine,1.0,4,10,random48_3,0.6,48,0.0222181342
obj_11_pine,1.0,4,10,random48_3,0.8,48,0.0222181342
obj_11_pine,1.0,4,10,random48_4,0.1,14,0.100455313
obj_11_pine,1.0,4,10,random48_4,0.2,28,0.398847259
obj_11_pine,1.0,4,10,random48_4,0.4,48,0.0222181342
obj_11_pine,1.0,4,10,random48_4,0.6,48,0.0222181342
obj_11_pine,1.0,4,10,random48_4,0.8,48,0.0222181342
obj_11_pine,1.0,4,100,random48_0,0.1,14,0.660507657
obj_11_pine,1.0,4,100,random48_0,0.2,28,0.170915909
obj_11_pine,1.0,4,100,random48_0,0.4,48,0.00447520664
obj_11_pine,1.0,4,100,random48_0,0.6,48,0.00447520664
obj_11_pine,1.0,4,100,random48_0,0.8,48,0.00447520664
obj_11_pine,1.0,4,100,random48_1,0.1,14,0.205719131
obj_11_pine,1.0,4,100,random48_1,0.2,28,0.562997127
obj_11_pine,1.0,4,100,random48_1,0.4,48,0.00447520664
obj_11_pine,1.0,4,100,random48_1,0.6,48,0.00447520664
obj_11_pine,1.0,4,100,random48_1,0.8,48,0.00447520664
obj_11_pine,1.0,4,100,random48_2,0.1,14,0.0534324996
obj_11_pine,1.0,4,100,random48_2,0.2,28,0.100703266
obj_11_pine,1.0,4,100,random48_2,0.4,48,0.00447520664
obj_11_pine,1.0,4,100,random48_2,0.6,48,0.00447520664
obj_11_pine,1.0,4,100,random48_2,0.8,48,0.00447520664
obj_11_pine,1.0,4,100,random48_3,0.1,14,0.0416690316
obj_11_pine,1.0,4,100,random48_3,0.2,28,0.347787073
obj_11_pine,1.0,4,100,random48_3,0.4,48,0.00447520664
obj_11_pine,1.0,4,100,random48_3,0.6,48,0.00447520664
obj_11_pine,1.0,4,100,random48_3,0.8,48,0.00447520664
obj_11_pine,1.0,4,100,random48_4,0.1,14,0.0209182732
obj_11_pine,1.0,4,100,random48_4,0.2,28,0.0741422415
obj_11_pine,1.0,4,100,random48_4,0.4,48,0.00447520664
obj_11_pine,1.0,4,100,random48_4,0.6,48,0.00447520664
obj_11_pine,1.0,4,100,random48_4,0.8,48,0.00447520664
obj_11_pine,1.0,5,10,random48_0,0.1,14,2.35972759
obj_11_pine,1.0,5,10,random48_0,0.2,28,0.93086026
obj_11_pine,1.0,5,10,random48_0,0.4,48,0.256196115
obj_11_pine,1.0,5,10,random48_0,0.6,48,0.256196115
obj_11_pine,1.0,5,10,random48_0,0.8,48,0.256196115
obj_11_pine,1.0,5,10,random48_1,0.1,14,3.15293194
obj_11_pine,1.0,5,10,random48_1,0.2,28,2.38609471
obj_11_pine,1.0,5,10,random48_1,0.4,48,0.256196115
obj_11_pine,1.0,5,10,random48_1,0.6,48,0.256196115
obj_11_pine,1.0,5,10,random48_1,0.8,48,0.256196115
obj_11_pine,1.0,5,10,random48_2,0.1,14,1.93037227
obj_11_pine,1.0,5,10,random48_2,0.2,28,1.87394891
obj_11_pine,1.0,5,10,random48_2,0.4,48,0.256196115
obj_11_pine,1.0,5,10,random48_2,0.6,48,0.256196115
obj_11_pine,1.0,5,10,random48_2,0.8,48,0.256196115
obj_11_pine,1.0,5,10,random48_3,0.1,14,2.66608686
obj_11_pine,1.0,5,10,random48_3,0.2,28,1.80509129
obj_11_pine,1.0,5,10,random48_3,0.4,48,0.256196115
obj_11_pine,1.0,5,10,random48_3,0.6,48,0.256196115
obj_11_pine,1.0,5,10,random48_3,0.8,48,0.256196115
obj_11_pine,1.0,5,10,random48_4,0.1,14,2.45340424
obj_11_pine,1.0,5,10,random48_4,0.2,28,2.33629306
obj_11_pine,1.0,5,10,random48_4,0.4,48,0.256196115
obj_11_pine,1.0,5,10,random48_4,0.6,48,0.256196115
obj_11_pine,1.0,5,10,random48_4,0.8,48,0.256196115
obj_11_pine,1.0,5,100,random48_0,0.1,14,2.04257342
obj_11_pine,1.0,5,100,random48_0,0.2,28,0.775596889
obj_11_pine,1.0,5,100,random48_0,0.4,48,0.0134842208
obj_11_pine,1.0,5,100,random48_0,0.6,48,0.0134842208
obj_11_pine,1.0,5,100,random48_0,0.8,48,0.0134842208
obj_11_pine,1.0,5,100,random48_1,0.1,14,2.73706923
obj_11_pine,1.0,5,100,random48_1,0.2,28,2.41319125
obj_11_pine,1.0,5,100,random48_1,0.4,48,0.0134842208
obj_11_pine,1.0,5,100,random48_1,0.6,48,0.0134842208
obj_11_pine,1.0,5,100,random48_1,0.8,48,0.0134842208
obj_11_pine,1.0,5,100,random48_2,0.1,14,0.140950678
obj_11_pine,1.0,5,100,random48_2,0.2,28,0.149118795
obj_11_pine,1.0,5,100,random48_2,0.4,48,0.0134842208
obj_11_pine,1.0,5,100,random48_2,0.6,48,0.0134842208
obj_11_pine,1.0,5,100,random48_2,0.8,48,0.0134842208
obj_11_pine,1.0,5,100,random48_3,0.1,14,2.81335146
obj_11_pine,1.0,5,100,random48_3,0.2,28,0.290551698
obj_11_pine,1.0,5,100,random48_3,0.4,48,0.0134842208
obj_11_pine,1.0,5,100,random48_3,0.6,48,0.0134842208
obj_11_pine,1.0,5,100,random48_3,0.8,48,0.0134842208
obj_11_pine,1.0,5,100,random48_4,0.1,14,2.74197514
obj_11_pine,1.0,5,100,random48_4,0.2,28,0.776855648
obj_11_pine,1.0,5,100,random48_4,0.4,48,0.0134842208
obj_11_pine,1.0,5,100,random48_4,0.6,48,0.0134842208
obj_11_pine,1.0,5,100,random48_4,0.8,48,0.0134842208
obj_11_pine,1.0,6,10,random48_0,0.1,14,0.412309883
obj_11_pine,1.0,6,10,random48_0,0.2,28,0.657067721
obj_11_pine,1.0,6,10,random48_0,0.4,48,0.0802295419
obj_11_pine,1.0,6,10,random48_0,0.6,48,0.0802295419
obj_11_pine,1.0,6,10,random48_0,0.8,48,0.0802295419
obj_11_pine,1.0,6,10,random48_1,0.1,14,1.12154802
obj_11_pine,1.0,6,10,random48_1,0.2,28,1.28460199
obj_11_pine,1.0,6,10,random48_1,0.4,48,0.0802295419
obj_11_pine,1.0,6,10,random48_1,0.6,48,0.0802295419
obj_11_pine,1.0,6,10,random48_1,0.8,48,0.0802295419
obj_11_pine,1.0,6,10,random48_2,0.1,14,0.170311182
obj_11_pine,1.0,6,10,random48_2,0.2,28,0.102604612
obj_11_pine,1.0,6,10,random48_2,0.4,48,0.0802295419
obj_11_pine,1.0,6,10,random48_2,0.6,48,0.0802295419
obj_11_pine,1.0,6,10,random48_2,0.8,48,0.0802295419
obj_11_pine,1.0,6,10,random48_3,0.1,14,0.120681843
obj_11_pine,1.0,6,10,random48_3,0.2,28,1.12514927
obj_11_pine,1.0,6,10,random48_3,0.4,48,0.0802295419
obj_11_pine,1.0,6,10,random48_3,0.6,48,0.0802295419
obj_11_pine,1.0,6,10,random48_3,0.8,48,0.0802295419
obj_11_pine,1.0,6,10,random48_4,0.1,14,0.135527545
obj_11_pine,1.0,6,10,random48_4,0.2,28,0.0825563769
obj_11_pine,1.0,6,10,random48_4,0.4,48,0.0802295419
obj_11_pine,1.0,6,10,random48_4,0.6,48,0.0802295419
obj_11_pine,1.0,6,10,random48_4,0.8,48,0.0802295419
obj_11_pine,1.0,6,100,random48_0,0.1,14,0.532091371
obj_11_pine,1.0,6,100,random48_0,0.2,28,0.792379662
obj_11_pine,1.0,6,100,random48_0,0.4,48,0.0127102759
obj_11_pine,1.0,6,100,random48_0,0.6,48,0.0127102759
obj_11_pine,1.0,6,100,random48_0,0.8,48,0.0127102759
obj_11_pine,1.0,6,100,random48_1,0.1,14,0.804347444
obj_11_pine,1.0,6,100,random48_1,0.2,28,1.40586213
obj_11_pine,1.0,6,100,random48_1,0.4,48,0.0127102759
obj_11_pine,1.0,6,100,random48_1,0.6,48,0.0127102759
obj_11_pine,1.0,6,100,random48_1,0.8,48,0.0127102759
obj_11_pine,1.0,6,100,random48_2,0.1,14,0.476801994
obj_11_pine,1.0,6,100,random48_2,0.2,28,0.372647144
obj_11_pine,1.0,6,100,random48_2,0.4,48,0.0127102759
obj_11_pine,1.0,6,100,random48_2,0.6,48,0.0127102759
obj_11_pine,1.0,6,100,random48_2,0.8,48,0.0127102759
obj_11_pine,1.0,6,100,random48_3,0.1,14,0.125190709
obj_11_pine,1.0,6,100,random48_3,0.2,28,0.119817836
obj_11_pine,1.0,6,100,random48_3,0.4,48,0.0127102759
obj_11_pine,1.0,6,100,random48_3,0.6,48,0.0127102759
obj_11_pine,1.0,6,100,random48_3,0.8,48,0.0127102759
obj_11_pine,1.0,6,100,random48_4,0.1,14,0.149120623
obj_11_pine,1.0,6,100,random48_4,0.2,28,0.488513338
obj_11_pine,1.0,6,100,random48_4,0.4,48,0.0127102759
obj_11_pine,1.0,6,100,random48_4,0.6,48,0.0127102759
obj_11_pine,1.0,6,100,random48_4,0.8,48,0.0127102759
obj_11_pine,1.0,7,10,random48_0,0.1,14,0.106579058
obj_11_pine,1.0,7,10,random48_0,0.2,28,0.11569543
obj_11_pine,1.0,7,10,random48_0,0.4,48,0.0193594879
obj_11_pine,1.0,7,10,random48_0,0.6,48,0.0193594879
obj_11_pine,1.0,7,10,random48_0,0.8,48,0.0193594879
obj_11_pine,1.0,7,10,random48_1,0.1,14,0.330749409
obj_11_pine,1.0,7,10,random48_1,0.2,28,0.246777716
obj_11_pine,1.0,7,10,random48_1,0.4,48,0.0193594879
obj_11_pine,1.0,7,10,random48_1,0.6,48,0.0193594879
obj_11_pine,1.0,7,10,random48_1,0.8,48,0.0193594879
obj_11_pine,1.0,7,10,random48_2,0.1,14,0.304942278
obj_11_pine,1.0,7,10,random48_2,0.2,28,0.334298856
obj_11_pine,1.0,7,10,random48_2,0.4,48,0.0193594879
obj_11_pine,1.0,7,10,random48_2,0.6,48,0.0193594879
obj_11_pine,1.0,7,10,random48_2,0.8,48,0.0193594879
obj_11_pine,1.0,7,10,random48_3,0.1,14,0.331533166
obj_11_pine,1.0,7,10,random48_3,0.2,28,0.0577783853
obj_11_pine,1.0,7,10,random48_3,0.4,48,0.0193594879
obj_11_pine,1.0,7,10,random48_3,0.6,48,0.0193594879
obj_11_pine,1.0,7,10,random48_3,0.8,48,0.0193594879
obj_11_pine,1.0,7,10,random48_4,0.1,14,0.0723272086
obj_11_pine,1.0,7,10,random48_4,0.2,28,0.121018895
obj_11_pine,1.0,7,10,random48_4,0.4,48,0.0193594879
obj_11_pine,1.0,7,10,random48_4,0.6,48,0.0193594879
obj_11_pine,1.0,7,10,random48_4,0.8,48,0.0193594879
obj_11_pine,1.0,7,100,random48_0,0.1,14,0.411669476
obj_11_pine,1.0,7,100,random48_0,0.2,28,0.11199335
obj_11_pine,1.0,7,100,random48_0,0.4,48,0.00288066246
obj_11_pine,1.0,7,100,random48_0,0.6,48,0.00288066246
obj_11_pine,1.0,7,100,random48_0,0.8,48,0.00288066246
obj_11_pine,1.0,7,100,random48_1,0.1,14,0.045480183
obj_11_pine,1.0,7,100,random48_1,0.2,28,0.144008861
obj_11_pine,1.0,7,100,random48_1,0.4,48,0.00288066246
obj_11_pine,1.0,7,100,random48_1,0.6,48,0.00288066246
obj_11_pine,1.0,7,100,random48_1,0.8,48,0.00288066246
obj_11_pine,1.0,7,100,random48_2,0.1,14,0.358927717
obj_11_pine,1.0,7,100,random48_2,0.2,28,0.416528174
obj_11_pine,1.0,7,100,random48_2,0.4,48,0.00288066246
obj_11_pine,1.0,7,100,random48_2,0.6,48,0.00288066246
obj_11_pine,1.0,7,100,random48_2,0.8,48,0.00288066246
obj_11_pine,1.0,7,100,random48_3,0.1,14,0.409718061
obj_11_pine,1.0,7,100,random48_3,0.2,28,0.103014372
obj_11_pine,1.0,7,100,random48_3,0.4,48,0.00288066246
obj_11_pine,1.0,7,100,random48_3,0.6,48,0.00288066246
obj_11_pine,1.0,7,100,random48_3,0.8,48,0.00288066246
obj_11_pine,1.0,7,100,random48_4,0.1,14,0.431793421
obj_11_pine,1.0,7,100,random48_4,0.2,28,0.465066605
obj_11_pine,1.0,7,100,random48_4,0.4,48,0.00288066246
obj_11_pine,1.0,7,100,random48_4,0.6,48,0.00288066246
obj_11_pine,1.0,7,100,random48_4,0.8,48,0.00288066246
obj_11_pine,1.0,8,10,random48_0,0.1,14,0.320251543
obj_11_pine,1.0,8,10,random48_0,0.2,28,0.251290724
obj_11_pine,1.0,8,10,random48_0,0.4,48,0.0366483063
obj_11_pine,1.0,8,10,random48_0,0.6,48,0.0366483063
obj_11_pine,1.0,8,10,random48_0,0.8,48,0.0366483063
obj_11_pine,1.0,8,10,random48_1,0.1,14,0.322862404
obj_11_pine,1.0,8,10,random48_1,0.2,28,0.30064515
obj_11_pine,1.0,8,10,random48_1,0.4,48,0.0366483063
obj_11_pine,1.0,8,10,random48_1,0.6,48,0.0366483063
obj_11_pine,1.0,8,10,random48_1,0.8,48,0.0366483063
obj_11_pine,1.0,8,10,random48_2,0.1,14,0.230151506
obj_11_pine,1.0,8,10,random48_2,0.2,28,0.442071016
obj_11_pine,1.0,8,10,random48_2,0.4,48,0.0366483063
obj_11_pine,1.0,8,10,random48_2,0.6,48,0.0366483063
obj_11_pine,1.0,8,10,random48_2,0.8,48,0.0366483063
obj_11_pine,1.0,8,10,random48_3,0.1,14,0.461460067
obj_11_pine,1.0,8,10,random48_3,0.2,28,0.474069456
obj_11_pine,1.0,8,10,random48_3,0.4,48,0.0366483063
obj_11_pine,1.0,8,10,random48_3,0.6,48,0.0366483063
obj_11_pine,1.0,8,10,random48_3,0.8,48,0.0366483063
obj_11_pine,1.0,8,10,random48_4,0.1,14,0.268276997
obj_11_pine,1.0,8,10,random48_4,0.2,28,0.284186808
obj_11_pine,1.0,8,10,random48_4,0.4,48,0.0366483063
obj_11_pine,1.0,8,10,random48_4,0.6,48,0.0366483063
obj_11_pine,1.0,8,10,random48_4,0.8,48,0.0366483063
obj_11_pine,1.0,8,100,random48_0,0.1,14,0.176110568
obj_11_pine,1.0,8,100,random48_0,0.2,28,0.255246149
obj_11_pine,1.0,8,100,random48_0,0.4,48,0.00254550524
obj_11_pine,1.0,8,100,random48_0,0.6,48,0.00254550524
obj_11_pine,1.0,8,100,random48_0,0.8,48,0.00254550524
obj_11_pine,1.0,8,100,random48_1,0.1,14,0.266040885
obj_11_pine,1.0,8,100,random48_1,0.2,28,0.0454065479
obj_11_pine,1.0,8,100,random48_1,0.4,48,0.00254550524
obj_11_pine,1.0,8,100,random48_1,0.6,48,0.00254550524
obj_11_pine,1.0,8,100,random48_1,0.8,48,0.00254550524
obj_11_pine,1.0,8,100,random48_2,0.1,14,0.56169103
obj_11_pine,1.0,8,100,random48_2,0.2,28,0.249704929
obj_11_pine,1.0,8,100,random48_2,0.4,48,0.00254550524
obj_11_pine,1.0,8,100,random48_2,0.6,48,0.00254550524
obj_11_pine,1.0,8,100,random48_2,0.8,48,0.00254550524
obj_11_pine,1.0,8,100,random48_3,0.1,14,0.364125583
obj_11_pine,1.0,8,100,random48_3,0.2,28,0.392471649
obj_11_pine,1.0,8,100,random48_3,0.4,48,0.00254550524
obj_11_pine,1.0,8,100,random48_3,0.6,48,0.00254550524
obj_11_pine,1.0,8,100,random48_3,0.8,48,0.00254550524
obj_11_pine,1.0,8,100,random48_4,0.1,14,0.20012849
obj_11_pine,1.0,8,100,random48_4,0.2,28,0.32678083
obj_11_pine,1.0,8,100,random48_4,0.4,48,0.00254550524
obj_11_pine,1.0,8,100,random48_4,0.6,48,0.00254550524
obj_11_pine,1.0,8,100,random48_4,0.8,48,0.00254550524
obj_11_pine,1.0,9,10,random48_0,0.1,14,0.357579375
obj_11_pine,1.0,9,10,random48_0,0.2,28,0.0947068753
obj_11_pine,1.0,9,10,random48_0,0.4,48,0.116845979
obj_11_pine,1.0,9,10,random48_0,0.6,48,0.116845979
obj_11_pine,1.0,9,10,random48_0,0.8,48,0.116845979
obj_11_pine,1.0,9,10,random48_1,0.1,14,0.190363436
obj_11_pine,1.0,9,10,random48_1,0.2,28,0.143810246
obj_11_pine,1.0,9,10,random48_1,0.4,48,0.116845979
obj_11_pine,1.0,9,10,random48_1,0.6,48,0.116845979
obj_11_pine,1.0,9,10,random48_1,0.8,48,0.116845979
obj_11_pine,1.0,9,10,random48_2,0.1,14,0.491083188
obj_11_pine,1.0,9,10,random48_2,0.2,28,0.612465252
obj_11_pine,1.0,9,10,random48_2,0.4,48,0.116845979
obj_11_pine,1.0,9,10,random48_2,0.6,48,0.116845979
obj_11_pine,1.0,9,10,random48_2,0.8,48,0.116845979
obj_11_pine,1.0,9,10,random48_3,0.1,14,0.0932182326
obj_11_pine,1.0,9,10,random48_3,0.2,28,0.107269081
obj_11_pine,1.0,9,10,random48_3,0.4,48,0.116845979
obj_11_pine,1.0,9,10,random48_3,0.6,48,0.116845979
obj_11_pine,1.0,9,10,random48_3,0.8,48,0.116845979
obj_11_pine,1.0,9,10,random48_4,0.1,14,0.733398372
obj_11_pine,1.0,9,10,random48_4,0.2,28,1.36428674
obj_11_pine,1.0,9,10,random48_4,0.4,48,0.116845979
obj_11_pine,1.0,9,10,random48_4,0.6,48,0.116845979
obj_11_pine,1.0,9,10,random48_4,0.8,48,0.116845979
obj_11_pine,1.0,9,100,random48_0,0.1,14,0.287200149
obj_11_pine,1.0,9,100,random48_0,0.2,28,0.545463409
obj_11_pine,1.0,9,100,random48_0,0.4,48,0.0116066643
obj_11_pine,1.0,9,100,random48_0,0.6,48,0.0116066643
obj_11_pine,1.0,9,100,random48_0,0.8,48,0.0116066643
obj_11_pine,1.0,9,100,random48_1,0.1,14,0.386196694
obj_11_pine,1.0,9,100,random48_1,0.2,28,0.598509214
obj_11_pine,1.0,9,100,random48_1,0.4,48,0.0116066643
obj_11_pine,1.0,9,100,random48_1,0.6,48,0.0116066643
obj_11_pine,1.0,9,100,random48_1,0.8,48,0.0116066643
obj_11_pine,1.0,9,100,random48_2,0.1,14,0.299181915
obj_11_pine,1.0,9,100,random48_2,0.2,28,0.33258176
obj_11_pine,1.0,9,100,random48_2,0.4,48,0.0116066643
obj_11_pine,1.0,9,100,random48_2,0.6,48,0.0116066643
obj_11_pine,1.0,9,100,random48_2,0.8,48,0.0116066643
obj_11_pine,1.0,9,100,random48_3,0.1,14,0.660169921
obj_11_pine,1.0,9,100,random48_3,0.2,28,0.627041937
obj_11_pine,1.0,9,100,random48_3,0.4,48,0.0116066643
obj_11_pine,1.0,9,100,random48_3,0.6,48,0.0116066643
obj_11_pine,1.0,9,100,random48_3,0.8,48,0.0116066643
obj_11_pine,1.0,9,100,random48_4,0.1,14,0.117681197
obj_11_pine,1.0,9,100,random48_4,0.2,28,0.0936936138
obj_11_pine,1.0,9,100,random48_4,0.4,48,0.0116066643
obj_11_pine,1.0,9,100,random48_4,0.6,48,0.0116066643
obj_11_pine,1.0,9,100,random48_4,0.8,48,0.0116066643
obj_13_mushroom,0.2,0,10,random48_0,0.1,14,0.092222839
obj_13_mushroom,0.2,0,10,random48_0,0.2,28,0.0705250207
obj_13_mushroom,0.2,0,10,random48_0,0.4,48,0.0152373808
obj_13_mushroom,0.2,0,10,random48_0,0.6,48,0.0152373808
obj_13_mushroom,0.2,0,10,random48_0,0.8,48,0.0152373808
obj_13_mushroom,0.2,0,10,random48_1,0.1,14,0.0871187838
obj_13_mushroom,0.2,0,10,random48_1,0.2,28,0.0535200624
obj_13_mushroom,0.2,0,10,random48_1,0.4,48,0.0152373808
obj_13_mushroom,0.2,0,10,random48_1,0.6,48,0.0152373808
obj_13_mushroom,0.2,0,10,random48_1,0.8,48,0.0152373808
obj_13_mushroom,0.2,0,10,random48_2,0.1,14,0.124403671
obj_13_mushroom,0.2,0,10,random48_2,0.2,28,0.0827285593
obj_13_mushroom,0.2,0,10,random48_2,0.4,48,0.0152373808
obj_13_mushroom,0.2,0,10,random48_2,0.6,48,0.0152373808
obj_13_mushroom,0.2,0,10,random48_2,0.8,48,0.0152373808
obj_13_mushroom,0.2,0,10,random48_3,0.1,14,0.0721557608
obj_13_mushroom,0.2,0,10,random48_3,0.2,28,0.102402884
obj_13_mushroom,0.2,0,10,random48_3,0.4,48,0.0152373808
obj_13_mushroom,0.2,0,10,random48_3,0.6,48,0.0152373808
obj_13_mushroom,0.2,0,10,random48_3,0.8,48,0.0152373808
obj_13_mushroom,0.2,0,10,random48_4,0.1,14,0.109709672
obj_13_mushroom,0.2,0,10,random48_4,0.2,28,0.0449328437
obj_13_mushroom,0.2,0,10,random48_4,0.4,48,0.0152373808
obj_13_mushroom,0.2,0,10,random48_4,0.6,48,0.0152373808
obj_13_mushroom,0.2,0,10,random48_4,0.8,48,0.0152373808
obj_13_mushroom,0.2,0,100,random48_0,0.1,14,0.0949394529
obj_13_mushroom,0.2,0,100,random48_0,0.2,28,0.0678893592
obj_13_mushroom,0.2,0,100,random48_0,0.4,48,0.00157993503
obj_13_mushroom,0.2,0,100,random48_0,0.6,48,0.00157993503
obj_13_mushroom,0.2,0,100,random48_0,0.8,48,0.00157993503
obj_13_mushroom,0.2,0,100,random48_1,0.1,14,0.129472823
obj_13_mushroom,0.2,0,100,random48_1,0.2,28,0.0262276936
obj_13_mushroom,0.2,0,100,random48_1,0.4,48,0.00157993503
obj_13_mushroom,0.2,0,100,random48_1,0.6,48,0.00157993503
obj_13_mushroom,0.2,0,100,random48_1,0.8,48,0.00157993503
obj_13_mushroom,0.2,0,100,random48_2,0.1,14,0.043006907
obj_13_mushroom,0.2,0,100,random48_2,0.2,28,0.0329418322
obj_13_mushroom,0.2,0,100,random48_2,0.4,48,0.00157993503
obj_13_mushroom,0.2,0,100,random48_2,0.6,48,0.00157993503
obj_13_mushroom,0.2,0,100,random48_2,0.8,48,0.00157993503
obj_13_mushroom,0.2,0,100,random48_3,0.1,14,0.146926242
obj_13_mushroom,0.2,0,100,random48_3,0.2,28,0.0427608709
obj_13_mushroom,0.2,0,100,random48_3,0.4,48,0.00157993503
obj_13_mushroom,0.2,0,100,random48_3,0.6,48,0.00157993503
obj_13_mushroom,0.2,0,100,random48_3,0.8,48,0.00157993503
obj_13_mushroom,0.2,0,100,random48_4,0.1,14,0.0980802273
obj_13_mushroom,0.2,0,100,random48_4,0.2,28,0.0516831945
obj_13_mushroom,0.2,0,100,random48_4,0.4,48,0.00157993503
obj_13_mushroom,0.2,0,100,random48_4,0.6,48,0.00157993503
obj_13_mushroom,0.2,0,100,random48_4,0.8,48,0.00157993503
obj_13_mushroom,0.2,1,10,random48_0,0.1,14,0.158381656
obj_13_mushroom,0.2,1,10,random48_0,0.2,28,0.0740645378
obj_13_mushroom,0.2,1,10,random48_0,0.4,48,0.0125202647
obj_13_mushroom,0.2,1,10,random48_0,0.6,48,0.0125202647
obj_13_mushroom,0.2,1,10,random48_0,0.8,48,0.0125202647
obj_13_mushroom,0.2,1,10,random48_1,0.1,14,0.07293335
obj_13_mushroom,0.2,1,10,random48_1,0.2,28,0.0298939375
obj_13_mushroom,0.2,1,10,random48_1,0.4,48,0.0125202647
obj_13_mushroom,0.2,1,10,random48_1,0.6,48,0.0125202647
obj_13_mushroom,0.2,1,10,random48_1,0.8,48,0.0125202647
obj_13_mushroom,0.2,1,10,random48_2,0.1,14,0.093643731
obj_13_mushroom,0.2,1,10,random48_2,0.2,28,0.0746121163
obj_13_mushroom,0.2,1,10,random48_2,0.4,48,0.0125202647
obj_13_mushroom,0.2,1,10,random48_2,0.6,48,0.0125202647
obj_13_mushroom,0.2,1,10,random48_2,0.8,48,0.0125202647
obj_13_mushroom,0.2,1,10,random48_3,0.1,14,0.0660870373
obj_13_mushroom,0.2,1,10,random48_3,0.2,28,0.055866351
obj_13_mushroom,0.2,1,10,random48_3,0.4,48,0.0125202647
obj_13_mushroom,0.2,1,10,random48_3,0.6,48,0.0125202647
obj_13_mushroom,0.2,1,10,random48_3,0.8,48,0.0125202647
obj_13_mushroom,0.2,1,10,random48_4,0.1,14,0.131808235
obj_13_mushroom,0.2,1,10,random48_4,0.2,28,0.128032308
obj_13_mushroom,0.2,1,10,random48_4,0.4,48,0.0125202647
obj_13_mushroom,0.2,1,10,random48_4,0.6,48,0.0125202647
obj_13_mushroom,0.2,1,10,random48_4,0.8,48,0.0125202647
obj_13_mushroom,0.2,1,100,random48_0,0.1,14,0.133797866
obj_13_mushroom,0.2,1,100,random48_0,0.2,28,0.0760939214
obj_13_mushroom,0.2,1,100,random48_0,0.4,48,0.00125206511
obj_13_mushroom,0.2,1,100,random48_0,0.6,48,0.00125206511
obj_13_mushroom,0.2,1,100,random48_0,0.8,48,0.00125206511
obj_13_mushroom,0.2,1,100,random48_1,0.1,14,0.0724540881
obj_13_mushroom,0.2,1,100,random48_1,0.2,28,0.0479565448
obj_13_mushroom,0.2,1,100,random48_1,0.4,48,0.00125206511
obj_13_mushroom,0.2,1,100,random48_1,0.6,48,0.00125206511
obj_13_mushroom,0.2,1,100,random48_1,0.8,48,0.00125206511
obj_13_mushroom,0.2,1,100,random48_2,0.1,14,0.067018577
obj_13_mushroom,0.2,1,100,random48_2,0.2,28,0.0456713702
obj_13_mushroom,0.2,1,100,random48_2,0.4,48,0.00125206511
obj_13_mushroom,0.2,1,100,random48_2,0.6,48,0.00125206511
obj_13_mushroom,0.2,1,100,random48_2,0.8,48,0.00125206511
obj_13_mushroom,0.2,1,100,random48_3,0.1,14,0.0669787914
obj_13_mushroom,0.2,1,100,random48_3,0.2,28,0.0254805606
obj_13_mushroom,0.2,1,100,random48_3,0.4,48,0.00125206511
obj_13_mushroom,0.2,1,100,random48_3,0.6,48,0.00125206511
obj_13_mushroom,0.2,1,100,random48_3,0.8,48,0.00125206511
obj_13_mushroom,0.2,1,100,random48_4,0.1,14,0.0688679899
obj_13_mushroom,0.2,1,100,random48_4,0.2,28,0.152452634
obj_13_mushroom,0.2,1,100,random48_4,0.4,48,0.00125206511
obj_13_mushroom,0.2,1,100,random48_4,0.6,48,0.00125206511
obj_13_mushroom,0.2,1,100,random48_4,0.8,48,0.00125206511
obj_13_mushroom,0.2,2,10,random48_0,0.1,14,0.0560069744
obj_13_mushroom,0.2,2,10,random48_0,0.2,28,0.0304520768
obj_13_mushroom,0.2,2,10,random48_0,0.4,48,0.00446922503
obj_13_mushroom,0.2,2,10,random48_0,0.6,48,0.00446922503
obj_13_mushroom,0.2,2,10,random48_0,0.8,48,0.00446922503
obj_13_mushroom,0.2,2,10,random48_1,0.1,14,0.0229229991
obj_13_mushroom,0.2,2,10,random48_1,0.2,28,0.0134862169
obj_13_mushroom,0.2,2,10,random48_1,0.4,48,0.00446922503
obj_13_mushroom,0.2,2,10,random48_1,0.6,48,0.00446922503
obj_13_mushroom,0.2,2,10,random48_1,0.8,48,0.00446922503
obj_13_mushroom,0.2,2,10,random48_2,0.1,14,0.0161290966
obj_13_mushroom,0.2,2,10,random48_2,0.2,28,0.0244572499
obj_13_mushroom,0.2,2,10,random48_2,0.4,48,0.00446922503
obj_13_mushroom,0.2,2,10,random48_2,0.6,48,0.00446922503
obj_13_mushroom,0.2,2,10,random48_2,0.8,48,0.00446922503
obj_13_mushroom,0.2,2,10,random48_3,0.1,14,0.0133718898
obj_13_mushroom,0.2,2,10,random48_3,0.2,28,0.0216375549
obj_13_mushroom,0.2,2,10,random48_3,0.4,48,0.00446922503
obj_13_mushroom,0.2,2,10,random48_3,0.6,48,0.00446922503
obj_13_mushroom,0.2,2,10,random48_3,0.8,48,0.00446922503
obj_13_mushroom,0.2,2,10,random48_4,0.1,14,0.0260667081
obj_13_mushroom,0.2,2,10,random48_4,0.2,28,0.0151761542
obj_13_mushroom,0.2,2,10,random48_4,0.4,48,0.00446922503
obj_13_mushroom,0.2,2,10,random48_4,0.6,48,0.00446922503
obj_13_mushroom,0.2,2,10,random48_4,0.8,48,0.00446922503
obj_13_mushroom,0.2,2,100,random48_0,0.1,14,0.0519346188
obj_13_mushroom,0.2,2,100,random48_0,0.2,28,0.0115035838
obj_13_mushroom,0.2,2,100,random48_0,0.4,48,0.000491795173
obj_13_mushroom,0.2,2,100,random48_0,0.6,48,0.000491795173
obj_13_mushroom,0.2,2,100,random48_0,0.8,48,0.000491795173
obj_13_mushroom,0.2,2,100,random48_1,0.1,14,0.0409316865
obj_13_mushroom,0.2,2,100,random48_1,0.2,28,0.00583788095
obj_13_mushroom,0.2,2,100,random48_1,0.4,48,0.000491795173
obj_13_mushroom,0.2,2,100,random48_1,0.6,48,0.000491795173
obj_13_mushroom,0.2,2,100,random48_1,0.8,48,0.000491795173
obj_13_mushroom,0.2,2,100,random48_2,0.1,14,0.0143512846
obj_13_mushroom,0.2,2,100,random48_2,0.2,28,0.00857483992
obj_13_mushroom,0.2,2,100,random48_2,0.4,48,0.000491795173
obj_13_mushroom,0.2,2,100,random48_2,0.6,48,0.000491795173
obj_13_mushroom,0.2,2,100,random48_2,0.8,48,0.000491795173
obj_13_mushroom,0.2,2,100,random48_3,0.1,14,0.0461991525
obj_13_mushroom,0.2,2,100,random48_3,0.2,28,0.0222380446
obj_13_mushroom,0.2,2,100,random48_3,0.4,48,0.000491795173
obj_13_mushroom,0.2,2,100,random48_3,0.6,48,0.000491795173
obj_13_mushroom,0.2,2,100,random48_3,0.8,48,0.000491795173
obj_13_mushroom,0.2,2,100,random48_4,0.1,14,0.0287033086
obj_13_mushroom,0.2,2,100,random48_4,0.2,28,0.0251315057
obj_13_mushroom,0.2,2,100,random48_4,0.4,48,0.000491795173
obj_13_mushroom,0.2,2,100,random48_4,0.6,48,0.000491795173
obj_13_mushroom,0.2,2,100,random48_4,0.8,48,0.000491795173
obj_13_mushroom,0.2,3,10,random48_0,0.1,14,0.0399954553
obj_13_mushroom,0.2,3,10,random48_0,0.2,28,0.0389338626
obj_13_mushroom,0.2,3,10,random48_0,0.4,48,0.00951629315
obj_13_mushroom,0.2,3,10,random48_0,0.6,48,0.00951629315
obj_13_mushroom,0.2,3,10,random48_0,0.8,48,0.00951629315
obj_13_mushroom,0.2,3,10,random48_1,0.1,14,0.0583626255
obj_13_mushroom,0.2,3,10,random48_1,0.2,28,0.0748973354
obj_13_mushroom,0.2,3,10,random48_1,0.4,48,0.00951629315
obj_13_mushroom,0.2,3,10,random48_1,0.6,48,0.00951629315
obj_13_mushroom,0.2,3,10,random48_1,0.8,48,0.00951629315
obj_13_mushroom,0.2,3,10,random48_2,0.1,14,0.134748406
obj_13_mushroom,0.2,3,10,random48_2,0.2,28,0.0960028087
obj_13_mushroom,0.2,3,10,random48_2,0.4,48,0.00951629315
obj_13_mushroom,0.2,3,10,random48_2,0.6,48,0.00951629315
obj_13_mushroom,0.2,3,10,random48_2,0.8,48,0.00951629315
obj_13_mushroom,0.2,3,10,random48_3,0.1,14,0.108088464
obj_13_mushroom,0.2,3,10,random48_3,0.2,28,0.0988285892
obj_13_mushroom,0.2,3,10,random48_3,0.4,48,0.00951629315
obj_13_mushroom,0.2,3,10,random48_3,0.6,48,0.00951629315
obj_13_mushroom,0.2,3,10,random48_3,0.8,48,0.00951629315
obj_13_mushroom,0.2,3,10,random48_4,0.1,14,0.133022898
obj_13_mushroom,0.2,3,10,random48_4,0.2,28,0.0191393683
obj_13_mushroom,0.2,3,10,random48_4,0.4,48,0.00951629315
obj_13_mushroom,0.2,3,10,random48_4,0.6,48,0.00951629315
obj_13_mushroom,0.2,3,10,random48_4,0.8,48,0.00951629315
obj_13_mushroom,0.2,3,100,random48_0,0.1,14,0.0325128785
obj_13_mushroom,0.2,3,100,random48_0,0.2,28,0.0212448863
obj_13_mushroom,0.2,3,100,random48_0,0.4,48,0.000883442207
obj_13_mushroom,0.2,3,100,random48_0,0.6,48,0.000883442207
obj_13_mushroom,0.2,3,100,random48_0,0.8,48,0.000883442207
obj_13_mushroom,0.2,3,100,random48_1,0.1,14,0.123959462
obj_13_mushroom,0.2,3,100,random48_1,0.2,28,0.0244958089
obj_13_mushroom,0.2,3,100,random48_1,0.4,48,0.000883442207
obj_13_mushroom,0.2,3,100,random48_1,0.6,48,0.000883442207
obj_13_mushroom,0.2,3,100,random48_1,0.8,48,0.000883442207
obj_13_mushroom,0.2,3,100,random48_2,0.1,14,0.0847957405
obj_13_mushroom,0.2,3,100,random48_2,0.2,28,0.0128392036
obj_13_mushroom,0.2,3,100,random48_2,0.4,48,0.000883442207
obj_13_mushroom,0.2,3,100,random48_2,0.6,48,0.000883442207
obj_13_mushroom,0.2,3,100,random48_2,0.8,48,0.000883442207
obj_13_mushroom,0.2,3,100,random48_3,0.1,14,0.0428381319
obj_13_mushroom,0.2,3,100,random48_3,0.2,28,0.00464841576
obj_13_mushroom,0.2,3,100,random48_3,0.4,48,0.000883442207
obj_13_mushroom,0.2,3,100,random48_3,0.6,48,0.000883442207
obj_13_mushroom,0.2,3,100,random48_3,0.8,48,0.000883442207
obj_13_mushroom,0.2,3,100,random48_4,0.1,14,0.135116409
obj_13_mushroom,0.2,3,100,random48_4,0.2,28,0.128016175
obj_13_mushroom,0.2,3,100,random48_4,0.4,48,0.000883442207
obj_13_mushroom,0.2,3,100,random48_4,0.6,48,0.000883442207
obj_13_mushroom,0.2,3,100,random48_4,0.8,48,0.000883442207
obj_13_mushroom,0.2,4,10,random48_0,0.1,14,0.0338498389
obj_13_mushroom,0.2,4,10,random48_0,0.2,28,0.0393784502
obj_13_mushroom,0.2,4,10,random48_0,0.4,48,0.0106148276
obj_13_mushroom,0.2,4,10,random48_0,0.6,48,0.0106148276
obj_13_mushroom,0.2,4,10,random48_0,0.8,48,0.0106148276
obj_13_mushroom,0.2,4,10,random48_1,0.1,14,0.11735251
obj_13_mushroom,0.2,4,10,random48_1,0.2,28,0.0351360504
obj_13_mushroom,0.2,4,10,random48_1,0.4,48,0.0106148276
obj_13_mushroom,0.2,4,10,random48_1,0.6,48,0.0106148276
obj_13_mushroom,0.2,4,10,random48_1,0.8,48,0.0106148276
obj_13_mushroom,0.2,4,10,random48_2,0.1,14,0.0399077276
obj_13_mushroom,0.2,4,10,random48_2,0.2,28,0.0415798946
obj_13_mushroom,0.2,4,10,random48_2,0.4,48,0.0106148276
obj_13_mushroom,0.2,4,10,random48_2,0.6,48,0.0106148276
obj_13_mushroom,0.2,4,10,random48_2,0.8,48,0.0106148276
obj_13_mushroom,0.2,4,10,random48_3,0.1,14,0.0447520222
obj_13_mushroom,0.2,4,10,random48_3,0.2,28,0.037309977
obj_13_mushroom,0.2,4,10,random48_3,0.4,48,0.0106148276
obj_13_mushroom,0.2,4,10,random48_3,0.6,48,0.0106148276
obj_13_mushroom,0.2,4,10,random48_3,0.8,48,0.0106148276
obj_13_mushroom,0.2,4,10,random48_4,0.1,14,0.0793432947
obj_13_mushroom,0.2,4,10,random48_4,0.2,28,0.0379037941
obj_13_mushroom,0.2,4,10,random48_4,0.4,48,0.0106148276
obj_13_mushroom,0.2,4,10,random48_4,0.6,48,0.0106148276
obj_13_mushroom,0.2,4,10,random48_4,0.8,48,0.0106148276
obj_13_mushroom,0.2,4,100,random48_0,0.1,14,0.0231569511
obj_13_mushroom,0.2,4,100,random48_0,0.2,28,0.0270743938
obj_13_mushroom,0.2,4,100,random48_0,0.4,48,0.00112768552
obj_13_mushroom,0.2,4,100,random48_0,0.6,48,0.00112768552
obj_13_mushroom,0.2,4,100,random48_0,0.8,48,0.00112768552
obj_13_mushroom,0.2,4,100,random48_1,0.1,14,0.0209278559
obj_13_mushroom,0.2,4,100,random48_1,0.2,28,0.0165210373
obj_13_mushroom,0.2,4,100,random48_1,0.4,48,0.00112768552
obj_13_mushroom,0.2,4,100,random48_1,0.6,48,0.00112768552
obj_13_mushroom,0.2,4,100,random48_1,0.8,48,0.00112768552
obj_13_mushroom,0.2,4,100,random48_2,0.1,14,0.0168155782
obj_13_mushroom,0.2,4,100,random48_2,0.2,28,0.0119894051
obj_13_mushroom,0.2,4,100,random48_2,0.4,48,0.00112768552
obj_13_mushroom,0.2,4,100,random48_2,0.6,48,0.00112768552
obj_13_mushroom,0.2,4,100,random48_2,0.8,48,0.00112768552
obj_13_mushroom,0.2,4,100,random48_3,0.1,14,0.0309199929
obj_13_mushroom,0.2,4,100,random48_3,0.2,28,0.0385455318
obj_13_mushroom,0.2,4,100,random48_3,0.4,48,0.00112768552
obj_13_mushroom,0.2,4,100,random48_3,0.6,48,0.00112768552
obj_13_mushroom,0.2,4,100,random48_3,0.8,48,0.00112768552
obj_13_mushroom,0.2,4,100,random48_4,0.1,14,0.0513421756
obj_13_mushroom,0.2,4,100,random48_4,0.2,28,0.0428743212
obj_13_mushroom,0.2,4,100,random48_4,0.4,48,0.00112768552
obj_13_mushroom,0.2,4,100,random48_4,0.6,48,0.00112768552
obj_13_mushroom,0.2,4,100,random48_4,0.8,48,0.00112768552
obj_13_mushroom,0.2,5,10,random48_0,0.1,14,0.14986253
obj_13_mushroom,0.2,5,10,random48_0,0.2,28,0.106915581
obj_13_mushroom,0.2,5,10,random48_0,0.4,48,0.0248248705
obj_13_mushroom,0.2,5,10,random48_0,0.6,48,0.0248248705
obj_13_mushroom,0.2,5,10,random48_0,0.8,48,0.0248248705
obj_13_mushroom,0.2,5,10,random48_1,0.1,14,0.116477402
obj_13_mushroom,0.2,5,10,random48_1,0.2,28,0.0855702722
obj_13_mushroom,0.2,5,10,random48_1,0.4,48,0.0248248705
obj_13_mushroom,0.2,5,10,random48_1,0.6,48,0.0248248705
obj_13_mushroom,0.2,5,10,random48_1,0.8,48,0.0248248705
obj_13_mushroom,0.2,5,10,random48_2,0.1,14,0.163525218
obj_13_mushroom,0.2,5,10,random48_2,0.2,28,0.106003373
obj_13_mushroom,0.2,5,10,random48_2,0.4,48,0.0248248705
obj_13_mushroom,0.2,5,10,random48_2,0.6,48,0.0248248705
obj_13_mushroom,0.2,5,10,random48_2,0.8,48,0.0248248705
obj_13_mushroom,0.2,5,10,random48_3,0.1,14,0.121330105
obj_13_mushroom,0.2,5,10,random48_3,0.2,28,0.067705232
obj_13_mushroom,0.2,5,10,random48_3,0.4,48,0.0248248705
obj_13_mushroom,0.2,5,10,random48_3,0.6,48,0.0248248705
obj_13_mushroom,0.2,5,10,random48_3,0.8,48,0.0248248705
obj_13_mushroom,0.2,5,10,random48_4,0.1,14,0.186086911
obj_13_mushroom,0.2,5,10,random48_4,0.2,28,0.145609077
obj_13_mushroom,0.2,5,10,random48_4,0.4,48,0.0248248705
obj_13_mushroom,0.2,5,10,random48_4,0.6,48,0.0248248705
obj_13_mushroom,0.2,5,10,random48_4,0.8,48,0.0248248705
obj_13_mushroom,0.2,5,100,random48_0,0.1,14,0.11772412
obj_13_mushroom,0.2,5,100,random48_0,0.2,28,0.13867481
obj_13_mushroom,0.2,5,100,random48_0,0.4,48,0.00248915988
obj_13_mushroom,0.2,5,100,random48_0,0.6,48,0.00248915988
obj_13_mushroom,0.2,5,100,random48_0,0.8,48,0.00248915988
obj_13_mushroom,0.2,5,100,random48_1,0.1,14,0.0686427806
obj_13_mushroom,0.2,5,100,random48_1,0.2,28,0.0625654319
obj_13_mushroom,0.2,5,100,random48_1,0.4,48,0.00248915988
obj_13_mushroom,0.2,5,100,random48_1,0.6,48,0.00248915988
obj_13_mushroom,0.2,5,100,random48_1,0.8,48,0.00248915988
obj_13_mushroom,0.2,5,100,random48_2,0.1,14,0.209995251
obj_13_mushroom,0.2,5,100,random48_2,0.2,28,0.107558801
obj_13_mushroom,0.2,5,100,random48_2,0.4,48,0.00248915988
obj_13_mushroom,0.2,5,100,random48_2,0.6,48,0.00248915988
obj_13_mushroom,0.2,5,100,random48_2,0.8,48,0.00248915988
obj_13_mushroom,0.2,5,100,random48_3,0.1,14,0.17761236
obj_13_mushroom,0.2,5,100,random48_3,0.2,28,0.0702874099
obj_13_mushroom,0.2,5,100,random48_3,0.4,48,0.00248915988
obj_13_mushroom,0.2,5,100,random48_3,0.6,48,0.00248915988
obj_13_mushroom,0.2,5,100,random48_3,0.8,48,0.00248915988
obj_13_mushroom,0.2,5,100,random48_4,0.1,14,0.213485611
obj_13_mushroom,0.2,5,100,random48_4,0.2,28,0.131488669
obj_13_mushroom,0.2,5,100,random48_4,0.4,48,0.00248915988
obj_13_mushroom,0.2,5,100,random48_4,0.6,48,0.00248915988
obj_13_mushroom,0.2,5,100,random48_4,0.8,48,0.00248915988
obj_13_mushroom,0.2,6,10,random48_0,0.1,14,0.0544305622
obj_13_mushroom,0.2,6,10,random48_0,0.2,28,0.0204614296
obj_13_mushroom,0.2,6,10,random48_0,0.4,48,0.00420635578
obj_13_mushroom,0.2,6,10,random48_0,0.6,48,0.00420635578
obj_13_mushroom,0.2,6,10,random48_0,0.8,48,0.00420635578
obj_13_mushroom,0.2,6,10,random48_1,0.1,14,0.0919248163
obj_13_mushroom,0.2,6,10,random48_1,0.2,28,0.0380078075
obj_13_mushroom,0.2,6,10,random48_1,0.4,48,0.00420635578
obj_13_mushroom,0.2,6,10,random48_1,0.6,48,0.00420635578
obj_13_mushroom,0.2,6,10,random48_1,0.8,48,0.00420635578
obj_13_mushroom,0.2,6,10,random48_2,0.1,14,0.0238740737
obj_13_mushroom,0.2,6,10,random48_2,0.2,28,0.027151424
obj_13_mushroom,0.2,6,10,random48_2,0.4,48,0.00420635578
obj_13_mushroom,0.2,6,10,random48_2,0.6,48,0.00420635578
obj_13_mushroom,0.2,6,10,random48_2,0.8,48,0.00420635578
obj_13_mushroom,0.2,6,10,random48_3,0.1,14,0.0572726767
obj_13_mushroom,0.2,6,10,random48_3,0.2,28,0.0247336256
obj_13_mushroom,0.2,6,10,random48_3,0.4,48,0.00420635578
obj_13_mushroom,0.2,6,10,random48_3,0.6,48,0.00420635578
obj_13_mushroom,0.2,6,10,random48_3,0.8,48,0.00420635578
obj_13_mushroom,0.2,6,10,random48_4,0.1,14,0.0402543507
obj_13_mushroom,0.2,6,10,random48_4,0.2,28,0.0197680552
obj_13_mushroom,0.2,6,10,random48_4,0.4,48,0.00420635578
obj_13_mushroom,0.2,6,10,random48_4,0.6,48,0.00420635578
obj_13_mushroom,0.2,6,10,random48_4,0.8,48,0.00420635578
obj_13_mushroom,0.2,6,100,random48_0,0.1,14,0.101147455
obj_13_mushroom,0.2,6,100,random48_0,0.2,28,0.0931066043
obj_13_mushroom,0.2,6,100,random48_0,0.4,48,0.000378963739
obj_13_mushroom,0.2,6,100,random48_0,0.6,48,0.000378963739
obj_13_mushroom,0.2,6,100,random48_0,0.8,48,0.000378963739
obj_13_mushroom,0.2,6,100,random48_1,0.1,14,0.0144842584
obj_13_mushroom,0.2,6,100,random48_1,0.2,28,0.0183980133
obj_13_mushroom,0.2,6,100,random48_1,0.4,48,0.000378963739
obj_13_mushroom,0.2,6,100,random48_1,0.6,48,0.000378963739
obj_13_mushroom,0.2,6,100,random48_1,0.8,48,0.000378963739
obj_13_mushroom,0.2,6,100,random48_2,0.1,14,0.047152399
obj_13_mushroom,0.2,6,100,random48_2,0.2,28,0.0489407659
obj_13_mushroom,0.2,6,100,random48_2,0.4,48,0.000378963739
obj_13_mushroom,0.2,6,100,random48_2,0.6,48,0.000378963739
obj_13_mushroom,0.2,6,100,random48_2,0.8,48,0.000378963739
obj_13_mushroom,0.2,6,100,random48_3,0.1,14,0.0325687025
obj_13_mushroom,0.2,6,100,random48_3,0.2,28,0.0250286897
obj_13_mushroom,0.2,6,100,random48_3,0.4,48,0.000378963739
obj_13_mushroom,0.2,6,100,random48_3,0.6,48,0.000378963739
obj_13_mushroom,0.2,6,100,random48_3,0.8,48,0.000378963739
obj_13_mushroom,0.2,6,100,random48_4,0.1,14,0.110453087
obj_13_mushroom,0.2,6,100,random48_4,0.2,28,0.0514217334
obj_13_mushroom,0.2,6,100,random48_4,0.4,48,0.000378963739
obj_13_mushroom,0.2,6,100,random48_4,0.6,48,0.000378963739
obj_13_mushroom,0.2,6,100,random48_4,0.8,48,0.000378963739
obj_13_mushroom,0.2,7,10,random48_0,0.1,14,0.1679059
obj_13_mushroom,0.2,7,10,random48_0,0.2,28,0.0967417273
obj_13_mushroom,0.2,7,10,random48_0,0.4,48,0.0110110103
obj_13_mushroom,0.2,7,10,random48_0,0.6,48,0.0110110103
obj_13_mushroom,0.2,7,10,random48_0,0.8,48,0.0110110103
obj_13_mushroom,0.2,7,10,random48_1,0.1,14,0.018064657
obj_13_mushroom,0.2,7,10,random48_1,0.2,28,0.0100273206
obj_13_mushroom,0.2,7,10,random48_1,0.4,48,0.0110110103
obj_13_mushroom,0.2,7,10,random48_1,0.6,48,0.0110110103
obj_13_mushroom,0.2,7,10,random48_1,0.8,48,0.0110110103
obj_13_mushroom,0.2,7,10,random48_2,0.1,14,0.173327587
obj_13_mushroom,0.2,7,10,random48_2,0.2,28,0.0362489245
obj_13_mushroom,0.2,7,10,random48_2,0.4,48,0.0110110103
obj_13_mushroom,0.2,7,10,random48_2,0.6,48,0.0110110103
obj_13_mushroom,0.2,7,10,random48_2,0.8,48,0.0110110103
obj_13_mushroom,0.2,7,10,random48_3,0.1,14,0.12732538
obj_13_mushroom,0.2,7,10,random48_3,0.2,28,0.131704426
obj_13_mushroom,0.2,7,10,random48_3,0.4,48,0.0110110103
obj_13_mushroom,0.2,7,10,random48_3,0.6,48,0.0110110103
obj_13_mushroom,0.2,7,10,random48_3,0.8,48,0.0110110103
obj_13_mushroom,0.2,7,10,random48_4,0.1,14,0.189820914
obj_13_mushroom,0.2,7,10,random48_4,0.2,28,0.131956099
obj_13_mushroom,0.2,7,10,random48_4,0.4,48,0.0110110103
obj_13_mushroom,0.2,7,10,random48_4,0.6,48,0.0110110103
obj_13_mushroom,0.2,7,10,random48_4,0.8,48,0.0110110103
obj_13_mushroom,0.2,7,100,random48_0,0.1,14,0.115372756
obj_13_mushroom,0.2,7,100,random48_0,0.2,28,0.048719955
obj_13_mushroom,0.2,7,100,random48_0,0.4,48,0.000895637241
obj_13_mushroom,0.2,7,100,random48_0,0.6,48,0.000895637241
obj_13_mushroom,0.2,7,100,random48_0,0.8,48,0.000895637241
obj_13_mushroom,0.2,7,100,random48_1,0.1,14,0.154616676
obj_13_mushroom,0.2,7,100,random48_1,0.2,28,0.07966134
obj_13_mushroom,0.2,7,100,random48_1,0.4,48,0.000895637241
obj_13_mushroom,0.2,7,100,random48_1,0.6,48,0.000895637241
obj_13_mushroom,0.2,7,100,random48_1,0.8,48,0.000895637241
obj_13_mushroom,0.2,7,100,random48_2,0.1,14,0.107038017
obj_13_mushroom,0.2,7,100,random48_2,0.2,28,0.0553034803
obj_13_mushroom,0.2,7,100,random48_2,0.4,48,0.000895637241
obj_13_mushroom,0.2,7,100,random48_2,0.6,48,0.000895637241
obj_13_mushroom,0.2,7,100,random48_2,0.8,48,0.000895637241
obj_13_mushroom,0.2,7,100,random48_3,0.1,14,0.200793078
obj_13_mushroom,0.2,7,100,random48_3,0.2,28,0.0169614105
obj_13_mushroom,0.2,7,100,random48_3,0.4,48,0.000895637241
obj_13_mushroom,0.2,7,100,random48_3,0.6,48,0.000895637241
obj_13_mushroom,0.2,7,100,random48_3,0.8,48,0.000895637241
obj_13_mushroom,0.2,7,100,random48_4,0.1,14,0.12585412
obj_13_mushroom,0.2,7,100,random48_4,0.2,28,0.108187424
obj_13_mushroom,0.2,7,100,random48_4,0.4,48,0.000895637241
obj_13_mushroom,0.2,7,100,random48_4,0.6,48,0.000895637241
obj_13_mushroom,0.2,7,100,random48_4,0.8,48,0.000895637241
obj_13_mushroom,0.2,8,10,random48_0,0.1,14,0.022065623
obj_13_mushroom,0.2,8,10,random48_0,0.2,28,0.00853845194
obj_13_mushroom,0.2,8,10,random48_0,0.4,48,0.0016680038
obj_13_mushroom,0.2,8,10,random48_0,0.6,48,0.0016680038
obj_13_mushroom,0.2,8,10,random48_0,0.8,48,0.0016680038
obj_13_mushroom,0.2,8,10,random48_1,0.1,14,0.0127141642
obj_13_mushroom,0.2,8,10,random48_1,0.2,28,0.00245038528
obj_13_mushroom,0.2,8,10,random48_1,0.4,48,0.0016680038
obj_13_mushroom,0.2,8,10,random48_1,0.6,48,0.0016680038
obj_13_mushroom,0.2,8,10,random48_1,0.8,48,0.0016680038
obj_13_mushroom,0.2,8,10,random48_2,0.1,14,0.0122713779
obj_13_mushroom,0.2,8,10,random48_2,0.2,28,0.032523254
obj_13_mushroom,0.2,8,10,random48_2,0.4,48,0.0016680038
obj_13_mushroom,0.2,8,10,random48_2,0.6,48,0.0016680038
obj_13_mushroom,0.2,8,10,random48_2,0.8,48,0.0016680038
obj_13_mushroom,0.2,8,10,random48_3,0.1,14,0.0125296698
obj_13_mushroom,0.2,8,10,random48_3,0.2,28,0.00869382143
obj_13_mushroom,0.2,8,10,random48_3,0.4,48,0.0016680038
obj_13_mushroom,0.2,8,10,random48_3,0.6,48,0.0016680038
obj_13_mushroom,0.2,8,10,random48_3,0.8,48,0.0016680038
obj_13_mushroom,0.2,8,10,random48_4,0.1,14,0.0204290904
obj_13_mushroom,0.2,8,10,random48_4,0.2,28,0.00768457687
obj_13_mushroom,0.2,8,10,random48_4,0.4,48,0.0016680038
obj_13_mushroom,0.2,8,10,random48_4,0.6,48,0.0016680038
obj_13_mushroom,0.2,8,10,random48_4,0.8,48,0.0016680038
obj_13_mushroom,0.2,8,100,random48_0,0.1,14,0.0229405486
obj_13_mushroom,0.2,8,100,random48_0,0.2,28,0.00815162298
obj_13_mushroom,0.2,8,100,random48_0,0.4,48,0.000189314269
obj_13_mushroom,0.2,8,100,random48_0,0.6,48,0.000189314269
obj_13_mushroom,0.2,8,100,random48_0,0.8,48,0.000189314269
obj_13_mushroom,0.2,8,100,random48_1,0.1,14,0.013045879
obj_13_mushroom,0.2,8,100,random48_1,0.2,28,0.0128967696
obj_13_mushroom,0.2,8,100,random48_1,0.4,48,0.000189314269
obj_13_mushroom,0.2,8,100,random48_1,0.6,48,0.000189314269
obj_13_mushroom,0.2,8,100,random48_1,0.8,48,0.000189314269
obj_13_mushroom,0.2,8,100,random48_2,0.1,14,0.0134861886
obj_13_mushroom,0.2,8,100,random48_2,0.2,28,0.0243451866
obj_13_mushroom,0.2,8,100,random48_2,0.4,48,0.000189314269
obj_13_mushroom,0.2,8,100,random48_2,0.6,48,0.000189314269
obj_13_mushroom,0.2,8,100,random48_2,0.8,48,0.000189314269
obj_13_mushroom,0.2,8,100,random48_3,0.1,14,0.0200033357
obj_13_mushroom,0.2,8,100,random48_3,0.2,28,0.0076594999
obj_13_mushroom,0.2,8,100,random48_3,0.4,48,0.000189314269
obj_13_mushroom,0.2,8,100,random48_3,0.6,48,0.000189314269
obj_13_mushroom,0.2,8,100,random48_3,0.8,48,0.000189314269
obj_13_mushroom,0.2,8,100,random48_4,0.1,14,0.0157428693
obj_13_mushroom,0.2,8,100,random48_4,0.2,28,0.0190787475
obj_13_mushroom,0.2,8,100,random48_4,0.4,48,0.000189314269
obj_13_mushroom,0.2,8,100,random48_4,0.6,48,0.000189314269
obj_13_mushroom,0.2,8,100,random48_4,0.8,48,0.000189314269
obj_13_mushroom,0.2,9,10,random48_0,0.1,14,0.149140075
obj_13_mushroom,0.2,9,10,random48_0,0.2,28,0.0137350817
obj_13_mushroom,0.2,9,10,random48_0,0.4,48,0.0236906923
obj_13_mushroom,0.2,9,10,random48_0,0.6,48,0.0236906923
obj_13_mushroom,0.2,9,10,random48_0,0.8,48,0.0236906923
obj_13_mushroom,0.2,9,10,random48_1,0.1,14,0.304428545
obj_13_mushroom,0.2,9,10,random48_1,0.2,28,0.0914684799
obj_13_mushroom,0.2,9,10,random48_1,0.4,48,0.0236906923
obj_13_mushroom,0.2,9,10,random48_1,0.6,48,0.0236906923
obj_13_mushroom,0.2,9,10,random48_1,0.8,48,0.0236906923
obj_13_mushroom,0.2,9,10,random48_2,0.1,14,0.0930604243
obj_13_mushroom,0.2,9,10,random48_2,0.2,28,0.109013922
obj_13_mushroom,0.2,9,10,random48_2,0.4,48,0.0236906923
obj_13_mushroom,0.2,9,10,random48_2,0.6,48,0.0236906923
obj_13_mushroom,0.2,9,10,random48_2,0.8,48,0.0236906923
obj_13_mushroom,0.2,9,10,random48_3,0.1,14,0.244856905
obj_13_mushroom,0.2,9,10,random48_3,0.2,28,0.26804203
obj_13_mushroom,0.2,9,10,random48_3,0.4,48,0.0236906923
obj_13_mushroom,0.2,9,10,random48_3,0.6,48,0.0236906923
obj_13_mushroom,0.2,9,10,random48_3,0.8,48,0.0236906923
obj_13_mushroom,0.2,9,10,random48_4,0.1,14,0.16569044
obj_13_mushroom,0.2,9,10,random48_4,0.2,28,0.181977021
obj_13_mushroom,0.2,9,10,random48_4,0.4,48,0.0236906923
obj_13_mushroom,0.2,9,10,random48_4,0.6,48,0.0236906923
obj_13_mushroom,0.2,9,10,random48_4,0.8,48,0.0236906923
obj_13_mushroom,0.2,9,100,random48_0,0.1,14,0.1530727
obj_13_mushroom,0.2,9,100,random48_0,0.2,28,0.112541169
obj_13_mushroom,0.2,9,100,random48_0,0.4,48,0.00241537951
obj_13_mushroom,0.2,9,100,random48_0,0.6,48,0.00241537951
obj_13_mushroom,0.2,9,100,random48_0,0.8,48,0.00241537951
obj_13_mushroom,0.2,9,100,random48_1,0.1,14,0.0713028142
obj_13_mushroom,0.2,9,100,random48_1,0.2,28,0.0430217721
obj_13_mushroom,0.2,9,100,random48_1,0.4,48,0.00241537951
obj_13_mushroom,0.2,9,100,random48_1,0.6,48,0.00241537951
obj_13_mushroom,0.2,9,100,random48_1,0.8,48,0.00241537951
obj_13_mushroom,0.2,9,100,random48_2,0.1,14,0.222371576
obj_13_mushroom,0.2,9,100,random48_2,0.2,28,0.201247804
obj_13_mushroom,0.2,9,100,random48_2,0.4,48,0.00241537951
obj_13_mushroom,0.2,9,100,random48_2,0.6,48,0.00241537951
obj_13_mushroom,0.2,9,100,random48_2,0.8,48,0.00241537951
obj_13_mushroom,0.2,9,100,random48_3,0.1,14,0.0463707605
obj_13_mushroom,0.2,9,100,random48_3,0.2,28,0.0576201109
obj_13_mushroom,0.2,9,100,random48_3,0.4,48,0.00241537951
obj_13_mushroom,0.2,9,100,random48_3,0.6,48,0.00241537951
obj_13_mushroom,0.2,9,100,random48_3,0.8,48,0.00241537951
obj_13_mushroom,0.2,9,100,random48_4,0.1,14,0.14044846
obj_13_mushroom,0.2,9,100,random48_4,0.2,28,0.0845264344
obj_13_mushroom,0.2,9,100,random48_4,0.4,48,0.00241537951
obj_13_mushroom,0.2,9,100,random48_4,0.6,48,0.00241537951
obj_13_mushroom,0.2,9,100,random48_4,0.8,48,0.00241537951
obj_13_mushroom,0.5,0,10,random48_0,0.1,14,0.152464863
obj_13_mushroom,0.5,0,10,random48_0,0.2,28,0.158002377
obj_13_mushroom,0.5,0,10,random48_0,0.4,48,0.0145100317
obj_13_mushroom,0.5,0,10,random48_0,0.6,48,0.0145100317
obj_13_mushroom,0.5,0,10,random48_0,0.8,48,0.0145100317
obj_13_mushroom,0.5,0,10,random48_1,0.1,14,0.498793436
obj_13_mushroom,0.5,0,10,random48_1,0.2,28,0.104484583
obj_13_mushroom,0.5,0,10,random48_1,0.4,48,0.0145100317
obj_13_mushroom,0.5,0,10,random48_1,0.6,48,0.0145100317
obj_13_mushroom,0.5,0,10,random48_1,0.8,48,0.0145100317
obj_13_mushroom,0.5,0,10,random48_2,0.1,14,0.606042049
obj_13_mushroom,0.5,0,10,random48_2,0.2,28,0.649140417
obj_13_mushroom,0.5,0,10,random48_2,0.4,48,0.0145100317
obj_13_mushroom,0.5,0,10,random48_2,0.6,48,0.0145100317
obj_13_mushroom,0.5,0,10,random48_2,0.8,48,0.0145100317
obj_13_mushroom,0.5,0,10,random48_3,0.1,14,0.393054427
obj_13_mushroom,0.5,0,10,random48_3,0.2,28,0.427431013
obj_13_mushroom,0.5,0,10,random48_3,0.4,48,0.0145100317
obj_13_mushroom,0.5,0,10,random48_3,0.6,48,0.0145100317
obj_13_mushroom,0.5,0,10,random48_3,0.8,48,0.0145100317
obj_13_mushroom,0.5,0,10,random48_4,0.1,14,0.598369989
obj_13_mushroom,0.5,0,10,random48_4,0.2,28,0.197534555
obj_13_mushroom,0.5,0,10,random48_4,0.4,48,0.0145100317
obj_13_mushroom,0.5,0,10,random48_4,0.6,48,0.0145100317
obj_13_mushroom,0.5,0,10,random48_4,0.8,48,0.0145100317
obj_13_mushroom,0.5,0,100,random48_0,0.1,14,0.133809697
obj_13_mushroom,0.5,0,100,random48_0,0.2,28,0.116505489
obj_13_mushroom,0.5,0,100,random48_0,0.4,48,0.00104573213
obj_13_mushroom,0.5,0,100,random48_0,0.6,48,0.00104573213
obj_13_mushroom,0.5,0,100,random48_0,0.8,48,0.00104573213
obj_13_mushroom,0.5,0,100,random48_1,0.1,14,0.435301006
obj_13_mushroom,0.5,0,100,random48_1,0.2,28,0.0811344494
obj_13_mushroom,0.5,0,100,random48_1,0.4,48,0.00104573213
obj_13_mushroom,0.5,0,100,random48_1,0.6,48,0.00104573213
obj_13_mushroom,0.5,0,100,random48_1,0.8,48,0.00104573213
obj_13_mushroom,0.5,0,100,random48_2,0.1,14,0.175139479
obj_13_mushroom,0.5,0,100,random48_2,0.2,28,0.119206237
obj_13_mushroom,0.5,0,100,random48_2,0.4,48,0.00104573213
obj_13_mushroom,0.5,0,100,random48_2,0.6,48,0.00104573213
obj_13_mushroom,0.5,0,100,random48_2,0.8,48,0.00104573213
obj_13_mushroom,0.5,0,100,random48_3,0.1,14,0.451127701
obj_13_mushroom,0.5,0,100,random48_3,0.2,28,0.601101112
obj_13_mushroom,0.5,0,100,random48_3,0.4,48,0.00104573213
obj_13_mushroom,0.5,0,100,random48_3,0.6,48,0.00104573213
obj_13_mushroom,0.5,0,100,random48_3,0.8,48,0.00104573213
obj_13_mushroom,0.5,0,100,random48_4,0.1,14,0.53421228
obj_13_mushroom,0.5,0,100,random48_4,0.2,28,0.478886921
obj_13_mushroom,0.5,0,100,random48_4,0.4,48,0.00104573213
obj_13_mushroom,0.5,0,100,random48_4,0.6,48,0.00104573213
obj_13_mushroom,0.5,0,100,random48_4,0.8,48,0.00104573213
obj_13_mushroom,0.5,1,10,random48_0,0.1,14,0.558999662
obj_13_mushroom,0.5,1,10,random48_0,0.2,28,0.880667274
obj_13_mushroom,0.5,1,10,random48_0,0.4,48,0.10407273
obj_13_mushroom,0.5,1,10,random48_0,0.6,48,0.10407273
obj_13_mushroom,0.5,1,10,random48_0,0.8,48,0.10407273
obj_13_mushroom,0.5,1,10,random48_1,0.1,14,0.84645283
obj_13_mushroom,0.5,1,10,random48_1,0.2,28,0.990458315
obj_13_mushroom,0.5,1,10,random48_1,0.4,48,0.10407273
obj_13_mushroom,0.5,1,10,random48_1,0.6,48,0.10407273
obj_13_mushroom,0.5,1,10,random48_1,0.8,48,0.10407273
obj_13_mushroom,0.5,1,10,random48_2,0.1,14,1.06343867
obj_13_mushroom,0.5,1,10,random48_2,0.2,28,0.543359235
obj_13_mushroom,0.5,1,10,random48_2,0.4,48,0.10407273
obj_13_mushroom,0.5,1,10,random48_2,0.6,48,0.10407273
obj_13_mushroom,0.5,1,10,random48_2,0.8,48,0.10407273
obj_13_mushroom,0.5,1,10,random48_3,0.1,14,0.746880983
obj_13_mushroom,0.5,1,10,random48_3,0.2,28,0.639636833
obj_13_mushroom,0.5,1,10,random48_3,0.4,48,0.10407273
obj_13_mushroom,0.5,1,10,random48_3,0.6,48,0.10407273
obj_13_mushroom,0.5,1,10,random48_3,0.8,48,0.10407273
obj_13_mushroom,0.5,1,10,random48_4,0.1,14,0.546365852
obj_13_mushroom,0.5,1,10,random48_4,0.2,28,0.627557439
obj_13_mushroom,0.5,1,10,random48_4,0.4,48,0.10407273
obj_13_mushroom,0.5,1,10,random48_4,0.6,48,0.10407273
obj_13_mushroom,0.5,1,10,random48_4,0.8,48,0.10407273
obj_13_mushroom,0.5,1,100,random48_0,0.1,14,0.687456606
obj_13_mushroom,0.5,1,100,random48_0,0.2,28,1.02645663
obj_13_mushroom,0.5,1,100,random48_0,0.4,48,0.00969723909
obj_13_mushroom,0.5,1,100,random48_0,0.6,48,0.00969723909
obj_13_mushroom,0.5,1,100,random48_0,0.8,48,0.00969723909
obj_13_mushroom,0.5,1,100,random48_1,0.1,14,0.760926247
obj_13_mushroom,0.5,1,100,random48_1,0.2,28,0.422693717
obj_13_mushroom,0.5,1,100,random48_1,0.4,48,0.00969723909
obj_13_mushroom,0.5,1,100,random48_1,0.6,48,0.00969723909
obj_13_mushroom,0.5,1,100,random48_1,0.8,48,0.00969723909
obj_13_mushroom,0.5,1,100,random48_2,0.1,14,0.979419909
obj_13_mushroom,0.5,1,100,random48_2,0.2,28,0.686554287
obj_13_mushroom,0.5,1,100,random48_2,0.4,48,0.00969723909
obj_13_mushroom,0.5,1,100,random48_2,0.6,48,0.00969723909
obj_13_mushroom,0.5,1,100,random48_2,0.8,48,0.00969723909
obj_13_mushroom,0.5,1,100,random48_3,0.1,14,0.822541808
obj_13_mushroom,0.5,1,100,random48_3,0.2,28,0.312216206
obj_13_mushroom,0.5,1,100,random48_3,0.4,48,0.00969723909
obj_13_mushroom,0.5,1,100,random48_3,0.6,48,0.00969723909
obj_13_mushroom,0.5,1,100,random48_3,0.8,48,0.00969723909
obj_13_mushroom,0.5,1,100,random48_4,0.1,14,0.915379203
obj_13_mushroom,0.5,1,100,random48_4,0.2,28,0.831601825
obj_13_mushroom,0.5,1,100,random48_4,0.4,48,0.00969723909
obj_13_mushroom,0.5,1,100,random48_4,0.6,48,0.00969723909
obj_13_mushroom,0.5,1,100,random48_4,0.8,48,0.00969723909
obj_13_mushroom,0.5,2,10,random48_0,0.1,14,0.105346493
obj_13_mushroom,0.5,2,10,random48_0,0.2,28,0.122372509
obj_13_mushroom,0.5,2,10,random48_0,0.4,48,0.00609543003
obj_13_mushroom,0.5,2,10,random48_0,0.6,48,0.00609543003
obj_13_mushroom,0.5,2,10,random48_0,0.8,48,0.00609543003
obj_13_mushroom,0.5,2,10,random48_1,0.1,14,0.120285963
obj_13_mushroom,0.5,2,10,random48_1,0.2,28,0.164337424
obj_13_mushroom,0.5,2,10,random48_1,0.4,48,0.00609543003
obj_13_mushroom,0.5,2,10,random48_1,0.6,48,0.00609543003
obj_13_mushroom,0.5,2,10,random48_1,0.8,48,0.00609543003
obj_13_mushroom,0.5,2,10,random48_2,0.1,14,0.211139475
obj_13_mushroom,0.5,2,10,random48_2,0.2,28,0.199222711
obj_13_mushroom,0.5,2,10,random48_2,0.4,48,0.00609543003
obj_13_mushroom,0.5,2,10,random48_2,0.6,48,0.00609543003
obj_13_mushroom,0.5,2,10,random48_2,0.8,48,0.00609543003
obj_13_mushroom,0.5,2,10,random48_3,0.1,14,0.0355897666
obj_13_mushroom,0.5,2,10,random48_3,0.2,28,0.0871762644
obj_13_mushroom,0.5,2,10,random48_3,0.4,48,0.00609543003
obj_13_mushroom,0.5,2,10,random48_3,0.6,48,0.00609543003
obj_13_mushroom,0.5,2,10,random48_3,0.8,48,0.00609543003
obj_13_mushroom,0.5,2,10,random48_4,0.1,14,0.0272815347
obj_13_mushroom,0.5,2,10,random48_4,0.2,28,0.0427819044
obj_13_mushroom,0.5,2,10,random48_4,0.4,48,0.00609543003
obj_13_mushroom,0.5,2,10,random48_4,0.6,48,0.00609543003
obj_13_mushroom,0.5,2,10,random48_4,0.8,48,0.00609543003
obj_13_mushroom,0.5,2,100,random48_0,0.1,14,0.383402736
obj_13_mushroom,0.5,2,100,random48_0,0.2,28,0.346261433
obj_13_mushroom,0.5,2,100,random48_0,0.4,48,0.00111974272
obj_13_mushroom,0.5,2,100,random48_0,0.6,48,0.00111974272
obj_13_mushroom,0.5,2,100,random48_0,0.8,48,0.00111974272
obj_13_mushroom,0.5,2,100,random48_1,0.1,14,0.134474994
obj_13_mushroom,0.5,2,100,random48_1,0.2,28,0.237397156
obj_13_mushroom,0.5,2,100,random48_1,0.4,48,0.00111974272
obj_13_mushroom,0.5,2,100,random48_1,0.6,48,0.00111974272
obj_13_mushroom,0.5,2,100,random48_1,0.8,48,0.00111974272
obj_13_mushroom,0.5,2,100,random48_2,0.1,14,0.153312698
obj_13_mushroom,0.5,2,100,random48_2,0.2,28,0.173908032
obj_13_mushroom,0.5,2,100,random48_2,0.4,48,0.00111974272
obj_13_mushroom,0.5,2,100,random48_2,0.6,48,0.00111974272
obj_13_mushroom,0.5,2,100,random48_2,0.8,48,0.00111974272
obj_13_mushroom,0.5,2,100,random48_3,0.1,14,0.0370523447
obj_13_mushroom,0.5,2,100,random48_3,0.2,28,0.0885710675
obj_13_mushroom,0.5,2,100,random48_3,0.4,48,0.00111974272
obj_13_mushroom,0.5,2,100,random48_3,0.6,48,0.00111974272
obj_13_mushroom,0.5,2,100,random48_3,0.8,48,0.00111974272
obj_13_mushroom,0.5,2,100,random48_4,0.1,14,0.0640880348
obj_13_mushroom,0.5,2,100,random48_4,0.2,28,0.0293676671
obj_13_mushroom,0.5,2,100,random48_4,0.4,48,0.00111974272
obj_13_mushroom,0.5,2,100,random48_4,0.6,48,0.00111974272
obj_13_mushroom,0.5,2,100,random48_4,0.8,48,0.00111974272
obj_13_mushroom,0.5,3,10,random48_0,0.1,14,0.123168358
obj_13_mushroom,0.5,3,10,random48_0,0.2,28,1.08515092
obj_13_mushroom,0.5,3,10,random48_0,0.4,48,0.12281024
obj_13_mushroom,0.5,3,10,random48_0,0.6,48,0.12281024
obj_13_mushroom,0.5,3,10,random48_0,0.8,48,0.12281024
obj_13_mushroom,0.5,3,10,random48_1,0.1,14,1.46387731
obj_13_mushroom,0.5,3,10,random48_1,0.2,28,0.926044225
obj_13_mushroom,0.5,3,10,random48_1,0.4,48,0.12281024
obj_13_mushroom,0.5,3,10,random48_1,0.6,48,0.12281024
obj_13_mushroom,0.5,3,10,random48_1,0.8,48,0.12281024
obj_13_mushroom,0.5,3,10,random48_2,0.1,14,0.329144448
obj_13_mushroom,0.5,3,10,random48_2,0.2,28,2.04228913
obj_13_mushroom,0.5,3,10,random48_2,0.4,48,0.12281024
obj_13_mushroom,0.5,3,10,random48_2,0.6,48,0.12281024
obj_13_mushroom,0.5,3,10,random48_2,0.8,48,0.12281024
obj_13_mushroom,0.5,3,10,random48_3,0.1,14,0.152615015
obj_13_mushroom,0.5,3,10,random48_3,0.2,28,0.567489517
obj_13_mushroom,0.5,3,10,random48_3,0.4,48,0.12281024
obj_13_mushroom,0.5,3,10,random48_3,0.6,48,0.12281024
obj_13_mushroom,0.5,3,10,random48_3,0.8,48,0.12281024
obj_13_mushroom,0.5,3,10,random48_4,0.1,14,0.476146805
obj_13_mushroom,0.5,3,10,random48_4,0.2,28,0.489918238
obj_13_mushroom,0.5,3,10,random48_4,0.4,48,0.12281024
obj_13_mushroom,0.5,3,10,random48_4,0.6,48,0.12281024
obj_13_mushroom,0.5,3,10,random48_4,0.8,48,0.12281024
obj_13_mushroom,0.5,3,100,random48_0,0.1,14,1.15855844
obj_13_mushroom,0.5,3,100,random48_0,0.2,28,0.144099408
obj_13_mushroom,0.5,3,100,random48_0,0.4,48,0.0175296609
obj_13_mushroom,0.5,3,100,random48_0,0.6,48,0.0175296609
obj_13_mushroom,0.5,3,100,random48_0,0.8,48,0.0175296609
obj_13_mushroom,0.5,3,100,random48_1,0.1,14,0.389911879
obj_13_mushroom,0.5,3,100,random48_1,0.2,28,0.775077332
obj_13_mushroom,0.5,3,100,random48_1,0.4,48,0.0175296609
obj_13_mushroom,0.5,3,100,random48_1,0.6,48,0.0175296609
obj_13_mushroom,0.5,3,100,random48_1,0.8,48,0.0175296609
obj_13_mushroom,0.5,3,100,random48_2,0.1,14,0.0784877887
obj_13_mushroom,0.5,3,100,random48_2,0.2,28,0.129918916
obj_13_mushroom,0.5,3,100,random48_2,0.4,48,0.0175296609
obj_13_mushroom,0.5,3,100,random48_2,0.6,48,0.0175296609
obj_13_mushroom,0.5,3,100,random48_2,0.8,48,0.0175296609
obj_13_mushroom,0.5,3,100,random48_3,0.1,14,0.352183516
obj_13_mushroom,0.5,3,100,random48_3,0.2,28,2.27038182
obj_13_mushroom,0.5,3,100,random48_3,0.4,48,0.0175296609
obj_13_mushroom,0.5,3,100,random48_3,0.6,48,0.0175296609
obj_13_mushroom,0.5,3,100,random48_3,0.8,48,0.0175296609
obj_13_mushroom,0.5,3,100,random48_4,0.1,14,2.64126524
obj_13_mushroom,0.5,3,100,random48_4,0.2,28,2.80719112
obj_13_mushroom,0.5,3,100,random48_4,0.4,48,0.0175296609
obj_13_mushroom,0.5,3,100,random48_4,0.6,48,0.0175296609
obj_13_mushroom,0.5,3,100,random48_4,0.8,48,0.0175296609
obj_13_mushroom,0.5,4,10,random48_0,0.1,14,0.394682828
obj_13_mushroom,0.5,4,10,random48_0,0.2,28,0.35940053
obj_13_mushroom,0.5,4,10,random48_0,0.4,48,0.0625266718
obj_13_mushroom,0.5,4,10,random48_0,0.6,48,0.0625266718
obj_13_mushroom,0.5,4,10,random48_0,0.8,48,0.0625266718
obj_13_mushroom,0.5,4,10,random48_1,0.1,14,0.783567386
obj_13_mushroom,0.5,4,10,random48_1,0.2,28,0.519176406
obj_13_mushroom,0.5,4,10,random48_1,0.4,48,0.0625266718
obj_13_mushroom,0.5,4,10,random48_1,0.6,48,0.0625266718
obj_13_mushroom,0.5,4,10,random48_1,0.8,48,0.0625266718
obj_13_mushroom,0.5,4,10,random48_2,0.1,14,0.562892411
obj_13_mushroom,0.5,4,10,random48_2,0.2,28,0.255044299
obj_13_mushroom,0.5,4,10,random48_2,0.4,48,0.0625266718
obj_13_mushroom,0.5,4,10,random48_2,0.6,48,0.0625266718
obj_13_mushroom,0.5,4,10,random48_2,0.8,48,0.0625266718
obj_13_mushroom,0.5,4,10,random48_3,0.1,14,1.11805842
obj_13_mushroom,0.5,4,10,random48_3,0.2,28,0.803465207
obj_13_mushroom,0.5,4,10,random48_3,0.4,48,0.0625266718
obj_13_mushroom,0.5,4,10,random48_3,0.6,48,0.0625266718
obj_13_mushroom,0.5,4,10,random48_3,0.8,48,0.0625266718
obj_13_mushroom,0.5,4,10,random48_4,0.1,14,0.497874011
obj_13_mushroom,0.5,4,10,random48_4,0.2,28,0.494977265
obj_13_mushroom,0.5,4,10,random48_4,0.4,48,0.0625266718
obj_13_mushroom,0.5,4,10,random48_4,0.6,48,0.0625266718
obj_13_mushroom,0.5,4,10,random48_4,0.8,48,0.0625266718
obj_13_mushroom,0.5,4,100,random48_0,0.1,14,0.441135643
obj_13_mushroom,0.5,4,100,random48_0,0.2,28,0.0515244428
obj_13_mushroom,0.5,4,100,random48_0,0.4,48,0.00745509346
obj_13_mushroom,0.5,4,100,random48_0,0.6,48,0.00745509346
obj_13_mushroom,0.5,4,100,random48_0,0.8,48,0.00745509346
obj_13_mushroom,0.5,4,100,random48_1,0.1,14,0.435290955
obj_13_mushroom,0.5,4,100,random48_1,0.2,28,0.267516836
obj_13_mushroom,0.5,4,100,random48_1,0.4,48,0.00745509346
obj_13_mushroom,0.5,4,100,random48_1,0.6,48,0.00745509346
obj_13_mushroom,0.5,4,100,random48_1,0.8,48,0.00745509346
obj_13_mushroom,0.5,4,100,random48_2,0.1,14,0.70862259
obj_13_mushroom,0.5,4,100,random48_2,0.2,28,1.09103503
obj_13_mushroom,0.5,4,100,random48_2,0.4,48,0.00745509346
obj_13_mushroom,0.5,4,100,random48_2,0.6,48,0.00745509346
obj_13_mushroom,0.5,4,100,random48_2,0.8,48,0.00745509346
obj_13_mushroom,0.5,4,100,random48_3,0.1,14,0.750865883
obj_13_mushroom,0.5,4,100,random48_3,0.2,28,0.469529881
obj_13_mushroom,0.5,4,100,random48_3,0.4,48,0.00745509346
obj_13_mushroom,0.5,4,100,random48_3,0.6,48,0.00745509346
obj_13_mushroom,0.5,4,100,random48_3,0.8,48,0.00745509346
obj_13_mushroom,0.5,4,100,random48_4,0.1,14,0.127461133
obj_13_mushroom,0.5,4,100,random48_4,0.2,28,0.192914281
obj_13_mushroom,0.5,4,100,random48_4,0.4,48,0.00745509346
obj_13_mushroom,0.5,4,100,random48_4,0.6,48,0.00745509346
obj_13_mushroom,0.5,4,100,random48_4,0.8,48,0.00745509346
obj_13_mushroom,0.5,5,10,random48_0,0.1,14,0.173763582
obj_13_mushroom,0.5,5,10,random48_0,0.2,28,0.316865952
obj_13_mushroom,0.5,5,10,random48_0,0.4,48,0.0468052815
obj_13_mushroom,0.5,5,10,random48_0,0.6,48,0.0468052815
obj_13_mushroom,0.5,5,10,random48_0,0.8,48,0.0468052815
obj_13_mushroom,0.5,5,10,random48_1,0.1,14,0.167032079
obj_13_mushroom,0.5,5,10,random48_1,0.2,28,0.152277931
obj_13_mushroom,0.5,5,10,random48_1,0.4,48,0.0468052815
obj_13_mushroom,0.5,5,10,random48_1,0.6,48,0.0468052815
obj_13_mushroom,0.5,5,10,random48_1,0.8,48,0.0468052815
obj_13_mushroom,0.5,5,10,random48_2,0.1,14,0.5388045
obj_13_mushroom,0.5,5,10,random48_2,0.2,28,0.423433711
obj_13_mushroom,0.5,5,10,random48_2,0.4,48,0.0468052815
obj_13_mushroom,0.5,5,10,random48_2,0.6,48,0.0468052815
obj_13_mushroom,0.5,5,10,random48_2,0.8,48,0.0468052815
obj_13_mushroom,0.5,5,10,random48_3,0.1,14,0.19182063
obj_13_mushroom,0.5,5,10,random48_3,0.2,28,0.221930617
obj_13_mushroom,0.5,5,10,random48_3,0.4,48,0.0468052815
obj_13_mushroom,0.5,5,10,random48_3,0.6,48,0.0468052815
obj_13_mushroom,0.5,5,10,random48_3,0.8,48,0.0468052815
obj_13_mushroom,0.5,5,10,random48_4,0.1,14,0.447783887
obj_13_mushroom,0.5,5,10,random48_4,0.2,28,0.213747093
obj_13_mushroom,0.5,5,10,random48_4,0.4,48,0.0468052815
obj_13_mushroom,0.5,5,10,random48_4,0.6,48,0.0468052815
obj_13_mushroom,0.5,5,10,random48_4,0.8,48,0.0468052815
obj_13_mushroom,0.5,5,100,random48_0,0.1,14,0.254415236
obj_13_mushroom,0.5,5,100,random48_0,0.2,28,0.0620122223
obj_13_mushroom,0.5,5,100,random48_0,0.4,48,0.00435566773
obj_13_mushroom,0.5,5,100,random48_0,0.6,48,0.00435566773
obj_13_mushroom,0.5,5,100,random48_0,0.8,48,0.00435566773
obj_13_mushroom,0.5,5,100,random48_1,0.1,14,0.206237098
obj_13_mushroom,0.5,5,100,random48_1,0.2,28,0.11457869
obj_13_mushroom,0.5,5,100,random48_1,0.4,48,0.00435566773
obj_13_mushroom,0.5,5,100,random48_1,0.6,48,0.00435566773
obj_13_mushroom,0.5,5,100,random48_1,0.8,48,0.00435566773
obj_13_mushroom,0.5,5,100,random48_2,0.1,14,0.154584877
obj_13_mushroom,0.5,5,100,random48_2,0.2,28,0.108508017
obj_13_mushroom,0.5,5,100,random48_2,0.4,48,0.00435566773
obj_13_mushroom,0.5,5,100,random48_2,0.6,48,0.00435566773
obj_13_mushroom,0.5,5,100,random48_2,0.8,48,0.00435566773
obj_13_mushroom,0.5,5,100,random48_3,0.1,14,0.676487249
obj_13_mushroom,0.5,5,100,random48_3,0.2,28,0.330091047
obj_13_mushroom,0.5,5,100,random48_3,0.4,48,0.00435566773
obj_13_mushroom,0.5,5,100,random48_3,0.6,48,0.00435566773
obj_13_mushroom,0.5,5,100,random48_3,0.8,48,0.00435566773
obj_13_mushroom,0.5,5,100,random48_4,0.1,14,0.353538335
obj_13_mushroom,0.5,5,100,random48_4,0.2,28,0.408485665
obj_13_mushroom,0.5,5,100,random48_4,0.4,48,0.00435566773
obj_13_mushroom,0.5,5,100,random48_4,0.6,48,0.00435566773
obj_13_mushroom,0.5,5,100,random48_4,0.8,48,0.00435566773
obj_13_mushroom,0.5,6,10,random48_0,0.1,14,0.143626998
obj_13_mushroom,0.5,6,10,random48_0,0.2,28,0.287315189
obj_13_mushroom,0.5,6,10,random48_0,0.4,48,0.0912465978
obj_13_mushroom,0.5,6,10,random48_0,0.6,48,0.0912465978
obj_13_mushroom,0.5,6,10,random48_0,0.8,48,0.0912465978
obj_13_mushroom,0.5,6,10,random48_1,0.1,14,0.973293934
obj_13_mushroom,0.5,6,10,random48_1,0.2,28,0.482318572
obj_13_mushroom,0.5,6,10,random48_1,0.4,48,0.0912465978
obj_13_mushroom,0.5,6,10,random48_1,0.6,48,0.0912465978
obj_13_mushroom,0.5,6,10,random48_1,0.8,48,0.0912465978
obj_13_mushroom,0.5,6,10,random48_2,0.1,14,0.292302362
obj_13_mushroom,0.5,6,10,random48_2,0.2,28,0.15090155
obj_13_mushroom,0.5,6,10,random48_2,0.4,48,0.0912465978
obj_13_mushroom,0.5,6,10,random48_2,0.6,48,0.0912465978
obj_13_mushroom,0.5,6,10,random48_2,0.8,48,0.0912465978
obj_13_mushroom,0.5,6,10,random48_3,0.1,14,0.573464398
obj_13_mushroom,0.5,6,10,random48_3,0.2,28,0.496227253
obj_13_mushroom,0.5,6,10,random48_3,0.4,48,0.0912465978
obj_13_mushroom,0.5,6,10,random48_3,0.6,48,0.0912465978
obj_13_mushroom,0.5,6,10,random48_3,0.8,48,0.0912465978
obj_13_mushroom,0.5,6,10,random48_4,0.1,14,0.263034336
obj_13_mushroom,0.5,6,10,random48_4,0.2,28,0.164786947
obj_13_mushroom,0.5,6,10,random48_4,0.4,48,0.0912465978
obj_13_mushroom,0.5,6,10,random48_4,0.6,48,0.0912465978
obj_13_mushroom,0.5,6,10,random48_4,0.8,48,0.0912465978
obj_13_mushroom,0.5,6,100,random48_0,0.1,14,0.273936903
obj_13_mushroom,0.5,6,100,random48_0,0.2,28,0.169813773
obj_13_mushroom,0.5,6,100,random48_0,0.4,48,0.0114063785
obj_13_mushroom,0.5,6,100,random48_0,0.6,48,0.0114063785
obj_13_mushroom,0.5,6,100,random48_0,0.8,48,0.0114063785
obj_13_mushroom,0.5,6,100,random48_1,0.1,14,0.328610271
obj_13_mushroom,0.5,6,100,random48_1,0.2,28,0.117289758
obj_13_mushroom,0.5,6,100,random48_1,0.4,48,0.0114063785
obj_13_mushroom,0.5,6,100,random48_1,0.6,48,0.0114063785
obj_13_mushroom,0.5,6,100,random48_1,0.8,48,0.0114063785
obj_13_mushroom,0.5,6,100,random48_2,0.1,14,0.391939905
obj_13_mushroom,0.5,6,100,random48_2,0.2,28,1.06940526
obj_13_mushroom,0.5,6,100,random48_2,0.4,48,0.0114063785
obj_13_mushroom,0.5,6,100,random48_2,0.6,48,0.0114063785
obj_13_mushroom,0.5,6,100,random48_2,0.8,48,0.0114063785
obj_13_mushroom,0.5,6,100,random48_3,0.1,14,0.634708106
obj_13_mushroom,0.5,6,100,random48_3,0.2,28,0.933814552
obj_13_mushroom,0.5,6,100,random48_3,0.4,48,0.0114063785
obj_13_mushroom,0.5,6,100,random48_3,0.6,48,0.0114063785
obj_13_mushroom,0.5,6,100,random48_3,0.8,48,0.0114063785
obj_13_mushroom,0.5,6,100,random48_4,0.1,14,0.181051705
obj_13_mushroom,0.5,6,100,random48_4,0.2,28,0.133175987
obj_13_mushroom,0.5,6,100,random48_4,0.4,48,0.0114063785
obj_13_mushroom,0.5,6,100,random48_4,0.6,48,0.0114063785
obj_13_mushroom,0.5,6,100,random48_4,0.8,48,0.0114063785
obj_13_mushroom,0.5,7,10,random48_0,0.1,14,0.58373977
obj_13_mushroom,0.5,7,10,random48_0,0.2,28,0.457618275
obj_13_mushroom,0.5,7,10,random48_0,0.4,48,0.0262175032
obj_13_mushroom,0.5,7,10,random48_0,0.6,48,0.0262175032
obj_13_mushroom,0.5,7,10,random48_0,0.8,48,0.0262175032
obj_13_mushroom,0.5,7,10,random48_1,0.1,14,0.401429207
obj_13_mushroom,0.5,7,10,random48_1,0.2,28,0.38976942
obj_13_mushroom,0.5,7,10,random48_1,0.4,48,0.0262175032
obj_13_mushroom,0.5,7,10,random48_1,0.6,48,0.0262175032
obj_13_mushroom,0.5,7,10,random48_1,0.8,48,0.0262175032
obj_13_mushroom,0.5,7,10,random48_2,0.1,14,0.151395328
obj_13_mushroom,0.5,7,10,random48_2,0.2,28,0.212477171
obj_13_mushroom,0.5,7,10,random48_2,0.4,48,0.0262175032
obj_13_mushroom,0.5,7,10,random48_2,0.6,48,0.0262175032
obj_13_mushroom,0.5,7,10,random48_2,0.8,48,0.0262175032
obj_13_mushroom,0.5,7,10,random48_3,0.1,14,0.448501008
obj_13_mushroom,0.5,7,10,random48_3,0.2,28,0.516450377
obj_13_mushroom,0.5,7,10,random48_3,0.4,48,0.0262175032
obj_13_mushroom,0.5,7,10,random48_3,0.6,48,0.0262175032
obj_13_mushroom,0.5,7,10,random48_3,0.8,48,0.0262175032
obj_13_mushroom,0.5,7,10,random48_4,0.1,14,0.292660853
obj_13_mushroom,0.5,7,10,random48_4,0.2,28,0.417353154
obj_13_mushroom,0.5,7,10,random48_4,0.4,48,0.0262175032
obj_13_mushroom,0.5,7,10,random48_4,0.6,48,0.0262175032
obj_13_mushroom,0.5,7,10,random48_4,0.8,48,0.0262175032
obj_13_mushroom,0.5,7,100,random48_0,0.1,14,1.47123619
obj_13_mushroom,0.5,7,100,random48_0,0.2,28,1.53691687
obj_13_mushroom,0.5,7,100,random48_0,0.4,48,0.00252444922
obj_13_mushroom,0.5,7,100,random48_0,0.6,48,0.00252444922
obj_13_mushroom,0.5,7,100,random48_0,0.8,48,0.00252444922
obj_13_mushroom,0.5,7,100,random48_1,0.1,14,0.91595127
obj_13_mushroom,0.5,7,100,random48_1,0.2,28,1.46860664
obj_13_mushroom,0.5,7,100,random48_1,0.4,48,0.00252444922
obj_13_mushroom,0.5,7,100,random48_1,0.6,48,0.00252444922
obj_13_mushroom,0.5,7,100,random48_1,0.8,48,0.00252444922
obj_13_mushroom,0.5,7,100,random48_2,0.1,14,0.315230698
obj_13_mushroom,0.5,7,100,random48_2,0.2,28,0.753299288
obj_13_mushroom,0.5,7,100,random48_2,0.4,48,0.00252444922
obj_13_mushroom,0.5,7,100,random48_2,0.6,48,0.00252444922
obj_13_mushroom,0.5,7,100,random48_2,0.8,48,0.00252444922
obj_13_mushroom,0.5,7,100,random48_3,0.1,14,0.970732156
obj_13_mushroom,0.5,7,100,random48_3,0.2,28,0.475994964
obj_13_mushroom,0.5,7,100,random48_3,0.4,48,0.00252444922
obj_13_mushroom,0.5,7,100,random48_3,0.6,48,0.00252444922
obj_13_mushroom,0.5,7,100,random48_3,0.8,48,0.00252444922
obj_13_mushroom,0.5,7,100,random48_4,0.1,14,0.0663014691
obj_13_mushroom,0.5,7,100,random48_4,0.2,28,0.184707372
obj_13_mushroom,0.5,7,100,random48_4,0.4,48,0.00252444922
obj_13_mushroom,0.5,7,100,random48_4,0.6,48,0.00252444922
obj_13_mushroom,0.5,7,100,random48_4,0.8,48,0.00252444922
obj_13_mushroom,0.5,8,10,random48_0,0.1,14,0.65574676
obj_13_mushroom,0.5,8,10,random48_0,0.2,28,0.436966772
obj_13_mushroom,0.5,8,10,random48_0,0.4,48,0.0521027736
obj_13_mushroom,0.5,8,10,random48_0,0.6,48,0.0521027736
obj_13_mushroom,0.5,8,10,random48_0,0.8,48,0.0521027736
obj_13_mushroom,0.5,8,10,random48_1,0.1,14,1.36476584
obj_13_mushroom,0.5,8,10,random48_1,0.2,28,1.08834005
obj_13_mushroom,0.5,8,10,random48_1,0.4,48,0.0521027736
obj_13_mushroom,0.5,8,10,random48_1,0.6,48,0.0521027736
obj_13_mushroom,0.5,8,10,random48_1,0.8,48,0.0521027736
obj_13_mushroom,0.5,8,10,random48_2,0.1,14,0.575732903
obj_13_mushroom,0.5,8,10,random48_2,0.2,28,0.467839916
obj_13_mushroom,0.5,8,10,random48_2,0.4,48,0.0521027736
obj_13_mushroom,0.5,8,10,random48_2,0.6,48,0.0521027736
obj_13_mushroom,0.5,8,10,random48_2,0.8,48,0.0521027736
obj_13_mushroom,0.5,8,10,random48_3,0.1,14,0.569428672
obj_13_mushroom,0.5,8,10,random48_3,0.2,28,0.740186285
obj_13_mushroom,0.5,8,10,random48_3,0.4,48,0.0521027736
obj_13_mushroom,0.5,8,10,random48_3,0.6,48,0.0521027736
obj_13_mushroom,0.5,8,10,random48_3,0.8,48,0.0521027736
obj_13_mushroom,0.5,8,10,random48_4,0.1,14,0.113953416
obj_13_mushroom,0.5,8,10,random48_4,0.2,28,0.672560369
obj_13_mushroom,0.5,8,10,random48_4,0.4,48,0.0521027736
obj_13_mushroom,0.5,8,10,random48_4,0.6,48,0.0521027736
obj_13_mushroom,0.5,8,10,random48_4,0.8,48,0.0521027736
obj_13_mushroom,0.5,8,100,random48_0,0.1,14,0.579224352
obj_13_mushroom,0.5,8,100,random48_0,0.2,28,0.909173032
obj_13_mushroom,0.5,8,100,random48_0,0.4,48,0.00703194411
obj_13_mushroom,0.5,8,100,random48_0,0.6,48,0.00703194411
obj_13_mushroom,0.5,8,100,random48_0,0.8,48,0.00703194411
obj_13_mushroom,0.5,8,100,random48_1,0.1,14,0.685298836
obj_13_mushroom,0.5,8,100,random48_1,0.2,28,0.704176518
obj_13_mushroom,0.5,8,100,random48_1,0.4,48,0.00703194411
obj_13_mushroom,0.5,8,100,random48_1,0.6,48,0.00703194411
obj_13_mushroom,0.5,8,100,random48_1,0.8,48,0.00703194411
obj_13_mushroom,0.5,8,100,random48_2,0.1,14,0.175858775
obj_13_mushroom,0.5,8,100,random48_2,0.2,28,1.44853854
obj_13_mushroom,0.5,8,100,random48_2,0.4,48,0.00703194411
obj_13_mushroom,0.5,8,100,random48_2,0.6,48,0.00703194411
obj_13_mushroom,0.5,8,100,random48_2,0.8,48,0.00703194411
obj_13_mushroom,0.5,8,100,random48_3,0.1,14,1.1325199
obj_13_mushroom,0.5,8,100,random48_3,0.2,28,1.44524834
obj_13_mushroom,0.5,8,100,random48_3,0.4,48,0.00703194411
obj_13_mushroom,0.5,8,100,random48_3,0.6,48,0.00703194411
obj_13_mushroom,0.5,8,100,random48_3,0.8,48,0.00703194411
obj_13_mushroom,0.5,8,100,random48_4,0.1,14,0.485594431
obj_13_mushroom,0.5,8,100,random48_4,0.2,28,1.0844156
obj_13_mushroom,0.5,8,100,random48_4,0.4,48,0.00703194411
obj_13_mushroom,0.5,8,100,random48_4,0.6,48,0.00703194411
obj_13_mushroom,0.5,8,100,random48_4,0.8,48,0.00703194411
obj_13_mushroom,0.5,9,10,random48_0,0.1,14,0.614854434
obj_13_mushroom,0.5,9,10,random48_0,0.2,28,0.186010467
obj_13_mushroom,0.5,9,10,random48_0,0.4,48,0.0745992756
obj_13_mushroom,0.5,9,10,random48_0,0.6,48,0.0745992756
obj_13_mushroom,0.5,9,10,random48_0,0.8,48,0.0745992756
obj_13_mushroom,0.5,9,10,random48_1,0.1,14,1.41469286
obj_13_mushroom,0.5,9,10,random48_1,0.2,28,0.358661341
obj_13_mushroom,0.5,9,10,random48_1,0.4,48,0.0745992756
obj_13_mushroom,0.5,9,10,random48_1,0.6,48,0.0745992756
obj_13_mushroom,0.5,9,10,random48_1,0.8,48,0.0745992756
obj_13_mushroom,0.5,9,10,random48_2,0.1,14,0.256405436
obj_13_mushroom,0.5,9,10,random48_2,0.2,28,0.272961537
obj_13_mushroom,0.5,9,10,random48_2,0.4,48,0.0745992756
obj_13_mushroom,0.5,9,10,random48_2,0.6,48,0.0745992756
obj_13_mushroom,0.5,9,10,random48_2,0.8,48,0.0745992756
obj_13_mushroom,0.5,9,10,random48_3,0.1,14,1.9026935
obj_13_mushroom,0.5,9,10,random48_3,0.2,28,2.43115197
obj_13_mushroom,0.5,9,10,random48_3,0.4,48,0.0745992756
obj_13_mushroom,0.5,9,10,random48_3,0.6,48,0.0745992756
obj_13_mushroom,0.5,9,10,random48_3,0.8,48,0.0745992756
obj_13_mushroom,0.5,9,10,random48_4,0.1,14,0.608732577
obj_13_mushroom,0.5,9,10,random48_4,0.2,28,1.7874243
obj_13_mushroom,0.5,9,10,random48_4,0.4,48,0.0745992756
obj_13_mushroom,0.5,9,10,random48_4,0.6,48,0.0745992756
obj_13_mushroom,0.5,9,10,random48_4,0.8,48,0.0745992756
obj_13_mushroom,0.5,9,100,random48_0,0.1,14,0.572670177
obj_13_mushroom,0.5,9,100,random48_0,0.2,28,0.694843695
obj_13_mushroom,0.5,9,100,random48_0,0.4,48,0.00516096663
obj_13_mushroom,0.5,9,100,random48_0,0.6,48,0.00516096663
obj_13_mushroom,0.5,9,100,random48_0,0.8,48,0.00516096663
obj_13_mushroom,0.5,9,100,random48_1,0.1,14,0.956672808
obj_13_mushroom,0.5,9,100,random48_1,0.2,28,0.854459474
obj_13_mushroom,0.5,9,100,random48_1,0.4,48,0.00516096663
obj_13_mushroom,0.5,9,100,random48_1,0.6,48,0.00516096663
obj_13_mushroom,0.5,9,100,random48_1,0.8,48,0.00516096663
obj_13_mushroom,0.5,9,100,random48_2,0.1,14,2.16293321
obj_13_mushroom,0.5,9,100,random48_2,0.2,28,2.39375695
obj_13_mushroom,0.5,9,100,random48_2,0.4,48,0.00516096663
obj_13_mushroom,0.5,9,100,random48_2,0.6,48,0.00516096663
obj_13_mushroom,0.5,9,100,random48_2,0.8,48,0.00516096663
obj_13_mushroom,0.5,9,100,random48_3,0.1,14,0.0219664156
obj_13_mushroom,0.5,9,100,random48_3,0.2,28,0.424610275
obj_13_mushroom,0.5,9,100,random48_3,0.4,48,0.00516096663
obj_13_mushroom,0.5,9,100,random48_3,0.6,48,0.00516096663
obj_13_mushroom,0.5,9,100,random48_3,0.8,48,0.00516096663
obj_13_mushroom,0.5,9,100,random48_4,0.1,14,1.24992907
obj_13_mushroom,0.5,9,100,random48_4,0.2,28,1.03813431
obj_13_mushroom,0.5,9,100,random48_4,0.4,48,0.00516096663
obj_13_mushroom,0.5,9,100,random48_4,0.6,48,0.00516096663
obj_13_mushroom,0.5,9,100,random48_4,0.8,48,0.00516096663
obj_13_mushroom,1.0,0,10,random48_0,0.1,14,1.56125855
obj_13_mushroom,1.0,0,10,random48_0,0.2,28,2.30184453
obj_13_mushroom,1.0,0,10,random48_0,0.4,48,0.289147273
obj_13_mushroom,1.0,0,10,random48_0,0.6,48,0.289147273
obj_13_mushroom,1.0,0,10,random48_0,0.8,48,0.289147273
obj_13_mushroom,1.0,0,10,random48_1,0.1,14,0.953520349
obj_13_mushroom,1.0,0,10,random48_1,0.2,28,1.20823006
obj_13_mushroom,1.0,0,10,random48_1,0.4,48,0.289147273
obj_13_mushroom,1.0,0,10,random48_1,0.6,48,0.289147273
obj_13_mushroom,1.0,0,10,random48_1,0.8,48,0.289147273
obj_13_mushroom,1.0,0,10,random48_2,0.1,14,2.20674614
obj_13_mushroom,1.0,0,10,random48_2,0.2,28,3.94715868
obj_13_mushroom,1.0,0,10,random48_2,0.4,48,0.289147273
obj_13_mushroom,1.0,0,10,random48_2,0.6,48,0.289147273
obj_13_mushroom,1.0,0,10,random48_2,0.8,48,0.289147273
obj_13_mushroom,1.0,0,10,random48_3,0.1,14,1.02822011
obj_13_mushroom,1.0,0,10,random48_3,0.2,28,1.14528492
obj_13_mushroom,1.0,0,10,random48_3,0.4,48,0.289147273
obj_13_mushroom,1.0,0,10,random48_3,0.6,48,0.289147273
obj_13_mushroom,1.0,0,10,random48_3,0.8,48,0.289147273
obj_13_mushroom,1.0,0,10,random48_4,0.1,14,1.24231977
obj_13_mushroom,1.0,0,10,random48_4,0.2,28,0.70190472
obj_13_mushroom,1.0,0,10,random48_4,0.4,48,0.289147273
obj_13_mushroom,1.0,0,10,random48_4,0.6,48,0.289147273
obj_13_mushroom,1.0,0,10,random48_4,0.8,48,0.289147273
obj_13_mushroom,1.0,0,100,random48_0,0.1,14,1.45129198
obj_13_mushroom,1.0,0,100,random48_0,0.2,28,0.77805368
obj_13_mushroom,1.0,0,100,random48_0,0.4,48,0.0175732692
obj_13_mushroom,1.0,0,100,random48_0,0.6,48,0.0175732692
obj_13_mushroom,1.0,0,100,random48_0,0.8,48,0.0175732692
obj_13_mushroom,1.0,0,100,random48_1,0.1,14,0.438060998
obj_13_mushroom,1.0,0,100,random48_1,0.2,28,0.828554946
obj_13_mushroom,1.0,0,100,random48_1,0.4,48,0.0175732692
obj_13_mushroom,1.0,0,100,random48_1,0.6,48,0.0175732692
obj_13_mushroom,1.0,0,100,random48_1,0.8,48,0.0175732692
obj_13_mushroom,1.0,0,100,random48_2,0.1,14,1.02145334
obj_13_mushroom,1.0,0,100,random48_2,0.2,28,2.07654778
obj_13_mushroom,1.0,0,100,random48_2,0.4,48,0.0175732692
obj_13_mushroom,1.0,0,100,random48_2,0.6,48,0.0175732692
obj_13_mushroom,1.0,0,100,random48_2,0.8,48,0.0175732692
obj_13_mushroom,1.0,0,100,random48_3,0.1,14,1.16196856
obj_13_mushroom,1.0,0,100,random48_3,0.2,28,2.96549825
obj_13_mushroom,1.0,0,100,random48_3,0.4,48,0.0175732692
obj_13_mushroom,1.0,0,100,random48_3,0.6,48,0.0175732692
obj_13_mushroom,1.0,0,100,random48_3,0.8,48,0.0175732692
obj_13_mushroom,1.0,0,100,random48_4,0.1,14,0.949206
obj_13_mushroom,1.0,0,100,random48_4,0.2,28,3.52190227
obj_13_mushroom,1.0,0,100,random48_4,0.4,48,0.0175732692
obj_13_mushroom,1.0,0,100,random48_4,0.6,48,0.0175732692
obj_13_mushroom,1.0,0,100,random48_4,0.8,48,0.0175732692
obj_13_mushroom,1.0,1,10,random48_0,0.1,14,5.46385454
obj_13_mushroom,1.0,1,10,random48_0,0.2,28,1.56127719
obj_13_mushroom,1.0,1,10,random48_0,0.4,48,1.07436216
obj_13_mushroom,1.0,1,10,random48_0,0.6,48,1.07436216
obj_13_mushroom,1.0,1,10,random48_0,0.8,48,1.07436216
obj_13_mushroom,1.0,1,10,random48_1,0.1,14,3.7910446
obj_13_mushroom,1.0,1,10,random48_1,0.2,28,1.38713701
obj_13_mushroom,1.0,1,10,random48_1,0.4,48,1.07436216
obj_13_mushroom,1.0,1,10,random48_1,0.6,48,1.07436216
obj_13_mushroom,1.0,1,10,random48_1,0.8,48,1.07436216
obj_13_mushroom,1.0,1,10,random48_2,0.1,14,5.06825784
obj_13_mushroom,1.0,1,10,random48_2,0.2,28,7.12550491
obj_13_mushroom,1.0,1,10,random48_2,0.4,48,1.07436216
obj_13_mushroom,1.0,1,10,random48_2,0.6,48,1.07436216
obj_13_mushroom,1.0,1,10,random48_2,0.8,48,1.07436216
obj_13_mushroom,1.0,1,10,random48_3,0.1,14,5.4220887
obj_13_mushroom,1.0,1,10,random48_3,0.2,28,6.06811503
obj_13_mushroom,1.0,1,10,random48_3,0.4,48,1.07436216
obj_13_mushroom,1.0,1,10,random48_3,0.6,48,1.07436216
obj_13_mushroom,1.0,1,10,random48_3,0.8,48,1.07436216
obj_13_mushroom,1.0,1,10,random48_4,0.1,14,9.86905757
obj_13_mushroom,1.0,1,10,random48_4,0.2,28,10.5065344
obj_13_mushroom,1.0,1,10,random48_4,0.4,48,1.07436216
obj_13_mushroom,1.0,1,10,random48_4,0.6,48,1.07436216
obj_13_mushroom,1.0,1,10,random48_4,0.8,48,1.07436216
obj_13_mushroom,1.0,1,100,random48_0,0.1,14,5.33853257
obj_13_mushroom,1.0,1,100,random48_0,0.2,28,3.66812458
obj_13_mushroom,1.0,1,100,random48_0,0.4,48,0.0669322939
obj_13_mushroom,1.0,1,100,random48_0,0.6,48,0.0669322939
obj_13_mushroom,1.0,1,100,random48_0,0.8,48,0.0669322939
obj_13_mushroom,1.0,1,100,random48_1,0.1,14,4.97311148
obj_13_mushroom,1.0,1,100,random48_1,0.2,28,4.447126
obj_13_mushroom,1.0,1,100,random48_1,0.4,48,0.0669322939
obj_13_mushroom,1.0,1,100,random48_1,0.6,48,0.0669322939
obj_13_mushroom,1.0,1,100,random48_1,0.8,48,0.0669322939
obj_13_mushroom,1.0,1,100,random48_2,0.1,14,4.95108843
obj_13_mushroom,1.0,1,100,random48_2,0.2,28,5.55769467
obj_13_mushroom,1.0,1,100,random48_2,0.4,48,0.0669322939
obj_13_mushroom,1.0,1,100,random48_2,0.6,48,0.0669322939
obj_13_mushroom,1.0,1,100,random48_2,0.8,48,0.0669322939
obj_13_mushroom,1.0,1,100,random48_3,0.1,14,5.56644683
obj_13_mushroom,1.0,1,100,random48_3,0.2,28,5.50006894
obj_13_mushroom,1.0,1,100,random48_3,0.4,48,0.0669322939
obj_13_mushroom,1.0,1,100,random48_3,0.6,48,0.0669322939
obj_13_mushroom,1.0,1,100,random48_3,0.8,48,0.0669322939
obj_13_mushroom,1.0,1,100,random48_4,0.1,14,4.52812725
obj_13_mushroom,1.0,1,100,random48_4,0.2,28,7.76147654
obj_13_mushroom,1.0,1,100,random48_4,0.4,48,0.0669322939
obj_13_mushroom,1.0,1,100,random48_4,0.6,48,0.0669322939
obj_13_mushroom,1.0,1,100,random48_4,0.8,48,0.0669322939
obj_13_mushroom,1.0,2,10,random48_0,0.1,14,0.198572913
obj_13_mushroom,1.0,2,10,random48_0,0.2,28,1.78025902
obj_13_mushroom,1.0,2,10,random48_0,0.4,48,0.0591481009
obj_13_mushroom,1.0,2,10,random48_0,0.6,48,0.0591481009
obj_13_mushroom,1.0,2,10,random48_0,0.8,48,0.0591481009
obj_13_mushroom,1.0,2,10,random48_1,0.1,14,0.705551589
obj_13_mushroom,1.0,2,10,random48_1,0.2,28,0.195580355
obj_13_mushroom,1.0,2,10,random48_1,0.4,48,0.0591481009
obj_13_mushroom,1.0,2,10,random48_1,0.6,48,0.0591481009
obj_13_mushroom,1.0,2,10,random48_1,0.8,48,0.0591481009
obj_13_mushroom,1.0,2,10,random48_2,0.1,14,0.672213224
obj_13_mushroom,1.0,2,10,random48_2,0.2,28,2.08868659
obj_13_mushroom,1.0,2,10,random48_2,0.4,48,0.0591481009
obj_13_mushroom,1.0,2,10,random48_2,0.6,48,0.0591481009
obj_13_mushroom,1.0,2,10,random48_2,0.8,48,0.0591481009
obj_13_mushroom,1.0,2,10,random48_3,0.1,14,0.191039877
obj_13_mushroom,1.0,2,10,random48_3,0.2,28,0.322347078
obj_13_mushroom,1.0,2,10,random48_3,0.4,48,0.0591481009
obj_13_mushroom,1.0,2,10,random48_3,0.6,48,0.0591481009
obj_13_mushroom,1.0,2,10,random48_3,0.8,48,0.0591481009
obj_13_mushroom,1.0,2,10,random48_4,0.1,14,0.194793051
obj_13_mushroom,1.0,2,10,random48_4,0.2,28,0.385002655
obj_13_mushroom,1.0,2,10,random48_4,0.4,48,0.0591481009
obj_13_mushroom,1.0,2,10,random48_4,0.6,48,0.0591481009
obj_13_mushroom,1.0,2,10,random48_4,0.8,48,0.0591481009
obj_13_mushroom,1.0,2,100,random48_0,0.1,14,0.194491287
obj_13_mushroom,1.0,2,100,random48_0,0.2,28,1.53296848
obj_13_mushroom,1.0,2,100,random48_0,0.4,48,0.00643136117
obj_13_mushroom,1.0,2,100,random48_0,0.6,48,0.00643136117
obj_13_mushroom,1.0,2,100,random48_0,0.8,48,0.00643136117
obj_13_mushroom,1.0,2,100,random48_1,0.1,14,0.162226938
obj_13_mushroom,1.0,2,100,random48_1,0.2,28,1.42430806
obj_13_mushroom,1.0,2,100,random48_1,0.4,48,0.00643136117
obj_13_mushroom,1.0,2,100,random48_1,0.6,48,0.00643136117
obj_13_mushroom,1.0,2,100,random48_1,0.8,48,0.00643136117
obj_13_mushroom,1.0,2,100,random48_2,0.1,14,0.260721941
obj_13_mushroom,1.0,2,100,random48_2,0.2,28,2.58837001
obj_13_mushroom,1.0,2,100,random48_2,0.4,48,0.00643136117
obj_13_mushroom,1.0,2,100,random48_2,0.6,48,0.00643136117
obj_13_mushroom,1.0,2,100,random48_2,0.8,48,0.00643136117
obj_13_mushroom,1.0,2,100,random48_3,0.1,14,0.812047237
obj_13_mushroom,1.0,2,100,random48_3,0.2,28,0.648946116
obj_13_mushroom,1.0,2,100,random48_3,0.4,48,0.00643136117
obj_13_mushroom,1.0,2,100,random48_3,0.6,48,0.00643136117
obj_13_mushroom,1.0,2,100,random48_3,0.8,48,0.00643136117
obj_13_mushroom,1.0,2,100,random48_4,0.1,14,0.326615885
obj_13_mushroom,1.0,2,100,random48_4,0.2,28,0.692507365
obj_13_mushroom,1.0,2,100,random48_4,0.4,48,0.00643136117
obj_13_mushroom,1.0,2,100,random48_4,0.6,48,0.00643136117
obj_13_mushroom,1.0,2,100,random48_4,0.8,48,0.00643136117
obj_13_mushroom,1.0,3,10,random48_0,0.1,14,0.664060512
obj_13_mushroom,1.0,3,10,random48_0,0.2,28,0.557262368
obj_13_mushroom,1.0,3,10,random48_0,0.4,48,0.0487657869
obj_13_mushroom,1.0,3,10,random48_0,0.6,48,0.0487657869
obj_13_mushroom,1.0,3,10,random48_0,0.8,48,0.0487657869
obj_13_mushroom,1.0,3,10,random48_1,0.1,14,0.312726821
obj_13_mushroom,1.0,3,10,random48_1,0.2,28,1.72135412
obj_13_mushroom,1.0,3,10,random48_1,0.4,48,0.0487657869
obj_13_mushroom,1.0,3,10,random48_1,0.6,48,0.0487657869
obj_13_mushroom,1.0,3,10,random48_1,0.8,48,0.0487657869
obj_13_mushroom,1.0,3,10,random48_2,0.1,14,0.23444777
obj_13_mushroom,1.0,3,10,random48_2,0.2,28,0.254087623
obj_13_mushroom,1.0,3,10,random48_2,0.4,48,0.0487657869
obj_13_mushroom,1.0,3,10,random48_2,0.6,48,0.0487657869
obj_13_mushroom,1.0,3,10,random48_2,0.8,48,0.0487657869
obj_13_mushroom,1.0,3,10,random48_3,0.1,14,0.347535445
obj_13_mushroom,1.0,3,10,random48_3,0.2,28,0.117812555
obj_13_mushroom,1.0,3,10,random48_3,0.4,48,0.0487657869
obj_13_mushroom,1.0,3,10,random48_3,0.6,48,0.0487657869
obj_13_mushroom,1.0,3,10,random48_3,0.8,48,0.0487657869
obj_13_mushroom,1.0,3,10,random48_4,0.1,14,0.251521768
obj_13_mushroom,1.0,3,10,random48_4,0.2,28,0.207755147
obj_13_mushroom,1.0,3,10,random48_4,0.4,48,0.0487657869
obj_13_mushroom,1.0,3,10,random48_4,0.6,48,0.0487657869
obj_13_mushroom,1.0,3,10,random48_4,0.8,48,0.0487657869
obj_13_mushroom,1.0,3,100,random48_0,0.1,14,3.3590571
obj_13_mushroom,1.0,3,100,random48_0,0.2,28,3.58476003
obj_13_mushroom,1.0,3,100,random48_0,0.4,48,0.0038503942
obj_13_mushroom,1.0,3,100,random48_0,0.6,48,0.0038503942
obj_13_mushroom,1.0,3,100,random48_0,0.8,48,0.0038503942
obj_13_mushroom,1.0,3,100,random48_1,0.1,14,0.299468124
obj_13_mushroom,1.0,3,100,random48_1,0.2,28,3.20645707
obj_13_mushroom,1.0,3,100,random48_1,0.4,48,0.0038503942
obj_13_mushroom,1.0,3,100,random48_1,0.6,48,0.0038503942
obj_13_mushroom,1.0,3,100,random48_1,0.8,48,0.0038503942
obj_13_mushroom,1.0,3,100,random48_2,0.1,14,0.422525841
obj_13_mushroom,1.0,3,100,random48_2,0.2,28,1.05397067
obj_13_mushroom,1.0,3,100,random48_2,0.4,48,0.0038503942
obj_13_mushroom,1.0,3,100,random48_2,0.6,48,0.0038503942
obj_13_mushroom,1.0,3,100,random48_2,0.8,48,0.0038503942
obj_13_mushroom,1.0,3,100,random48_3,0.1,14,1.50233912
obj_13_mushroom,1.0,3,100,random48_3,0.2,28,1.6079686
obj_13_mushroom,1.0,3,100,random48_3,0.4,48,0.0038503942
obj_13_mushroom,1.0,3,100,random48_3,0.6,48,0.0038503942
obj_13_mushroom,1.0,3,100,random48_3,0.8,48,0.0038503942
obj_13_mushroom,1.0,3,100,random48_4,0.1,14,2.79537863
obj_13_mushroom,1.0,3,100,random48_4,0.2,28,2.43763521
obj_13_mushroom,1.0,3,100,random48_4,0.4,48,0.0038503942
obj_13_mushroom,1.0,3,100,random48_4,0.6,48,0.0038503942
obj_13_mushroom,1.0,3,100,random48_4,0.8,48,0.0038503942
obj_13_mushroom,1.0,4,10,random48_0,0.1,14,2.16096176
obj_13_mushroom,1.0,4,10,random48_0,0.2,28,1.53759256
obj_13_mushroom,1.0,4,10,random48_0,0.4,48,0.0323612621
obj_13_mushroom,1.0,4,10,random48_0,0.6,48,0.0323612621
obj_13_mushroom,1.0,4,10,random48_0,0.8,48,0.0323612621
obj_13_mushroom,1.0,4,10,random48_1,0.1,14,0.551205123
obj_13_mushroom,1.0,4,10,random48_1,0.2,28,0.761335654
obj_13_mushroom,1.0,4,10,random48_1,0.4,48,0.0323612621
obj_13_mushroom,1.0,4,10,random48_1,0.6,48,0.0323612621
obj_13_mushroom,1.0,4,10,random48_1,0.8,48,0.0323612621
obj_13_mushroom,1.0,4,10,random48_2,0.1,14,1.41269134
obj_13_mushroom,1.0,4,10,random48_2,0.2,28,0.401467489
obj_13_mushroom,1.0,4,10,random48_2,0.4,48,0.0323612621
obj_13_mushroom,1.0,4,10,random48_2,0.6,48,0.0323612621
obj_13_mushroom,1.0,4,10,random48_2,0.8,48,0.0323612621
obj_13_mushroom,1.0,4,10,random48_3,0.1,14,0.568276658
obj_13_mushroom,1.0,4,10,random48_3,0.2,28,0.906997155
obj_13_mushroom,1.0,4,10,random48_3,0.4,48,0.0323612621
obj_13_mushroom,1.0,4,10,random48_3,0.6,48,0.0323612621
obj_13_mushroom,1.0,4,10,random48_3,0.8,48,0.0323612621
obj_13_mushroom,1.0,4,10,random48_4,0.1,14,0.437854545
obj_13_mushroom,1.0,4,10,random48_4,0.2,28,0.877501141
obj_13_mushroom,1.0,4,10,random48_4,0.4,48,0.0323612621
obj_13_mushroom,1.0,4,10,random48_4,0.6,48,0.0323612621
obj_13_mushroom,1.0,4,10,random48_4,0.8,48,0.0323612621
obj_13_mushroom,1.0,4,100,random48_0,0.1,14,0.553222439
obj_13_mushroom,1.0,4,100,random48_0,0.2,28,0.669512458
obj_13_mushroom,1.0,4,100,random48_0,0.4,48,0.00302730202
obj_13_mushroom,1.0,4,100,random48_0,0.6,48,0.00302730202
obj_13_mushroom,1.0,4,100,random48_0,0.8,48,0.00302730202
obj_13_mushroom,1.0,4,100,random48_1,0.1,14,1.31469108
obj_13_mushroom,1.0,4,100,random48_1,0.2,28,3.51082126
obj_13_mushroom,1.0,4,100,random48_1,0.4,48,0.00302730202
obj_13_mushroom,1.0,4,100,random48_1,0.6,48,0.00302730202
obj_13_mushroom,1.0,4,100,random48_1,0.8,48,0.00302730202
obj_13_mushroom,1.0,4,100,random48_2,0.1,14,0.708022646
obj_13_mushroom,1.0,4,100,random48_2,0.2,28,1.32709718
obj_13_mushroom,1.0,4,100,random48_2,0.4,48,0.00302730202
obj_13_mushroom,1.0,4,100,random48_2,0.6,48,0.00302730202
obj_13_mushroom,1.0,4,100,random48_2,0.8,48,0.00302730202
obj_13_mushroom,1.0,4,100,random48_3,0.1,14,0.726376372
obj_13_mushroom,1.0,4,100,random48_3,0.2,28,1.37222389
obj_13_mushroom,1.0,4,100,random48_3,0.4,48,0.00302730202
obj_13_mushroom,1.0,4,100,random48_3,0.6,48,0.00302730202
obj_13_mushroom,1.0,4,100,random48_3,0.8,48,0.00302730202
obj_13_mushroom,1.0,4,100,random48_4,0.1,14,0.844977573
obj_13_mushroom,1.0,4,100,random48_4,0.2,28,0.455999467
obj_13_mushroom,1.0,4,100,random48_4,0.4,48,0.00302730202
obj_13_mushroom,1.0,4,100,random48_4,0.6,48,0.00302730202
obj_13_mushroom,1.0,4,100,random48_4,0.8,48,0.00302730202
obj_13_mushroom,1.0,5,10,random48_0,0.1,14,5.41149276
obj_13_mushroom,1.0,5,10,random48_0,0.2,28,5.61373913
obj_13_mushroom,1.0,5,10,random48_0,0.4,48,0.628675176
obj_13_mushroom,1.0,5,10,random48_0,0.6,48,0.628675176
obj_13_mushroom,1.0,5,10,random48_0,0.8,48,0.628675176
obj_13_mushroom,1.0,5,10,random48_1,0.1,14,7.33339135
obj_13_mushroom,1.0,5,10,random48_1,0.2,28,2.12132361
obj_13_mushroom,1.0,5,10,random48_1,0.4,48,0.628675176
obj_13_mushroom,1.0,5,10,random48_1,0.6,48,0.628675176
obj_13_mushroom,1.0,5,10,random48_1,0.8,48,0.628675176
obj_13_mushroom,1.0,5,10,random48_2,0.1,14,4.49353534
obj_13_mushroom,1.0,5,10,random48_2,0.2,28,4.43090962
obj_13_mushroom,1.0,5,10,random48_2,0.4,48,0.628675176
obj_13_mushroom,1.0,5,10,random48_2,0.6,48,0.628675176
obj_13_mushroom,1.0,5,10,random48_2,0.8,48,0.628675176
obj_13_mushroom,1.0,5,10,random48_3,0.1,14,7.32565006
obj_13_mushroom,1.0,5,10,random48_3,0.2,28,7.00396179
obj_13_mushroom,1.0,5,10,random48_3,0.4,48,0.628675176
obj_13_mushroom,1.0,5,10,random48_3,0.6,48,0.628675176
obj_13_mushroom,1.0,5,10,random48_3,0.8,48,0.628675176
obj_13_mushroom,1.0,5,10,random48_4,0.1,14,4.14660481
obj_13_mushroom,1.0,5,10,random48_4,0.2,28,4.62904082
obj_13_mushroom,1.0,5,10,random48_4,0.4,48,0.628675176
obj_13_mushroom,1.0,5,10,random48_4,0.6,48,0.628675176
obj_13_mushroom,1.0,5,10,random48_4,0.8,48,0.628675176
obj_13_mushroom,1.0,5,100,random48_0,0.1,14,2.37829684
obj_13_mushroom,1.0,5,100,random48_0,0.2,28,1.39226393
obj_13_mushroom,1.0,5,100,random48_0,0.4,48,0.0454413283
obj_13_mushroom,1.0,5,100,random48_0,0.6,48,0.0454413283
obj_13_mushroom,1.0,5,100,random48_0,0.8,48,0.0454413283
obj_13_mushroom,1.0,5,100,random48_1,0.1,14,5.96008624
obj_13_mushroom,1.0,5,100,random48_1,0.2,28,3.44328864
obj_13_mushroom,1.0,5,100,random48_1,0.4,48,0.0454413283
obj_13_mushroom,1.0,5,100,random48_1,0.6,48,0.0454413283
obj_13_mushroom,1.0,5,100,random48_1,0.8,48,0.0454413283
obj_13_mushroom,1.0,5,100,random48_2,0.1,14,3.59007322
obj_13_mushroom,1.0,5,100,random48_2,0.2,28,6.96831676
obj_13_mushroom,1.0,5,100,random48_2,0.4,48,0.0454413283
obj_13_mushroom,1.0,5,100,random48_2,0.6,48,0.0454413283
obj_13_mushroom,1.0,5,100,random48_2,0.8,48,0.0454413283
obj_13_mushroom,1.0,5,100,random48_3,0.1,14,5.72105344
obj_13_mushroom,1.0,5,100,random48_3,0.2,28,7.46338336
obj_13_mushroom,1.0,5,100,random48_3,0.4,48,0.0454413283
obj_13_mushroom,1.0,5,100,random48_3,0.6,48,0.0454413283
obj_13_mushroom,1.0,5,100,random48_3,0.8,48,0.0454413283
obj_13_mushroom,1.0,5,100,random48_4,0.1,14,1.35881948
obj_13_mushroom,1.0,5,100,random48_4,0.2,28,1.30192764
obj_13_mushroom,1.0,5,100,random48_4,0.4,48,0.0454413283
obj_13_mushroom,1.0,5,100,random48_4,0.6,48,0.0454413283
obj_13_mushroom,1.0,5,100,random48_4,0.8,48,0.0454413283
obj_13_mushroom,1.0,6,10,random48_0,0.1,14,0.573622585
obj_13_mushroom,1.0,6,10,random48_0,0.2,28,0.921086336
obj_13_mushroom,1.0,6,10,random48_0,0.4,48,0.281332632
obj_13_mushroom,1.0,6,10,random48_0,0.6,48,0.281332632
obj_13_mushroom,1.0,6,10,random48_0,0.8,48,0.281332632
obj_13_mushroom,1.0,6,10,random48_1,0.1,14,2.62557417
obj_13_mushroom,1.0,6,10,random48_1,0.2,28,3.63961213
obj_13_mushroom,1.0,6,10,random48_1,0.4,48,0.281332632
obj_13_mushroom,1.0,6,10,random48_1,0.6,48,0.281332632
obj_13_mushroom,1.0,6,10,random48_1,0.8,48,0.281332632
obj_13_mushroom,1.0,6,10,random48_2,0.1,14,0.604231172
obj_13_mushroom,1.0,6,10,random48_2,0.2,28,0.905853222
obj_13_mushroom,1.0,6,10,random48_2,0.4,48,0.281332632
obj_13_mushroom,1.0,6,10,random48_2,0.6,48,0.281332632
obj_13_mushroom,1.0,6,10,random48_2,0.8,48,0.281332632
obj_13_mushroom,1.0,6,10,random48_3,0.1,14,0.66909657
obj_13_mushroom,1.0,6,10,random48_3,0.2,28,0.391296865
obj_13_mushroom,1.0,6,10,random48_3,0.4,48,0.281332632
obj_13_mushroom,1.0,6,10,random48_3,0.6,48,0.281332632
obj_13_mushroom,1.0,6,10,random48_3,0.8,48,0.281332632
obj_13_mushroom,1.0,6,10,random48_4,0.1,14,0.22007592
obj_13_mushroom,1.0,6,10,random48_4,0.2,28,0.370523524
obj_13_mushroom,1.0,6,10,random48_4,0.4,48,0.281332632
obj_13_mushroom,1.0,6,10,random48_4,0.6,48,0.281332632
obj_13_mushroom,1.0,6,10,random48_4,0.8,48,0.281332632
obj_13_mushroom,1.0,6,100,random48_0,0.1,14,0.996106441
obj_13_mushroom,1.0,6,100,random48_0,0.2,28,3.60437971
obj_13_mushroom,1.0,6,100,random48_0,0.4,48,0.0371342042
obj_13_mushroom,1.0,6,100,random48_0,0.6,48,0.0371342042
obj_13_mushroom,1.0,6,100,random48_0,0.8,48,0.0371342042
obj_13_mushroom,1.0,6,100,random48_1,0.1,14,0.86715027
obj_13_mushroom,1.0,6,100,random48_1,0.2,28,5.0680782
obj_13_mushroom,1.0,6,100,random48_1,0.4,48,0.0371342042
obj_13_mushroom,1.0,6,100,random48_1,0.6,48,0.0371342042
obj_13_mushroom,1.0,6,100,random48_1,0.8,48,0.0371342042
obj_13_mushroom,1.0,6,100,random48_2,0.1,14,0.594477556
obj_13_mushroom,1.0,6,100,random48_2,0.2,28,3.80157107
obj_13_mushroom,1.0,6,100,random48_2,0.4,48,0.0371342042
obj_13_mushroom,1.0,6,100,random48_2,0.6,48,0.0371342042
obj_13_mushroom,1.0,6,100,random48_2,0.8,48,0.0371342042
obj_13_mushroom,1.0,6,100,random48_3,0.1,14,2.68373252
obj_13_mushroom,1.0,6,100,random48_3,0.2,28,3.92487701
obj_13_mushroom,1.0,6,100,random48_3,0.4,48,0.0371342042
obj_13_mushroom,1.0,6,100,random48_3,0.6,48,0.0371342042
obj_13_mushroom,1.0,6,100,random48_3,0.8,48,0.0371342042
obj_13_mushroom,1.0,6,100,random48_4,0.1,14,0.730391407
obj_13_mushroom,1.0,6,100,random48_4,0.2,28,1.07267834
obj_13_mushroom,1.0,6,100,random48_4,0.4,48,0.0371342042
obj_13_mushroom,1.0,6,100,random48_4,0.6,48,0.0371342042
obj_13_mushroom,1.0,6,100,random48_4,0.8,48,0.0371342042
obj_13_mushroom,1.0,7,10,random48_0,0.1,14,1.56517484
obj_13_mushroom,1.0,7,10,random48_0,0.2,28,1.52257122
obj_13_mushroom,1.0,7,10,random48_0,0.4,48,0.364363638
obj_13_mushroom,1.0,7,10,random48_0,0.6,48,0.364363638
obj_13_mushroom,1.0,7,10,random48_0,0.8,48,0.364363638
obj_13_mushroom,1.0,7,10,random48_1,0.1,14,1.94528992
obj_13_mushroom,1.0,7,10,random48_1,0.2,28,2.50932938
obj_13_mushroom,1.0,7,10,random48_1,0.4,48,0.364363638
obj_13_mushroom,1.0,7,10,random48_1,0.6,48,0.364363638
obj_13_mushroom,1.0,7,10,random48_1,0.8,48,0.364363638
obj_13_mushroom,1.0,7,10,random48_2,0.1,14,1.46098761
obj_13_mushroom,1.0,7,10,random48_2,0.2,28,2.59919493
obj_13_mushroom,1.0,7,10,random48_2,0.4,48,0.364363638
obj_13_mushroom,1.0,7,10,random48_2,0.6,48,0.364363638
obj_13_mushroom,1.0,7,10,random48_2,0.8,48,0.364363638
obj_13_mushroom,1.0,7,10,random48_3,0.1,14,2.09352315
obj_13_mushroom,1.0,7,10,random48_3,0.2,28,2.35852203
obj_13_mushroom,1.0,7,10,random48_3,0.4,48,0.364363638
obj_13_mushroom,1.0,7,10,random48_3,0.6,48,0.364363638
obj_13_mushroom,1.0,7,10,random48_3,0.8,48,0.364363638
obj_13_mushroom,1.0,7,10,random48_4,0.1,14,1.26679371
obj_13_mushroom,1.0,7,10,random48_4,0.2,28,1.77433587
obj_13_mushroom,1.0,7,10,random48_4,0.4,48,0.364363638
obj_13_mushroom,1.0,7,10,random48_4,0.6,48,0.364363638
obj_13_mushroom,1.0,7,10,random48_4,0.8,48,0.364363638
obj_13_mushroom,1.0,7,100,random48_0,0.1,14,1.72710494
obj_13_mushroom,1.0,7,100,random48_0,0.2,28,1.63881103
obj_13_mushroom,1.0,7,100,random48_0,0.4,48,0.0354141813
obj_13_mushroom,1.0,7,100,random48_0,0.6,48,0.0354141813
obj_13_mushroom,1.0,7,100,random48_0,0.8,48,0.0354141813
obj_13_mushroom,1.0,7,100,random48_1,0.1,14,1.4890293
obj_13_mushroom,1.0,7,100,random48_1,0.2,28,3.56021748
obj_13_mushroom,1.0,7,100,random48_1,0.4,48,0.0354141813
obj_13_mushroom,1.0,7,100,random48_1,0.6,48,0.0354141813
obj_13_mushroom,1.0,7,100,random48_1,0.8,48,0.0354141813
obj_13_mushroom,1.0,7,100,random48_2,0.1,14,1.52875814
obj_13_mushroom,1.0,7,100,random48_2,0.2,28,2.40991547
obj_13_mushroom,1.0,7,100,random48_2,0.4,48,0.0354141813
obj_13_mushroom,1.0,7,100,random48_2,0.6,48,0.0354141813
obj_13_mushroom,1.0,7,100,random48_2,0.8,48,0.0354141813
obj_13_mushroom,1.0,7,100,random48_3,0.1,14,1.75307534
obj_13_mushroom,1.0,7,100,random48_3,0.2,28,3.38729021
obj_13_mushroom,1.0,7,100,random48_3,0.4,48,0.0354141813
obj_13_mushroom,1.0,7,100,random48_3,0.6,48,0.0354141813
obj_13_mushroom,1.0,7,100,random48_3,0.8,48,0.0354141813
obj_13_mushroom,1.0,7,100,random48_4,0.1,14,0.36174047
obj_13_mushroom,1.0,7,100,random48_4,0.2,28,0.350781308
obj_13_mushroom,1.0,7,100,random48_4,0.4,48,0.0354141813
obj_13_mushroom,1.0,7,100,random48_4,0.6,48,0.0354141813
obj_13_mushroom,1.0,7,100,random48_4,0.8,48,0.0354141813
obj_13_mushroom,1.0,8,10,random48_0,0.1,14,1.14290665
obj_13_mushroom,1.0,8,10,random48_0,0.2,28,5.01897301
obj_13_mushroom,1.0,8,10,random48_0,0.4,48,0.569055819
obj_13_mushroom,1.0,8,10,random48_0,0.6,48,0.569055819
obj_13_mushroom,1.0,8,10,random48_0,0.8,48,0.569055819
obj_13_mushroom,1.0,8,10,random48_1,0.1,14,0.52741541
obj_13_mushroom,1.0,8,10,random48_1,0.2,28,0.629215696
obj_13_mushroom,1.0,8,10,random48_1,0.4,48,0.569055819
obj_13_mushroom,1.0,8,10,random48_1,0.6,48,0.569055819
obj_13_mushroom,1.0,8,10,random48_1,0.8,48,0.569055819
obj_13_mushroom,1.0,8,10,random48_2,0.1,14,3.57806039
obj_13_mushroom,1.0,8,10,random48_2,0.2,28,3.81503439
obj_13_mushroom,1.0,8,10,random48_2,0.4,48,0.569055819
obj_13_mushroom,1.0,8,10,random48_2,0.6,48,0.569055819
obj_13_mushroom,1.0,8,10,random48_2,0.8,48,0.569055819
obj_13_mushroom,1.0,8,10,random48_3,0.1,14,0.235573957
obj_13_mushroom,1.0,8,10,random48_3,0.2,28,0.663799177
obj_13_mushroom,1.0,8,10,random48_3,0.4,48,0.569055819
obj_13_mushroom,1.0,8,10,random48_3,0.6,48,0.569055819
obj_13_mushroom,1.0,8,10,random48_3,0.8,48,0.569055819
obj_13_mushroom,1.0,8,10,random48_4,0.1,14,1.85402195
obj_13_mushroom,1.0,8,10,random48_4,0.2,28,1.59054785
obj_13_mushroom,1.0,8,10,random48_4,0.4,48,0.569055819
obj_13_mushroom,1.0,8,10,random48_4,0.6,48,0.569055819
obj_13_mushroom,1.0,8,10,random48_4,0.8,48,0.569055819
obj_13_mushroom,1.0,8,100,random48_0,0.1,14,1.08028205
obj_13_mushroom,1.0,8,100,random48_0,0.2,28,1.87842064
obj_13_mushroom,1.0,8,100,random48_0,0.4,48,0.0618346121
obj_13_mushroom,1.0,8,100,random48_0,0.6,48,0.0618346121
obj_13_mushroom,1.0,8,100,random48_0,0.8,48,0.0618346121
obj_13_mushroom,1.0,8,100,random48_1,0.1,14,1.67706813
obj_13_mushroom,1.0,8,100,random48_1,0.2,28,2.16614255
obj_13_mushroom,1.0,8,100,random48_1,0.4,48,0.0618346121
obj_13_mushroom,1.0,8,100,random48_1,0.6,48,0.0618346121
obj_13_mushroom,1.0,8,100,random48_1,0.8,48,0.0618346121
obj_13_mushroom,1.0,8,100,random48_2,0.1,14,0.958332211
obj_13_mushroom,1.0,8,100,random48_2,0.2,28,1.10174159
obj_13_mushroom,1.0,8,100,random48_2,0.4,48,0.0618346121
obj_13_mushroom,1.0,8,100,random48_2,0.6,48,0.0618346121
obj_13_mushroom,1.0,8,100,random48_2,0.8,48,0.0618346121
obj_13_mushroom,1.0,8,100,random48_3,0.1,14,1.00386706
obj_13_mushroom,1.0,8,100,random48_3,0.2,28,0.733674472
obj_13_mushroom,1.0,8,100,random48_3,0.4,48,0.0618346121
obj_13_mushroom,1.0,8,100,random48_3,0.6,48,0.0618346121
obj_13_mushroom,1.0,8,100,random48_3,0.8,48,0.0618346121
obj_13_mushroom,1.0,8,100,random48_4,0.1,14,1.63186165
obj_13_mushroom,1.0,8,100,random48_4,0.2,28,1.74364632
obj_13_mushroom,1.0,8,100,random48_4,0.4,48,0.0618346121
obj_13_mushroom,1.0,8,100,random48_4,0.6,48,0.0618346121
obj_13_mushroom,1.0,8,100,random48_4,0.8,48,0.0618346121
obj_13_mushroom,1.0,9,10,random48_0,0.1,14,1.59943337
obj_13_mushroom,1.0,9,10,random48_0,0.2,28,3.14162149
obj_13_mushroom,1.0,9,10,random48_0,0.4,48,0.155551817
obj_13_mushroom,1.0,9,10,random48_0,0.6,48,0.155551817
obj_13_mushroom,1.0,9,10,random48_0,0.8,48,0.155551817
obj_13_mushroom,1.0,9,10,random48_1,0.1,14,1.12180232
obj_13_mushroom,1.0,9,10,random48_1,0.2,28,0.810552769
obj_13_mushroom,1.0,9,10,random48_1,0.4,48,0.155551817
obj_13_mushroom,1.0,9,10,random48_1,0.6,48,0.155551817
obj_13_mushroom,1.0,9,10,random48_1,0.8,48,0.155551817
obj_13_mushroom,1.0,9,10,random48_2,0.1,14,1.60792219
obj_13_mushroom,1.0,9,10,random48_2,0.2,28,1.2232805
obj_13_mushroom,1.0,9,10,random48_2,0.4,48,0.155551817
obj_13_mushroom,1.0,9,10,random48_2,0.6,48,0.155551817
obj_13_mushroom,1.0,9,10,random48_2,0.8,48,0.155551817
obj_13_mushroom,1.0,9,10,random48_3,0.1,14,1.49972818
obj_13_mushroom,1.0,9,10,random48_3,0.2,28,0.900583732
obj_13_mushroom,1.0,9,10,random48_3,0.4,48,0.155551817
obj_13_mushroom,1.0,9,10,random48_3,0.6,48,0.155551817
obj_13_mushroom,1.0,9,10,random48_3,0.8,48,0.155551817
obj_13_mushroom,1.0,9,10,random48_4,0.1,14,0.8937965
obj_13_mushroom,1.0,9,10,random48_4,0.2,28,1.43060601
obj_13_mushroom,1.0,9,10,random48_4,0.4,48,0.155551817
obj_13_mushroom,1.0,9,10,random48_4,0.6,48,0.155551817
obj_13_mushroom,1.0,9,10,random48_4,0.8,48,0.155551817
obj_13_mushroom,1.0,9,100,random48_0,0.1,14,0.910511541
obj_13_mushroom,1.0,9,100,random48_0,0.2,28,1.49253509
obj_13_mushroom,1.0,9,100,random48_0,0.4,48,0.00612196261
obj_13_mushroom,1.0,9,100,random48_0,0.6,48,0.00612196261
obj_13_mushroom,1.0,9,100,random48_0,0.8,48,0.00612196261
obj_13_mushroom,1.0,9,100,random48_1,0.1,14,1.93084608
obj_13_mushroom,1.0,9,100,random48_1,0.2,28,2.98686624
obj_13_mushroom,1.0,9,100,random48_1,0.4,48,0.00612196261
obj_13_mushroom,1.0,9,100,random48_1,0.6,48,0.00612196261
obj_13_mushroom,1.0,9,100,random48_1,0.8,48,0.00612196261
obj_13_mushroom,1.0,9,100,random48_2,0.1,14,2.12098138
obj_13_mushroom,1.0,9,100,random48_2,0.2,28,0.763408093
obj_13_mushroom,1.0,9,100,random48_2,0.4,48,0.00612196261
obj_13_mushroom,1.0,9,100,random48_2,0.6,48,0.00612196261
obj_13_mushroom,1.0,9,100,random48_2,0.8,48,0.00612196261
obj_13_mushroom,1.0,9,100,random48_3,0.1,14,3.96537511
obj_13_mushroom,1.0,9,100,random48_3,0.2,28,3.99024375
obj_13_mushroom,1.0,9,100,random48_3,0.4,48,0.00612196261
obj_13_mushroom,1.0,9,100,random48_3,0.6,48,0.00612196261
obj_13_mushroom,1.0,9,100,random48_3,0.8,48,0.00612196261
obj_13_mushroom,1.0,9,100,random48_4,0.1,14,2.09885834
obj_13_mushroom,1.0,9,100,random48_4,0.2,28,3.12222483
obj_13_mushroom,1.0,9,100,random48_4,0.4,48,0.00612196261
obj_13_mushroom,1.0,9,100,random48_4,0.6,48,0.00612196261
obj_13_mushroom,1.0,9,100,random48_4,0.8,48,0.00612196261
obj_16_friends_cup,0.2,0,10,random48_0,0.1,14,0.653207443
obj_16_friends_cup,0.2,0,10,random48_0,0.2,28,0.485782561
obj_16_friends_cup,0.2,0,10,random48_0,0.4,48,0.0825457758
obj_16_friends_cup,0.2,0,10,random48_0,0.6,48,0.0825457758
obj_16_friends_cup,0.2,0,10,random48_0,0.8,48,0.0825457758
obj_16_friends_cup,0.2,0,10,random48_1,0.1,14,0.371539374
obj_16_friends_cup,0.2,0,10,random48_1,0.2,28,0.266799141
obj_16_friends_cup,0.2,0,10,random48_1,0.4,48,0.0825457758
obj_16_friends_cup,0.2,0,10,random48_1,0.6,48,0.0825457758
obj_16_friends_cup,0.2,0,10,random48_1,0.8,48,0.0825457758
obj_16_friends_cup,0.2,0,10,random48_2,0.1,14,0.254428763
obj_16_friends_cup,0.2,0,10,random48_2,0.2,28,0.147081595
obj_16_friends_cup,0.2,0,10,random48_2,0.4,48,0.0825457758
obj_16_friends_cup,0.2,0,10,random48_2,0.6,48,0.0825457758
obj_16_friends_cup,0.2,0,10,random48_2,0.8,48,0.0825457758
obj_16_friends_cup,0.2,0,10,random48_3,0.1,14,0.488301698
obj_16_friends_cup,0.2,0,10,random48_3,0.2,28,0.335891768
obj_16_friends_cup,0.2,0,10,random48_3,0.4,48,0.0825457758
obj_16_friends_cup,0.2,0,10,random48_3,0.6,48,0.0825457758
obj_16_friends_cup,0.2,0,10,random48_3,0.8,48,0.0825457758
obj_16_friends_cup,0.2,0,10,random48_4,0.1,14,0.716292485
obj_16_friends_cup,0.2,0,10,random48_4,0.2,28,0.388193375
obj_16_friends_cup,0.2,0,10,random48_4,0.4,48,0.0825457758
obj_16_friends_cup,0.2,0,10,random48_4,0.6,48,0.0825457758
obj_16_friends_cup,0.2,0,10,random48_4,0.8,48,0.0825457758
obj_16_friends_cup,0.2,0,100,random48_0,0.1,14,0.260306517
obj_16_friends_cup,0.2,0,100,random48_0,0.2,28,0.304859568
obj_16_friends_cup,0.2,0,100,random48_0,0.4,48,0.0085036784
obj_16_friends_cup,0.2,0,100,random48_0,0.6,48,0.0085036784
obj_16_friends_cup,0.2,0,100,random48_0,0.8,48,0.0085036784
obj_16_friends_cup,0.2,0,100,random48_1,0.1,14,0.853881033
obj_16_friends_cup,0.2,0,100,random48_1,0.2,28,0.251514343
obj_16_friends_cup,0.2,0,100,random48_1,0.4,48,0.0085036784
obj_16_friends_cup,0.2,0,100,random48_1,0.6,48,0.0085036784
obj_16_friends_cup,0.2,0,100,random48_1,0.8,48,0.0085036784
obj_16_friends_cup,0.2,0,100,random48_2,0.1,14,0.281148203
obj_16_friends_cup,0.2,0,100,random48_2,0.2,28,0.476327036
obj_16_friends_cup,0.2,0,100,random48_2,0.4,48,0.0085036784
obj_16_friends_cup,0.2,0,100,random48_2,0.6,48,0.0085036784
obj_16_friends_cup,0.2,0,100,random48_2,0.8,48,0.0085036784
obj_16_friends_cup,0.2,0,100,random48_3,0.1,14,0.604208181
obj_16_friends_cup,0.2,0,100,random48_3,0.2,28,0.257305891
obj_16_friends_cup,0.2,0,100,random48_3,0.4,48,0.0085036784
obj_16_friends_cup,0.2,0,100,random48_3,0.6,48,0.0085036784
obj_16_friends_cup,0.2,0,100,random48_3,0.8,48,0.0085036784
obj_16_friends_cup,0.2,0,100,random48_4,0.1,14,0.416166057
obj_16_friends_cup,0.2,0,100,random48_4,0.2,28,0.235480992
obj_16_friends_cup,0.2,0,100,random48_4,0.4,48,0.0085036784
obj_16_friends_cup,0.2,0,100,random48_4,0.6,48,0.0085036784
obj_16_friends_cup,0.2,0,100,random48_4,0.8,48,0.0085036784
obj_16_friends_cup,0.2,1,10,random48_0,0.1,14,0.329246174
obj_16_friends_cup,0.2,1,10,random48_0,0.2,28,0.359108404
obj_16_friends_cup,0.2,1,10,random48_0,0.4,48,0.0308670748
obj_16_friends_cup,0.2,1,10,random48_0,0.6,48,0.0308670748
obj_16_friends_cup,0.2,1,10,random48_0,0.8,48,0.0308670748
obj_16_friends_cup,0.2,1,10,random48_1,0.1,14,0.266368995
obj_16_friends_cup,0.2,1,10,random48_1,0.2,28,0.0718413247
obj_16_friends_cup,0.2,1,10,random48_1,0.4,48,0.0308670748
obj_16_friends_cup,0.2,1,10,random48_1,0.6,48,0.0308670748
obj_16_friends_cup,0.2,1,10,random48_1,0.8,48,0.0308670748
obj_16_friends_cup,0.2,1,10,random48_2,0.1,14,0.0781564938
obj_16_friends_cup,0.2,1,10,random48_2,0.2,28,0.11021418
obj_16_friends_cup,0.2,1,10,random48_2,0.4,48,0.0308670748
obj_16_friends_cup,0.2,1,10,random48_2,0.6,48,0.0308670748
obj_16_friends_cup,0.2,1,10,random48_2,0.8,48,0.0308670748
obj_16_friends_cup,0.2,1,10,random48_3,0.1,14,0.228962053
obj_16_friends_cup,0.2,1,10,random48_3,0.2,28,0.121543415
obj_16_friends_cup,0.2,1,10,random48_3,0.4,48,0.0308670748
obj_16_friends_cup,0.2,1,10,random48_3,0.6,48,0.0308670748
obj_16_friends_cup,0.2,1,10,random48_3,0.8,48,0.0308670748
obj_16_friends_cup,0.2,1,10,random48_4,0.1,14,0.337031495
obj_16_friends_cup,0.2,1,10,random48_4,0.2,28,0.368107006
obj_16_friends_cup,0.2,1,10,random48_4,0.4,48,0.0308670748
obj_16_friends_cup,0.2,1,10,random48_4,0.6,48,0.0308670748
obj_16_friends_cup,0.2,1,10,random48_4,0.8,48,0.0308670748
obj_16_friends_cup,0.2,1,100,random48_0,0.1,14,0.17222598
obj_16_friends_cup,0.2,1,100,random48_0,0.2,28,0.0365342027
obj_16_friends_cup,0.2,1,100,random48_0,0.4,48,0.003285174
obj_16_friends_cup,0.2,1,100,random48_0,0.6,48,0.003285174
obj_16_friends_cup,0.2,1,100,random48_0,0.8,48,0.003285174
obj_16_friends_cup,0.2,1,100,random48_1,0.1,14,0.309694272
obj_16_friends_cup,0.2,1,100,random48_1,0.2,28,0.110919834
obj_16_friends_cup,0.2,1,100,random48_1,0.4,48,0.003285174
obj_16_friends_cup,0.2,1,100,random48_1,0.6,48,0.003285174
obj_16_friends_cup,0.2,1,100,random48_1,0.8,48,0.003285174
obj_16_friends_cup,0.2,1,100,random48_2,0.1,14,0.169327986
obj_16_friends_cup,0.2,1,100,random48_2,0.2,28,0.0764590155
obj_16_friends_cup,0.2,1,100,random48_2,0.4,48,0.003285174
obj_16_friends_cup,0.2,1,100,random48_2,0.6,48,0.003285174
obj_16_friends_cup,0.2,1,100,random48_2,0.8,48,0.003285174
obj_16_friends_cup,0.2,1,100,random48_3,0.1,14,0.143918164
obj_16_friends_cup,0.2,1,100,random48_3,0.2,28,0.0538534915
obj_16_friends_cup,0.2,1,100,random48_3,0.4,48,0.003285174
obj_16_friends_cup,0.2,1,100,random48_3,0.6,48,0.003285174
obj_16_friends_cup,0.2,1,100,random48_3,0.8,48,0.003285174
obj_16_friends_cup,0.2,1,100,random48_4,0.1,14,0.221101216
obj_16_friends_cup,0.2,1,100,random48_4,0.2,28,0.139314265
obj_16_friends_cup,0.2,1,100,random48_4,0.4,48,0.003285174
obj_16_friends_cup,0.2,1,100,random48_4,0.6,48,0.003285174
obj_16_friends_cup,0.2,1,100,random48_4,0.8,48,0.003285174
obj_16_friends_cup,0.2,2,10,random48_0,0.1,14,0.452611127
obj_16_friends_cup,0.2,2,10,random48_0,0.2,28,0.359454146
obj_16_friends_cup,0.2,2,10,random48_0,0.4,48,0.0545431218
obj_16_friends_cup,0.2,2,10,random48_0,0.6,48,0.0545431218
obj_16_friends_cup,0.2,2,10,random48_0,0.8,48,0.0545431218
obj_16_friends_cup,0.2,2,10,random48_1,0.1,14,0.530899958
obj_16_friends_cup,0.2,2,10,random48_1,0.2,28,0.222330074
obj_16_friends_cup,0.2,2,10,random48_1,0.4,48,0.0545431218
obj_16_friends_cup,0.2,2,10,random48_1,0.6,48,0.0545431218
obj_16_friends_cup,0.2,2,10,random48_1,0.8,48,0.0545431218
obj_16_friends_cup,0.2,2,10,random48_2,0.1,14,0.304541311
obj_16_friends_cup,0.2,2,10,random48_2,0.2,28,0.180686302
obj_16_friends_cup,0.2,2,10,random48_2,0.4,48,0.0545431218
obj_16_friends_cup,0.2,2,10,random48_2,0.6,48,0.0545431218
obj_16_friends_cup,0.2,2,10,random48_2,0.8,48,0.0545431218
obj_16_friends_cup,0.2,2,10,random48_3,0.1,14,0.545642694
obj_16_friends_cup,0.2,2,10,random48_3,0.2,28,0.430925387
obj_16_friends_cup,0.2,2,10,random48_3,0.4,48,0.0545431218
obj_16_friends_cup,0.2,2,10,random48_3,0.6,48,0.0545431218
obj_16_friends_cup,0.2,2,10,random48_3,0.8,48,0.0545431218
obj_16_friends_cup,0.2,2,10,random48_4,0.1,14,0.425521086
obj_16_friends_cup,0.2,2,10,random48_4,0.2,28,0.189278187
obj_16_friends_cup,0.2,2,10,random48_4,0.4,48,0.0545431218
obj_16_friends_cup,0.2,2,10,random48_4,0.6,48,0.0545431218
obj_16_friends_cup,0.2,2,10,random48_4,0.8,48,0.0545431218
obj_16_friends_cup,0.2,2,100,random48_0,0.1,14,0.270462585
obj_16_friends_cup,0.2,2,100,random48_0,0.2,28,0.11027192
obj_16_friends_cup,0.2,2,100,random48_0,0.4,48,0.00473791717
obj_16_friends_cup,0.2,2,100,random48_0,0.6,48,0.00473791717
obj_16_friends_cup,0.2,2,100,random48_0,0.8,48,0.00473791717
obj_16_friends_cup,0.2,2,100,random48_1,0.1,14,0.319172796
obj_16_friends_cup,0.2,2,100,random48_1,0.2,28,0.159616376
obj_16_friends_cup,0.2,2,100,random48_1,0.4,48,0.00473791717
obj_16_friends_cup,0.2,2,100,random48_1,0.6,48,0.00473791717
obj_16_friends_cup,0.2,2,100,random48_1,0.8,48,0.00473791717
obj_16_friends_cup,0.2,2,100,random48_2,0.1,14,0.295896874
obj_16_friends_cup,0.2,2,100,random48_2,0.2,28,0.174843199
obj_16_friends_cup,0.2,2,100,random48_2,0.4,48,0.00473791717
obj_16_friends_cup,0.2,2,100,random48_2,0.6,48,0.00473791717
obj_16_friends_cup,0.2,2,100,random48_2,0.8,48,0.00473791717
obj_16_friends_cup,0.2,2,100,random48_3,0.1,14,0.287655189
obj_16_friends_cup,0.2,2,100,random48_3,0.2,28,0.184393853
obj_16_friends_cup,0.2,2,100,random48_3,0.4,48,0.00473791717
obj_16_friends_cup,0.2,2,100,random48_3,0.6,48,0.00473791717
obj_16_friends_cup,0.2,2,100,random48_3,0.8,48,0.00473791717
obj_16_friends_cup,0.2,2,100,random48_4,0.1,14,0.186529877
obj_16_friends_cup,0.2,2,100,random48_4,0.2,28,0.183129589
obj_16_friends_cup,0.2,2,100,random48_4,0.4,48,0.00473791717
obj_16_friends_cup,0.2,2,100,random48_4,0.6,48,0.00473791717
obj_16_friends_cup,0.2,2,100,random48_4,0.8,48,0.00473791717
obj_16_friends_cup,0.2,3,10,random48_0,0.1,14,0.094638925
obj_16_friends_cup,0.2,3,10,random48_0,0.2,28,0.143013665
obj_16_friends_cup,0.2,3,10,random48_0,0.4,48,0.00896072334
obj_16_friends_cup,0.2,3,10,random48_0,0.6,48,0.00896072334
obj_16_friends_cup,0.2,3,10,random48_0,0.8,48,0.00896072334
obj_16_friends_cup,0.2,3,10,random48_1,0.1,14,0.118334714
obj_16_friends_cup,0.2,3,10,random48_1,0.2,28,0.242673832
obj_16_friends_cup,0.2,3,10,random48_1,0.4,48,0.00896072334
obj_16_friends_cup,0.2,3,10,random48_1,0.6,48,0.00896072334
obj_16_friends_cup,0.2,3,10,random48_1,0.8,48,0.00896072334
obj_16_friends_cup,0.2,3,10,random48_2,0.1,14,0.236557363
obj_16_friends_cup,0.2,3,10,random48_2,0.2,28,0.308153709
obj_16_friends_cup,0.2,3,10,random48_2,0.4,48,0.00896072334
obj_16_friends_cup,0.2,3,10,random48_2,0.6,48,0.00896072334
obj_16_friends_cup,0.2,3,10,random48_2,0.8,48,0.00896072334
obj_16_friends_cup,0.2,3,10,random48_3,0.1,14,0.144208217
obj_16_friends_cup,0.2,3,10,random48_3,0.2,28,0.168729717
obj_16_friends_cup,0.2,3,10,random48_3,0.4,48,0.00896072334
obj_16_friends_cup,0.2,3,10,random48_3,0.6,48,0.00896072334
obj_16_friends_cup,0.2,3,10,random48_3,0.8,48,0.00896072334
obj_16_friends_cup,0.2,3,10,random48_4,0.1,14,0.139356762
obj_16_friends_cup,0.2,3,10,random48_4,0.2,28,0.169578313
obj_16_friends_cup,0.2,3,10,random48_4,0.4,48,0.00896072334
obj_16_friends_cup,0.2,3,10,random48_4,0.6,48,0.00896072334
obj_16_friends_cup,0.2,3,10,random48_4,0.8,48,0.00896072334
obj_16_friends_cup,0.2,3,100,random48_0,0.1,14,0.149868544
obj_16_friends_cup,0.2,3,100,random48_0,0.2,28,0.0527000323
obj_16_friends_cup,0.2,3,100,random48_0,0.4,48,0.000629037095
obj_16_friends_cup,0.2,3,100,random48_0,0.6,48,0.000629037095
obj_16_friends_cup,0.2,3,100,random48_0,0.8,48,0.000629037095
obj_16_friends_cup,0.2,3,100,random48_1,0.1,14,0.33425774
obj_16_friends_cup,0.2,3,100,random48_1,0.2,28,0.455138956
obj_16_friends_cup,0.2,3,100,random48_1,0.4,48,0.000629037095
obj_16_friends_cup,0.2,3,100,random48_1,0.6,48,0.000629037095
obj_16_friends_cup,0.2,3,100,random48_1,0.8,48,0.000629037095
obj_16_friends_cup,0.2,3,100,random48_2,0.1,14,0.232079213
obj_16_friends_cup,0.2,3,100,random48_2,0.2,28,0.0244396522
obj_16_friends_cup,0.2,3,100,random48_2,0.4,48,0.000629037095
obj_16_friends_cup,0.2,3,100,random48_2,0.6,48,0.000629037095
obj_16_friends_cup,0.2,3,100,random48_2,0.8,48,0.000629037095
obj_16_friends_cup,0.2,3,100,random48_3,0.1,14,0.123935277
obj_16_friends_cup,0.2,3,100,random48_3,0.2,28,0.0441921984
obj_16_friends_cup,0.2,3,100,random48_3,0.4,48,0.000629037095
obj_16_friends_cup,0.2,3,100,random48_3,0.6,48,0.000629037095
obj_16_friends_cup,0.2,3,100,random48_3,0.8,48,0.000629037095
obj_16_friends_cup,0.2,3,100,random48_4,0.1,14,0.307833013
obj_16_friends_cup,0.2,3,100,random48_4,0.2,28,0.0674473856
obj_16_friends_cup,0.2,3,100,random48_4,0.4,48,0.000629037095
obj_16_friends_cup,0.2,3,100,random48_4,0.6,48,0.000629037095
obj_16_friends_cup,0.2,3,100,random48_4,0.8,48,0.000629037095
obj_16_friends_cup,0.2,4,10,random48_0,0.1,14,0.104379036
obj_16_friends_cup,0.2,4,10,random48_0,0.2,28,0.123585934
obj_16_friends_cup,0.2,4,10,random48_0,0.4,48,0.00654379324
obj_16_friends_cup,0.2,4,10,random48_0,0.6,48,0.00654379324
obj_16_friends_cup,0.2,4,10,random48_0,0.8,48,0.00654379324
obj_16_friends_cup,0.2,4,10,random48_1,0.1,14,0.00666039508
obj_16_friends_cup,0.2,4,10,random48_1,0.2,28,0.00360621551
obj_16_friends_cup,0.2,4,10,random48_1,0.4,48,0.00654379324
obj_16_friends_cup,0.2,4,10,random48_1,0.6,48,0.00654379324
obj_16_friends_cup,0.2,4,10,random48_1,0.8,48,0.00654379324
obj_16_friends_cup,0.2,4,10,random48_2,0.1,14,0.0275826196
obj_16_friends_cup,0.2,4,10,random48_2,0.2,28,0.0204640612
obj_16_friends_cup,0.2,4,10,random48_2,0.4,48,0.00654379324
obj_16_friends_cup,0.2,4,10,random48_2,0.6,48,0.00654379324
obj_16_friends_cup,0.2,4,10,random48_2,0.8,48,0.00654379324
obj_16_friends_cup,0.2,4,10,random48_3,0.1,14,0.0805406307
obj_16_friends_cup,0.2,4,10,random48_3,0.2,28,0.0445800533
obj_16_friends_cup,0.2,4,10,random48_3,0.4,48,0.00654379324
obj_16_friends_cup,0.2,4,10,random48_3,0.6,48,0.00654379324
obj_16_friends_cup,0.2,4,10,random48_3,0.8,48,0.00654379324
obj_16_friends_cup,0.2,4,10,random48_4,0.1,14,0.0227197522
obj_16_friends_cup,0.2,4,10,random48_4,0.2,28,0.0242262879
obj_16_friends_cup,0.2,4,10,random48_4,0.4,48,0.00654379324
obj_16_friends_cup,0.2,4,10,random48_4,0.6,48,0.00654379324
obj_16_friends_cup,0.2,4,10,random48_4,0.8,48,0.00654379324
obj_16_friends_cup,0.2,4,100,random48_0,0.1,14,0.0354201575
obj_16_friends_cup,0.2,4,100,random48_0,0.2,28,0.068006083
obj_16_friends_cup,0.2,4,100,random48_0,0.4,48,0.000711089143
obj_16_friends_cup,0.2,4,100,random48_0,0.6,48,0.000711089143
obj_16_friends_cup,0.2,4,100,random48_0,0.8,48,0.000711089143
obj_16_friends_cup,0.2,4,100,random48_1,0.1,14,0.163923801
obj_16_friends_cup,0.2,4,100,random48_1,0.2,28,0.0366091225
obj_16_friends_cup,0.2,4,100,random48_1,0.4,48,0.000711089143
obj_16_friends_cup,0.2,4,100,random48_1,0.6,48,0.000711089143
obj_16_friends_cup,0.2,4,100,random48_1,0.8,48,0.000711089143
obj_16_friends_cup,0.2,4,100,random48_2,0.1,14,0.0383233749
obj_16_friends_cup,0.2,4,100,random48_2,0.2,28,0.047478389
obj_16_friends_cup,0.2,4,100,random48_2,0.4,48,0.000711089143
obj_16_friends_cup,0.2,4,100,random48_2,0.6,48,0.000711089143
obj_16_friends_cup,0.2,4,100,random48_2,0.8,48,0.000711089143
obj_16_friends_cup,0.2,4,100,random48_3,0.1,14,0.215110816
obj_16_friends_cup,0.2,4,100,random48_3,0.2,28,0.0211909726
obj_16_friends_cup,0.2,4,100,random48_3,0.4,48,0.000711089143
obj_16_friends_cup,0.2,4,100,random48_3,0.6,48,0.000711089143
obj_16_friends_cup,0.2,4,100,random48_3,0.8,48,0.000711089143
obj_16_friends_cup,0.2,4,100,random48_4,0.1,14,0.0387849014
obj_16_friends_cup,0.2,4,100,random48_4,0.2,28,0.00979377897
obj_16_friends_cup,0.2,4,100,random48_4,0.4,48,0.000711089143
obj_16_friends_cup,0.2,4,100,random48_4,0.6,48,0.000711089143
obj_16_friends_cup,0.2,4,100,random48_4,0.8,48,0.000711089143
obj_16_friends_cup,0.2,5,10,random48_0,0.1,14,0.25567016
obj_16_friends_cup,0.2,5,10,random48_0,0.2,28,0.229449807
obj_16_friends_cup,0.2,5,10,random48_0,0.4,48,0.0362715826
obj_16_friends_cup,0.2,5,10,random48_0,0.6,48,0.0362715826
obj_16_friends_cup,0.2,5,10,random48_0,0.8,48,0.0362715826
obj_16_friends_cup,0.2,5,10,random48_1,0.1,14,0.268826454
obj_16_friends_cup,0.2,5,10,random48_1,0.2,28,0.365775522
obj_16_friends_cup,0.2,5,10,random48_1,0.4,48,0.0362715826
obj_16_friends_cup,0.2,5,10,random48_1,0.6,48,0.0362715826
obj_16_friends_cup,0.2,5,10,random48_1,0.8,48,0.0362715826
obj_16_friends_cup,0.2,5,10,random48_2,0.1,14,0.321273591
obj_16_friends_cup,0.2,5,10,random48_2,0.2,28,0.16443465
obj_16_friends_cup,0.2,5,10,random48_2,0.4,48,0.0362715826
obj_16_friends_cup,0.2,5,10,random48_2,0.6,48,0.0362715826
obj_16_friends_cup,0.2,5,10,random48_2,0.8,48,0.0362715826
obj_16_friends_cup,0.2,5,10,random48_3,0.1,14,0.232955825
obj_16_friends_cup,0.2,5,10,random48_3,0.2,28,0.179395459
obj_16_friends_cup,0.2,5,10,random48_3,0.4,48,0.0362715826
obj_16_friends_cup,0.2,5,10,random48_3,0.6,48,0.0362715826
obj_16_friends_cup,0.2,5,10,random48_3,0.8,48,0.0362715826
obj_16_friends_cup,0.2,5,10,random48_4,0.1,14,0.3308058
obj_16_friends_cup,0.2,5,10,random48_4,0.2,28,0.201485104
obj_16_friends_cup,0.2,5,10,random48_4,0.4,48,0.0362715826
obj_16_friends_cup,0.2,5,10,random48_4,0.6,48,0.0362715826
obj_16_friends_cup,0.2,5,10,random48_4,0.8,48,0.0362715826
obj_16_friends_cup,0.2,5,100,random48_0,0.1,14,0.183065107
obj_16_friends_cup,0.2,5,100,random48_0,0.2,28,0.215062957
obj_16_friends_cup,0.2,5,100,random48_0,0.4,48,0.0038899759
obj_16_friends_cup,0.2,5,100,random48_0,0.6,48,0.0038899759
obj_16_friends_cup,0.2,5,100,random48_0,0.8,48,0.0038899759
obj_16_friends_cup,0.2,5,100,random48_1,0.1,14,0.359697915
obj_16_friends_cup,0.2,5,100,random48_1,0.2,28,0.375005523
obj_16_friends_cup,0.2,5,100,random48_1,0.4,48,0.0038899759
obj_16_friends_cup,0.2,5,100,random48_1,0.6,48,0.0038899759
obj_16_friends_cup,0.2,5,100,random48_1,0.8,48,0.0038899759
obj_16_friends_cup,0.2,5,100,random48_2,0.1,14,0.309200589
obj_16_friends_cup,0.2,5,100,random48_2,0.2,28,0.119203024
obj_16_friends_cup,0.2,5,100,random48_2,0.4,48,0.0038899759
obj_16_friends_cup,0.2,5,100,random48_2,0.6,48,0.0038899759
obj_16_friends_cup,0.2,5,100,random48_2,0.8,48,0.0038899759
obj_16_friends_cup,0.2,5,100,random48_3,0.1,14,0.377509854
obj_16_friends_cup,0.2,5,100,random48_3,0.2,28,0.380788289
obj_16_friends_cup,0.2,5,100,random48_3,0.4,48,0.0038899759
obj_16_friends_cup,0.2,5,100,random48_3,0.6,48,0.0038899759
obj_16_friends_cup,0.2,5,100,random48_3,0.8,48,0.0038899759
obj_16_friends_cup,0.2,5,100,random48_4,0.1,14,0.23545511
obj_16_friends_cup,0.2,5,100,random48_4,0.2,28,0.168031591
obj_16_friends_cup,0.2,5,100,random48_4,0.4,48,0.0038899759
obj_16_friends_cup,0.2,5,100,random48_4,0.6,48,0.0038899759
obj_16_friends_cup,0.2,5,100,random48_4,0.8,48,0.0038899759
obj_16_friends_cup,0.2,6,10,random48_0,0.1,14,0.276358795
obj_16_friends_cup,0.2,6,10,random48_0,0.2,28,0.267490408
obj_16_friends_cup,0.2,6,10,random48_0,0.4,48,0.0362708415
obj_16_friends_cup,0.2,6,10,random48_0,0.6,48,0.0362708415
obj_16_friends_cup,0.2,6,10,random48_0,0.8,48,0.0362708415
obj_16_friends_cup,0.2,6,10,random48_1,0.1,14,0.206005963
obj_16_friends_cup,0.2,6,10,random48_1,0.2,28,0.157913763
obj_16_friends_cup,0.2,6,10,random48_1,0.4,48,0.0362708415
obj_16_friends_cup,0.2,6,10,random48_1,0.6,48,0.0362708415
obj_16_friends_cup,0.2,6,10,random48_1,0.8,48,0.0362708415
obj_16_friends_cup,0.2,6,10,random48_2,0.1,14,0.297821152
obj_16_friends_cup,0.2,6,10,random48_2,0.2,28,0.173063841
obj_16_friends_cup,0.2,6,10,random48_2,0.4,48,0.0362708415
obj_16_friends_cup,0.2,6,10,random48_2,0.6,48,0.0362708415
obj_16_friends_cup,0.2,6,10,random48_2,0.8,48,0.0362708415
obj_16_friends_cup,0.2,6,10,random48_3,0.1,14,0.194898394
obj_16_friends_cup,0.2,6,10,random48_3,0.2,28,0.062991039
obj_16_friends_cup,0.2,6,10,random48_3,0.4,48,0.0362708415
obj_16_friends_cup,0.2,6,10,random48_3,0.6,48,0.0362708415
obj_16_friends_cup,0.2,6,10,random48_3,0.8,48,0.0362708415
obj_16_friends_cup,0.2,6,10,random48_4,0.1,14,0.241026925
obj_16_friends_cup,0.2,6,10,random48_4,0.2,28,0.118348903
obj_16_friends_cup,0.2,6,10,random48_4,0.4,48,0.0362708415
obj_16_friends_cup,0.2,6,10,random48_4,0.6,48,0.0362708415
obj_16_friends_cup,0.2,6,10,random48_4,0.8,48,0.0362708415
obj_16_friends_cup,0.2,6,100,random48_0,0.1,14,0.137399076
obj_16_friends_cup,0.2,6,100,random48_0,0.2,28,0.135638342
obj_16_friends_cup,0.2,6,100,random48_0,0.4,48,0.00387886432
obj_16_friends_cup,0.2,6,100,random48_0,0.6,48,0.00387886432
obj_16_friends_cup,0.2,6,100,random48_0,0.8,48,0.00387886432
obj_16_friends_cup,0.2,6,100,random48_1,0.1,14,0.229035566
obj_16_friends_cup,0.2,6,100,random48_1,0.2,28,0.126711714
obj_16_friends_cup,0.2,6,100,random48_1,0.4,48,0.00387886432
obj_16_friends_cup,0.2,6,100,random48_1,0.6,48,0.00387886432
obj_16_friends_cup,0.2,6,100,random48_1,0.8,48,0.00387886432
obj_16_friends_cup,0.2,6,100,random48_2,0.1,14,0.0340303708
obj_16_friends_cup,0.2,6,100,random48_2,0.2,28,0.0538054887
obj_16_friends_cup,0.2,6,100,random48_2,0.4,48,0.00387886432
obj_16_friends_cup,0.2,6,100,random48_2,0.6,48,0.00387886432
obj_16_friends_cup,0.2,6,100,random48_2,0.8,48,0.00387886432
obj_16_friends_cup,0.2,6,100,random48_3,0.1,14,0.274019747
obj_16_friends_cup,0.2,6,100,random48_3,0.2,28,0.146230134
obj_16_friends_cup,0.2,6,100,random48_3,0.4,48,0.00387886432
obj_16_friends_cup,0.2,6,100,random48_3,0.6,48,0.00387886432
obj_16_friends_cup,0.2,6,100,random48_3,0.8,48,0.00387886432
obj_16_friends_cup,0.2,6,100,random48_4,0.1,14,0.157492476
obj_16_friends_cup,0.2,6,100,random48_4,0.2,28,0.0747922626
obj_16_friends_cup,0.2,6,100,random48_4,0.4,48,0.00387886432
obj_16_friends_cup,0.2,6,100,random48_4,0.6,48,0.00387886432
obj_16_friends_cup,0.2,6,100,random48_4,0.8,48,0.00387886432
obj_16_friends_cup,0.2,7,10,random48_0,0.1,14,0.180998719
obj_16_friends_cup,0.2,7,10,random48_0,0.2,28,0.175818718
obj_16_friends_cup,0.2,7,10,random48_0,0.4,48,0.0163754398
obj_16_friends_cup,0.2,7,10,random48_0,0.6,48,0.0163754398
obj_16_friends_cup,0.2,7,10,random48_0,0.8,48,0.0163754398
obj_16_friends_cup,0.2,7,10,random48_1,0.1,14,0.0341385232
obj_16_friends_cup,0.2,7,10,random48_1,0.2,28,0.0424546482
obj_16_friends_cup,0.2,7,10,random48_1,0.4,48,0.0163754398
obj_16_friends_cup,0.2,7,10,random48_1,0.6,48,0.0163754398
obj_16_friends_cup,0.2,7,10,random48_1,0.8,48,0.0163754398
obj_16_friends_cup,0.2,7,10,random48_2,0.1,14,0.247414693
obj_16_friends_cup,0.2,7,10,random48_2,0.2,28,0.0432809419
obj_16_friends_cup,0.2,7,10,random48_2,0.4,48,0.0163754398
obj_16_friends_cup,0.2,7,10,random48_2,0.6,48,0.0163754398
obj_16_friends_cup,0.2,7,10,random48_2,0.8,48,0.0163754398
obj_16_friends_cup,0.2,7,10,random48_3,0.1,14,0.177377731
obj_16_friends_cup,0.2,7,10,random48_3,0.2,28,0.04800571
obj_16_friends_cup,0.2,7,10,random48_3,0.4,48,0.0163754398
obj_16_friends_cup,0.2,7,10,random48_3,0.6,48,0.0163754398
obj_16_friends_cup,0.2,7,10,random48_3,0.8,48,0.0163754398
obj_16_friends_cup,0.2,7,10,random48_4,0.1,14,0.0547527528
obj_16_friends_cup,0.2,7,10,random48_4,0.2,28,0.062715696
obj_16_friends_cup,0.2,7,10,random48_4,0.4,48,0.0163754398
obj_16_friends_cup,0.2,7,10,random48_4,0.6,48,0.0163754398
obj_16_friends_cup,0.2,7,10,random48_4,0.8,48,0.0163754398
obj_16_friends_cup,0.2,7,100,random48_0,0.1,14,0.117860057
obj_16_friends_cup,0.2,7,100,random48_0,0.2,28,0.357311837
obj_16_friends_cup,0.2,7,100,random48_0,0.4,48,0.00139708209
obj_16_friends_cup,0.2,7,100,random48_0,0.6,48,0.00139708209
obj_16_friends_cup,0.2,7,100,random48_0,0.8,48,0.00139708209
obj_16_friends_cup,0.2,7,100,random48_1,0.1,14,0.269367244
obj_16_friends_cup,0.2,7,100,random48_1,0.2,28,0.253517963
obj_16_friends_cup,0.2,7,100,random48_1,0.4,48,0.00139708209
obj_16_friends_cup,0.2,7,100,random48_1,0.6,48,0.00139708209
obj_16_friends_cup,0.2,7,100,random48_1,0.8,48,0.00139708209
obj_16_friends_cup,0.2,7,100,random48_2,0.1,14,0.222219424
obj_16_friends_cup,0.2,7,100,random48_2,0.2,28,0.0577421879
obj_16_friends_cup,0.2,7,100,random48_2,0.4,48,0.00139708209
obj_16_friends_cup,0.2,7,100,random48_2,0.6,48,0.00139708209
obj_16_friends_cup,0.2,7,100,random48_2,0.8,48,0.00139708209
obj_16_friends_cup,0.2,7,100,random48_3,0.1,14,0.31151196
obj_16_friends_cup,0.2,7,100,random48_3,0.2,28,0.298234319
obj_16_friends_cup,0.2,7,100,random48_3,0.4,48,0.00139708209
obj_16_friends_cup,0.2,7,100,random48_3,0.6,48,0.00139708209
obj_16_friends_cup,0.2,7,100,random48_3,0.8,48,0.00139708209
obj_16_friends_cup,0.2,7,100,random48_4,0.1,14,0.123125468
obj_16_friends_cup,0.2,7,100,random48_4,0.2,28,0.0442667796
obj_16_friends_cup,0.2,7,100,random48_4,0.4,48,0.00139708209
obj_16_friends_cup,0.2,7,100,random48_4,0.6,48,0.00139708209
obj_16_friends_cup,0.2,7,100,random48_4,0.8,48,0.00139708209
obj_16_friends_cup,0.2,8,10,random48_0,0.1,14,0.2781315
obj_16_friends_cup,0.2,8,10,random48_0,0.2,28,0.216351211
obj_16_friends_cup,0.2,8,10,random48_0,0.4,48,0.0370109653
obj_16_friends_cup,0.2,8,10,random48_0,0.6,48,0.0370109653
obj_16_friends_cup,0.2,8,10,random48_0,0.8,48,0.0370109653
obj_16_friends_cup,0.2,8,10,random48_1,0.1,14,0.359486804
obj_16_friends_cup,0.2,8,10,random48_1,0.2,28,0.0410919813
obj_16_friends_cup,0.2,8,10,random48_1,0.4,48,0.0370109653
obj_16_friends_cup,0.2,8,10,random48_1,0.6,48,0.0370109653
obj_16_friends_cup,0.2,8,10,random48_1,0.8,48,0.0370109653
obj_16_friends_cup,0.2,8,10,random48_2,0.1,14,0.0839242762
obj_16_friends_cup,0.2,8,10,random48_2,0.2,28,0.0832714016
obj_16_friends_cup,0.2,8,10,random48_2,0.4,48,0.0370109653
obj_16_friends_cup,0.2,8,10,random48_2,0.6,48,0.0370109653
obj_16_friends_cup,0.2,8,10,random48_2,0.8,48,0.0370109653
obj_16_friends_cup,0.2,8,10,random48_3,0.1,14,0.573505822
obj_16_friends_cup,0.2,8,10,random48_3,0.2,28,0.416797238
obj_16_friends_cup,0.2,8,10,random48_3,0.4,48,0.0370109653
obj_16_friends_cup,0.2,8,10,random48_3,0.6,48,0.0370109653
obj_16_friends_cup,0.2,8,10,random48_3,0.8,48,0.0370109653
obj_16_friends_cup,0.2,8,10,random48_4,0.1,14,0.3817591
obj_16_friends_cup,0.2,8,10,random48_4,0.2,28,0.294930895
obj_16_friends_cup,0.2,8,10,random48_4,0.4,48,0.0370109653
obj_16_friends_cup,0.2,8,10,random48_4,0.6,48,0.0370109653
obj_16_friends_cup,0.2,8,10,random48_4,0.8,48,0.0370109653
obj_16_friends_cup,0.2,8,100,random48_0,0.1,14,0.222224672
obj_16_friends_cup,0.2,8,100,random48_0,0.2,28,0.207570616
obj_16_friends_cup,0.2,8,100,random48_0,0.4,48,0.00305092128
obj_16_friends_cup,0.2,8,100,random48_0,0.6,48,0.00305092128
obj_16_friends_cup,0.2,8,100,random48_0,0.8,48,0.00305092128
obj_16_friends_cup,0.2,8,100,random48_1,0.1,14,0.663462203
obj_16_friends_cup,0.2,8,100,random48_1,0.2,28,0.0118690667
obj_16_friends_cup,0.2,8,100,random48_1,0.4,48,0.00305092128
obj_16_friends_cup,0.2,8,100,random48_1,0.6,48,0.00305092128
obj_16_friends_cup,0.2,8,100,random48_1,0.8,48,0.00305092128
obj_16_friends_cup,0.2,8,100,random48_2,0.1,14,0.211497525
obj_16_friends_cup,0.2,8,100,random48_2,0.2,28,0.234511256
obj_16_friends_cup,0.2,8,100,random48_2,0.4,48,0.00305092128
obj_16_friends_cup,0.2,8,100,random48_2,0.6,48,0.00305092128
obj_16_friends_cup,0.2,8,100,random48_2,0.8,48,0.00305092128
obj_16_friends_cup,0.2,8,100,random48_3,0.1,14,0.61994452
obj_16_friends_cup,0.2,8,100,random48_3,0.2,28,0.133598242
obj_16_friends_cup,0.2,8,100,random48_3,0.4,48,0.00305092128
obj_16_friends_cup,0.2,8,100,random48_3,0.6,48,0.00305092128
obj_16_friends_cup,0.2,8,100,random48_3,0.8,48,0.00305092128
obj_16_friends_cup,0.2,8,100,random48_4,0.1,14,0.63349125
obj_16_friends_cup,0.2,8,100,random48_4,0.2,28,0.0175616358
obj_16_friends_cup,0.2,8,100,random48_4,0.4,48,0.00305092128
obj_16_friends_cup,0.2,8,100,random48_4,0.6,48,0.00305092128
obj_16_friends_cup,0.2,8,100,random48_4,0.8,48,0.00305092128
obj_16_friends_cup,0.2,9,10,random48_0,0.1,14,0.10112505
obj_16_friends_cup,0.2,9,10,random48_0,0.2,28,0.112390445
obj_16_friends_cup,0.2,9,10,random48_0,0.4,48,0.0248788686
obj_16_friends_cup,0.2,9,10,random48_0,0.6,48,0.0248788686
obj_16_friends_cup,0.2,9,10,random48_0,0.8,48,0.0248788686
obj_16_friends_cup,0.2,9,10,random48_1,0.1,14,0.104836604
obj_16_friends_cup,0.2,9,10,random48_1,0.2,28,0.0713843203
obj_16_friends_cup,0.2,9,10,random48_1,0.4,48,0.0248788686
obj_16_friends_cup,0.2,9,10,random48_1,0.6,48,0.0248788686
obj_16_friends_cup,0.2,9,10,random48_1,0.8,48,0.0248788686
obj_16_friends_cup,0.2,9,10,random48_2,0.1,14,0.175580595
obj_16_friends_cup,0.2,9,10,random48_2,0.2,28,0.0601426481
obj_16_friends_cup,0.2,9,10,random48_2,0.4,48,0.0248788686
obj_16_friends_cup,0.2,9,10,random48_2,0.6,48,0.0248788686
obj_16_friends_cup,0.2,9,10,random48_2,0.8,48,0.0248788686
obj_16_friends_cup,0.2,9,10,random48_3,0.1,14,0.114766699
obj_16_friends_cup,0.2,9,10,random48_3,0.2,28,0.0353680078
obj_16_friends_cup,0.2,9,10,random48_3,0.4,48,0.0248788686
obj_16_friends_cup,0.2,9,10,random48_3,0.6,48,0.0248788686
obj_16_friends_cup,0.2,9,10,random48_3,0.8,48,0.0248788686
obj_16_friends_cup,0.2,9,10,random48_4,0.1,14,0.197993566
obj_16_friends_cup,0.2,9,10,random48_4,0.2,28,0.2255371
obj_16_friends_cup,0.2,9,10,random48_4,0.4,48,0.0248788686
obj_16_friends_cup,0.2,9,10,random48_4,0.6,48,0.0248788686
obj_16_friends_cup,0.2,9,10,random48_4,0.8,48,0.0248788686
obj_16_friends_cup,0.2,9,100,random48_0,0.1,14,0.276150385
obj_16_friends_cup,0.2,9,100,random48_0,0.2,28,0.177669126
obj_16_friends_cup,0.2,9,100,random48_0,0.4,48,0.0028096487
obj_16_friends_cup,0.2,9,100,random48_0,0.6,48,0.0028096487
obj_16_friends_cup,0.2,9,100,random48_0,0.8,48,0.0028096487
obj_16_friends_cup,0.2,9,100,random48_1,0.1,14,0.093327887
obj_16_friends_cup,0.2,9,100,random48_1,0.2,28,0.133018279
obj_16_friends_cup,0.2,9,100,random48_1,0.4,48,0.0028096487
obj_16_friends_cup,0.2,9,100,random48_1,0.6,48,0.0028096487
obj_16_friends_cup,0.2,9,100,random48_1,0.8,48,0.0028096487
obj_16_friends_cup,0.2,9,100,random48_2,0.1,14,0.13914168
obj_16_friends_cup,0.2,9,100,random48_2,0.2,28,0.0722293863
obj_16_friends_cup,0.2,9,100,random48_2,0.4,48,0.0028096487
obj_16_friends_cup,0.2,9,100,random48_2,0.6,48,0.0028096487
obj_16_friends_cup,0.2,9,100,random48_2,0.8,48,0.0028096487
obj_16_friends_cup,0.2,9,100,random48_3,0.1,14,0.359933281
obj_16_friends_cup,0.2,9,100,random48_3,0.2,28,0.0550580315
obj_16_friends_cup,0.2,9,100,random48_3,0.4,48,0.0028096487
obj_16_friends_cup,0.2,9,100,random48_3,0.6,48,0.0028096487
obj_16_friends_cup,0.2,9,100,random48_3,0.8,48,0.0028096487
obj_16_friends_cup,0.2,9,100,random48_4,0.1,14,0.0318865581
obj_16_friends_cup,0.2,9,100,random48_4,0.2,28,0.0372753893
obj_16_friends_cup,0.2,9,100,random48_4,0.4,48,0.0028096487
obj_16_friends_cup,0.2,9,100,random48_4,0.6,48,0.0028096487
obj_16_friends_cup,0.2,9,100,random48_4,0.8,48,0.0028096487
obj_16_friends_cup,0.5,0,10,random48_0,0.1,14,0.388339068
obj_16_friends_cup,0.5,0,10,random48_0,0.2,28,0.65647236
obj_16_friends_cup,0.5,0,10,random48_0,0.4,48,0.0560472057
obj_16_friends_cup,0.5,0,10,random48_0,0.6,48,0.0560472057
obj_16_friends_cup,0.5,0,10,random48_0,0.8,48,0.0560472057
obj_16_friends_cup,0.5,0,10,random48_1,0.1,14,0.956857177
obj_16_friends_cup,0.5,0,10,random48_1,0.2,28,1.07245528
obj_16_friends_cup,0.5,0,10,random48_1,0.4,48,0.0560472057
obj_16_friends_cup,0.5,0,10,random48_1,0.6,48,0.0560472057
obj_16_friends_cup,0.5,0,10,random48_1,0.8,48,0.0560472057
obj_16_friends_cup,0.5,0,10,random48_2,0.1,14,0.427390525
obj_16_friends_cup,0.5,0,10,random48_2,0.2,28,0.823382435
obj_16_friends_cup,0.5,0,10,random48_2,0.4,48,0.0560472057
obj_16_friends_cup,0.5,0,10,random48_2,0.6,48,0.0560472057
obj_16_friends_cup,0.5,0,10,random48_2,0.8,48,0.0560472057
obj_16_friends_cup,0.5,0,10,random48_3,0.1,14,0.449742652
obj_16_friends_cup,0.5,0,10,random48_3,0.2,28,0.360278597
obj_16_friends_cup,0.5,0,10,random48_3,0.4,48,0.0560472057
obj_16_friends_cup,0.5,0,10,random48_3,0.6,48,0.0560472057
obj_16_friends_cup,0.5,0,10,random48_3,0.8,48,0.0560472057
obj_16_friends_cup,0.5,0,10,random48_4,0.1,14,0.819406049
obj_16_friends_cup,0.5,0,10,random48_4,0.2,28,1.3273196
obj_16_friends_cup,0.5,0,10,random48_4,0.4,48,0.0560472057
obj_16_friends_cup,0.5,0,10,random48_4,0.6,48,0.0560472057
obj_16_friends_cup,0.5,0,10,random48_4,0.8,48,0.0560472057
obj_16_friends_cup,0.5,0,100,random48_0,0.1,14,0.929142797
obj_16_friends_cup,0.5,0,100,random48_0,0.2,28,0.708172228
obj_16_friends_cup,0.5,0,100,random48_0,0.4,48,0.00679344032
obj_16_friends_cup,0.5,0,100,random48_0,0.6,48,0.00679344032
obj_16_friends_cup,0.5,0,100,random48_0,0.8,48,0.00679344032
obj_16_friends_cup,0.5,0,100,random48_1,0.1,14,0.185231329
obj_16_friends_cup,0.5,0,100,random48_1,0.2,28,0.525182201
obj_16_friends_cup,0.5,0,100,random48_1,0.4,48,0.00679344032
obj_16_friends_cup,0.5,0,100,random48_1,0.6,48,0.00679344032
obj_16_friends_cup,0.5,0,100,random48_1,0.8,48,0.00679344032
obj_16_friends_cup,0.5,0,100,random48_2,0.1,14,0.926430842
obj_16_friends_cup,0.5,0,100,random48_2,0.2,28,1.42344462
obj_16_friends_cup,0.5,0,100,random48_2,0.4,48,0.00679344032
obj_16_friends_cup,0.5,0,100,random48_2,0.6,48,0.00679344032
obj_16_friends_cup,0.5,0,100,random48_2,0.8,48,0.00679344032
obj_16_friends_cup,0.5,0,100,random48_3,0.1,14,0.13655891
obj_16_friends_cup,0.5,0,100,random48_3,0.2,28,1.26284911
obj_16_friends_cup,0.5,0,100,random48_3,0.4,48,0.00679344032
obj_16_friends_cup,0.5,0,100,random48_3,0.6,48,0.00679344032
obj_16_friends_cup,0.5,0,100,random48_3,0.8,48,0.00679344032
obj_16_friends_cup,0.5,0,100,random48_4,0.1,14,0.829985083
obj_16_friends_cup,0.5,0,100,random48_4,0.2,28,0.464775965
obj_16_friends_cup,0.5,0,100,random48_4,0.4,48,0.00679344032
obj_16_friends_cup,0.5,0,100,random48_4,0.6,48,0.00679344032
obj_16_friends_cup,0.5,0,100,random48_4,0.8,48,0.00679344032
obj_16_friends_cup,0.5,1,10,random48_0,0.1,14,0.599686544
obj_16_friends_cup,0.5,1,10,random48_0,0.2,28,0.706673089
obj_16_friends_cup,0.5,1,10,random48_0,0.4,48,0.0511236289
obj_16_friends_cup,0.5,1,10,random48_0,0.6,48,0.0511236289
obj_16_friends_cup,0.5,1,10,random48_0,0.8,48,0.0511236289
obj_16_friends_cup,0.5,1,10,random48_1,0.1,14,1.55132974
obj_16_friends_cup,0.5,1,10,random48_1,0.2,28,2.04590643
obj_16_friends_cup,0.5,1,10,random48_1,0.4,48,0.0511236289
obj_16_friends_cup,0.5,1,10,random48_1,0.6,48,0.0511236289
obj_16_friends_cup,0.5,1,10,random48_1,0.8,48,0.0511236289
obj_16_friends_cup,0.5,1,10,random48_2,0.1,14,1.83843418
obj_16_friends_cup,0.5,1,10,random48_2,0.2,28,1.48575426
obj_16_friends_cup,0.5,1,10,random48_2,0.4,48,0.0511236289
obj_16_friends_cup,0.5,1,10,random48_2,0.6,48,0.0511236289
obj_16_friends_cup,0.5,1,10,random48_2,0.8,48,0.0511236289
obj_16_friends_cup,0.5,1,10,random48_3,0.1,14,1.45150356
obj_16_friends_cup,0.5,1,10,random48_3,0.2,28,1.65249315
obj_16_friends_cup,0.5,1,10,random48_3,0.4,48,0.0511236289
obj_16_friends_cup,0.5,1,10,random48_3,0.6,48,0.0511236289
obj_16_friends_cup,0.5,1,10,random48_3,0.8,48,0.0511236289
obj_16_friends_cup,0.5,1,10,random48_4,0.1,14,1.03894212
obj_16_friends_cup,0.5,1,10,random48_4,0.2,28,1.62002435
obj_16_friends_cup,0.5,1,10,random48_4,0.4,48,0.0511236289
obj_16_friends_cup,0.5,1,10,random48_4,0.6,48,0.0511236289
obj_16_friends_cup,0.5,1,10,random48_4,0.8,48,0.0511236289
obj_16_friends_cup,0.5,1,100,random48_0,0.1,14,1.94536283
obj_16_friends_cup,0.5,1,100,random48_0,0.2,28,2.12195772
obj_16_friends_cup,0.5,1,100,random48_0,0.4,48,0.00465052525
obj_16_friends_cup,0.5,1,100,random48_0,0.6,48,0.00465052525
obj_16_friends_cup,0.5,1,100,random48_0,0.8,48,0.00465052525
obj_16_friends_cup,0.5,1,100,random48_1,0.1,14,1.14827318
obj_16_friends_cup,0.5,1,100,random48_1,0.2,28,2.23787996
obj_16_friends_cup,0.5,1,100,random48_1,0.4,48,0.00465052525
obj_16_friends_cup,0.5,1,100,random48_1,0.6,48,0.00465052525
obj_16_friends_cup,0.5,1,100,random48_1,0.8,48,0.00465052525
obj_16_friends_cup,0.5,1,100,random48_2,0.1,14,1.53084182
obj_16_friends_cup,0.5,1,100,random48_2,0.2,28,1.85930595
obj_16_friends_cup,0.5,1,100,random48_2,0.4,48,0.00465052525
obj_16_friends_cup,0.5,1,100,random48_2,0.6,48,0.00465052525
obj_16_friends_cup,0.5,1,100,random48_2,0.8,48,0.00465052525
obj_16_friends_cup,0.5,1,100,random48_3,0.1,14,1.02605282
obj_16_friends_cup,0.5,1,100,random48_3,0.2,28,1.9027578
obj_16_friends_cup,0.5,1,100,random48_3,0.4,48,0.00465052525
obj_16_friends_cup,0.5,1,100,random48_3,0.6,48,0.00465052525
obj_16_friends_cup,0.5,1,100,random48_3,0.8,48,0.00465052525
obj_16_friends_cup,0.5,1,100,random48_4,0.1,14,1.86775522
obj_16_friends_cup,0.5,1,100,random48_4,0.2,28,1.65805403
obj_16_friends_cup,0.5,1,100,random48_4,0.4,48,0.00465052525
obj_16_friends_cup,0.5,1,100,random48_4,0.6,48,0.00465052525
obj_16_friends_cup,0.5,1,100,random48_4,0.8,48,0.00465052525
obj_16_friends_cup,0.5,2,10,random48_0,0.1,14,0.555024458
obj_16_friends_cup,0.5,2,10,random48_0,0.2,28,0.227621715
obj_16_friends_cup,0.5,2,10,random48_0,0.4,48,0.0788985064
obj_16_friends_cup,0.5,2,10,random48_0,0.6,48,0.0788985064
obj_16_friends_cup,0.5,2,10,random48_0,0.8,48,0.0788985064
obj_16_friends_cup,0.5,2,10,random48_1,0.1,14,0.607166362
obj_16_friends_cup,0.5,2,10,random48_1,0.2,28,0.753156685
obj_16_friends_cup,0.5,2,10,random48_1,0.4,48,0.0788985064
obj_16_friends_cup,0.5,2,10,random48_1,0.6,48,0.0788985064
obj_16_friends_cup,0.5,2,10,random48_1,0.8,48,0.0788985064
obj_16_friends_cup,0.5,2,10,random48_2,0.1,14,0.692631358
obj_16_friends_cup,0.5,2,10,random48_2,0.2,28,0.188504997
obj_16_friends_cup,0.5,2,10,random48_2,0.4,48,0.0788985064
obj_16_friends_cup,0.5,2,10,random48_2,0.6,48,0.0788985064
obj_16_friends_cup,0.5,2,10,random48_2,0.8,48,0.0788985064
obj_16_friends_cup,0.5,2,10,random48_3,0.1,14,0.831978354
obj_16_friends_cup,0.5,2,10,random48_3,0.2,28,0.460980891
obj_16_friends_cup,0.5,2,10,random48_3,0.4,48,0.0788985064
obj_16_friends_cup,0.5,2,10,random48_3,0.6,48,0.0788985064
obj_16_friends_cup,0.5,2,10,random48_3,0.8,48,0.0788985064
obj_16_friends_cup,0.5,2,10,random48_4,0.1,14,0.958190992
obj_16_friends_cup,0.5,2,10,random48_4,0.2,28,0.794655105
obj_16_friends_cup,0.5,2,10,random48_4,0.4,48,0.0788985064
obj_16_friends_cup,0.5,2,10,random48_4,0.6,48,0.0788985064
obj_16_friends_cup,0.5,2,10,random48_4,0.8,48,0.0788985064
obj_16_friends_cup,0.5,2,100,random48_0,0.1,14,1.16643805
obj_16_friends_cup,0.5,2,100,random48_0,0.2,28,0.493918522
obj_16_friends_cup,0.5,2,100,random48_0,0.4,48,0.00763117402
obj_16_friends_cup,0.5,2,100,random48_0,0.6,48,0.00763117402
obj_16_friends_cup,0.5,2,100,random48_0,0.8,48,0.00763117402
obj_16_friends_cup,0.5,2,100,random48_1,0.1,14,0.739894646
obj_16_friends_cup,0.5,2,100,random48_1,0.2,28,0.697939657
obj_16_friends_cup,0.5,2,100,random48_1,0.4,48,0.00763117402
obj_16_friends_cup,0.5,2,100,random48_1,0.6,48,0.00763117402
obj_16_friends_cup,0.5,2,100,random48_1,0.8,48,0.00763117402
obj_16_friends_cup,0.5,2,100,random48_2,0.1,14,0.492511005
obj_16_friends_cup,0.5,2,100,random48_2,0.2,28,1.10438591
obj_16_friends_cup,0.5,2,100,random48_2,0.4,48,0.00763117402
obj_16_friends_cup,0.5,2,100,random48_2,0.6,48,0.00763117402
obj_16_friends_cup,0.5,2,100,random48_2,0.8,48,0.00763117402
obj_16_friends_cup,0.5,2,100,random48_3,0.1,14,0.092807556
obj_16_friends_cup,0.5,2,100,random48_3,0.2,28,0.827006068
obj_16_friends_cup,0.5,2,100,random48_3,0.4,48,0.00763117402
obj_16_friends_cup,0.5,2,100,random48_3,0.6,48,0.00763117402
obj_16_friends_cup,0.5,2,100,random48_3,0.8,48,0.00763117402
obj_16_friends_cup,0.5,2,100,random48_4,0.1,14,0.551116497
obj_16_friends_cup,0.5,2,100,random48_4,0.2,28,0.639244829
obj_16_friends_cup,0.5,2,100,random48_4,0.4,48,0.00763117402
obj_16_friends_cup,0.5,2,100,random48_4,0.6,48,0.00763117402
obj_16_friends_cup,0.5,2,100,random48_4,0.8,48,0.00763117402
obj_16_friends_cup,0.5,3,10,random48_0,0.1,14,0.828177734
obj_16_friends_cup,0.5,3,10,random48_0,0.2,28,0.898436144
obj_16_friends_cup,0.5,3,10,random48_0,0.4,48,0.0880405333
obj_16_friends_cup,0.5,3,10,random48_0,0.6,48,0.0880405333
obj_16_friends_cup,0.5,3,10,random48_0,0.8,48,0.0880405333
obj_16_friends_cup,0.5,3,10,random48_1,0.1,14,0.550922102
obj_16_friends_cup,0.5,3,10,random48_1,0.2,28,0.380400054
obj_16_friends_cup,0.5,3,10,random48_1,0.4,48,0.0880405333
obj_16_friends_cup,0.5,3,10,random48_1,0.6,48,0.0880405333
obj_16_friends_cup,0.5,3,10,random48_1,0.8,48,0.0880405333
obj_16_friends_cup,0.5,3,10,random48_2,0.1,14,0.273164026
obj_16_friends_cup,0.5,3,10,random48_2,0.2,28,0.484236523
obj_16_friends_cup,0.5,3,10,random48_2,0.4,48,0.0880405333
obj_16_friends_cup,0.5,3,10,random48_2,0.6,48,0.0880405333
obj_16_friends_cup,0.5,3,10,random48_2,0.8,48,0.0880405333
obj_16_friends_cup,0.5,3,10,random48_3,0.1,14,0.623127676
obj_16_friends_cup,0.5,3,10,random48_3,0.2,28,0.50977918
obj_16_friends_cup,0.5,3,10,random48_3,0.4,48,0.0880405333
obj_16_friends_cup,0.5,3,10,random48_3,0.6,48,0.0880405333
obj_16_friends_cup,0.5,3,10,random48_3,0.8,48,0.0880405333
obj_16_friends_cup,0.5,3,10,random48_4,0.1,14,0.901022573
obj_16_friends_cup,0.5,3,10,random48_4,0.2,28,2.26875807
obj_16_friends_cup,0.5,3,10,random48_4,0.4,48,0.0880405333
obj_16_friends_cup,0.5,3,10,random48_4,0.6,48,0.0880405333
obj_16_friends_cup,0.5,3,10,random48_4,0.8,48,0.0880405333
obj_16_friends_cup,0.5,3,100,random48_0,0.1,14,1.61085172
obj_16_friends_cup,0.5,3,100,random48_0,0.2,28,0.201004079
obj_16_friends_cup,0.5,3,100,random48_0,0.4,48,0.0085280859
obj_16_friends_cup,0.5,3,100,random48_0,0.6,48,0.0085280859
obj_16_friends_cup,0.5,3,100,random48_0,0.8,48,0.0085280859
obj_16_friends_cup,0.5,3,100,random48_1,0.1,14,0.760240532
obj_16_friends_cup,0.5,3,100,random48_1,0.2,28,1.10999133
obj_16_friends_cup,0.5,3,100,random48_1,0.4,48,0.0085280859
obj_16_friends_cup,0.5,3,100,random48_1,0.6,48,0.0085280859
obj_16_friends_cup,0.5,3,100,random48_1,0.8,48,0.0085280859
obj_16_friends_cup,0.5,3,100,random48_2,0.1,14,0.181390969
obj_16_friends_cup,0.5,3,100,random48_2,0.2,28,1.21668324
obj_16_friends_cup,0.5,3,100,random48_2,0.4,48,0.0085280859
obj_16_friends_cup,0.5,3,100,random48_2,0.6,48,0.0085280859
obj_16_friends_cup,0.5,3,100,random48_2,0.8,48,0.0085280859
obj_16_friends_cup,0.5,3,100,random48_3,0.1,14,0.464625883
obj_16_friends_cup,0.5,3,100,random48_3,0.2,28,0.18792309
obj_16_friends_cup,0.5,3,100,random48_3,0.4,48,0.0085280859
obj_16_friends_cup,0.5,3,100,random48_3,0.6,48,0.0085280859
obj_16_friends_cup,0.5,3,100,random48_3,0.8,48,0.0085280859
obj_16_friends_cup,0.5,3,100,random48_4,0.1,14,0.512719631
obj_16_friends_cup,0.5,3,100,random48_4,0.2,28,0.504415548
obj_16_friends_cup,0.5,3,100,random48_4,0.4,48,0.0085280859
obj_16_friends_cup,0.5,3,100,random48_4,0.6,48,0.0085280859
obj_16_friends_cup,0.5,3,100,random48_4,0.8,48,0.0085280859
obj_16_friends_cup,0.5,4,10,random48_0,0.1,14,2.3852729
obj_16_friends_cup,0.5,4,10,random48_0,0.2,28,2.29050027
obj_16_friends_cup,0.5,4,10,random48_0,0.4,48,0.102709051
obj_16_friends_cup,0.5,4,10,random48_0,0.6,48,0.102709051
obj_16_friends_cup,0.5,4,10,random48_0,0.8,48,0.102709051
obj_16_friends_cup,0.5,4,10,random48_1,0.1,14,1.24709534
obj_16_friends_cup,0.5,4,10,random48_1,0.2,28,1.48710024
obj_16_friends_cup,0.5,4,10,random48_1,0.4,48,0.102709051
obj_16_friends_cup,0.5,4,10,random48_1,0.6,48,0.102709051
obj_16_friends_cup,0.5,4,10,random48_1,0.8,48,0.102709051
obj_16_friends_cup,0.5,4,10,random48_2,0.1,14,1.75127777
obj_16_friends_cup,0.5,4,10,random48_2,0.2,28,0.158420778
obj_16_friends_cup,0.5,4,10,random48_2,0.4,48,0.102709051
obj_16_friends_cup,0.5,4,10,random48_2,0.6,48,0.102709051
obj_16_friends_cup,0.5,4,10,random48_2,0.8,48,0.102709051
obj_16_friends_cup,0.5,4,10,random48_3,0.1,14,2.42318807
obj_16_friends_cup,0.5,4,10,random48_3,0.2,28,0.673801227
obj_16_friends_cup,0.5,4,10,random48_3,0.4,48,0.102709051
obj_16_friends_cup,0.5,4,10,random48_3,0.6,48,0.102709051
obj_16_friends_cup,0.5,4,10,random48_3,0.8,48,0.102709051
obj_16_friends_cup,0.5,4,10,random48_4,0.1,14,1.32332727
obj_16_friends_cup,0.5,4,10,random48_4,0.2,28,1.42264203
obj_16_friends_cup,0.5,4,10,random48_4,0.4,48,0.102709051
obj_16_friends_cup,0.5,4,10,random48_4,0.6,48,0.102709051
obj_16_friends_cup,0.5,4,10,random48_4,0.8,48,0.102709051
obj_16_friends_cup,0.5,4,100,random48_0,0.1,14,1.72661429
obj_16_friends_cup,0.5,4,100,random48_0,0.2,28,4.36684029
obj_16_friends_cup,0.5,4,100,random48_0,0.4,48,0.00861956742
obj_16_friends_cup,0.5,4,100,random48_0,0.6,48,0.00861956742
obj_16_friends_cup,0.5,4,100,random48_0,0.8,48,0.00861956742
obj_16_friends_cup,0.5,4,100,random48_1,0.1,14,3.3646636
obj_16_friends_cup,0.5,4,100,random48_1,0.2,28,3.81150276
obj_16_friends_cup,0.5,4,100,random48_1,0.4,48,0.00861956742
obj_16_friends_cup,0.5,4,100,random48_1,0.6,48,0.00861956742
obj_16_friends_cup,0.5,4,100,random48_1,0.8,48,0.00861956742
obj_16_friends_cup,0.5,4,100,random48_2,0.1,14,0.691178785
obj_16_friends_cup,0.5,4,100,random48_2,0.2,28,0.694467828
obj_16_friends_cup,0.5,4,100,random48_2,0.4,48,0.00861956742
obj_16_friends_cup,0.5,4,100,random48_2,0.6,48,0.00861956742
obj_16_friends_cup,0.5,4,100,random48_2,0.8,48,0.00861956742
obj_16_friends_cup,0.5,4,100,random48_3,0.1,14,2.85822499
obj_16_friends_cup,0.5,4,100,random48_3,0.2,28,3.10122033
obj_16_friends_cup,0.5,4,100,random48_3,0.4,48,0.00861956742
obj_16_friends_cup,0.5,4,100,random48_3,0.6,48,0.00861956742
obj_16_friends_cup,0.5,4,100,random48_3,0.8,48,0.00861956742
obj_16_friends_cup,0.5,4,100,random48_4,0.1,14,1.84011353
obj_16_friends_cup,0.5,4,100,random48_4,0.2,28,2.50391275
obj_16_friends_cup,0.5,4,100,random48_4,0.4,48,0.00861956742
obj_16_friends_cup,0.5,4,100,random48_4,0.6,48,0.00861956742
obj_16_friends_cup,0.5,4,100,random48_4,0.8,48,0.00861956742
obj_16_friends_cup,0.5,5,10,random48_0,0.1,14,2.55568856
obj_16_friends_cup,0.5,5,10,random48_0,0.2,28,2.25825421
obj_16_friends_cup,0.5,5,10,random48_0,0.4,48,0.469696733
obj_16_friends_cup,0.5,5,10,random48_0,0.6,48,0.469696733
obj_16_friends_cup,0.5,5,10,random48_0,0.8,48,0.469696733
obj_16_friends_cup,0.5,5,10,random48_1,0.1,14,2.75073352
obj_16_friends_cup,0.5,5,10,random48_1,0.2,28,0.852100345
obj_16_friends_cup,0.5,5,10,random48_1,0.4,48,0.469696733
obj_16_friends_cup,0.5,5,10,random48_1,0.6,48,0.469696733
obj_16_friends_cup,0.5,5,10,random48_1,0.8,48,0.469696733
obj_16_friends_cup,0.5,5,10,random48_2,0.1,14,2.64028648
obj_16_friends_cup,0.5,5,10,random48_2,0.2,28,2.52911039
obj_16_friends_cup,0.5,5,10,random48_2,0.4,48,0.469696733
obj_16_friends_cup,0.5,5,10,random48_2,0.6,48,0.469696733
obj_16_friends_cup,0.5,5,10,random48_2,0.8,48,0.469696733
obj_16_friends_cup,0.5,5,10,random48_3,0.1,14,3.04863026
obj_16_friends_cup,0.5,5,10,random48_3,0.2,28,1.59014058
obj_16_friends_cup,0.5,5,10,random48_3,0.4,48,0.469696733
obj_16_friends_cup,0.5,5,10,random48_3,0.6,48,0.469696733
obj_16_friends_cup,0.5,5,10,random48_3,0.8,48,0.469696733
obj_16_friends_cup,0.5,5,10,random48_4,0.1,14,2.68020915
obj_16_friends_cup,0.5,5,10,random48_4,0.2,28,3.26188088
obj_16_friends_cup,0.5,5,10,random48_4,0.4,48,0.469696733
obj_16_friends_cup,0.5,5,10,random48_4,0.6,48,0.469696733
obj_16_friends_cup,0.5,5,10,random48_4,0.8,48,0.469696733
obj_16_friends_cup,0.5,5,100,random48_0,0.1,14,4.02383721
obj_16_friends_cup,0.5,5,100,random48_0,0.2,28,3.78013839
obj_16_friends_cup,0.5,5,100,random48_0,0.4,48,0.0517167486
obj_16_friends_cup,0.5,5,100,random48_0,0.6,48,0.0517167486
obj_16_friends_cup,0.5,5,100,random48_0,0.8,48,0.0517167486
obj_16_friends_cup,0.5,5,100,random48_1,0.1,14,2.77820824
obj_16_friends_cup,0.5,5,100,random48_1,0.2,28,0.923507169
obj_16_friends_cup,0.5,5,100,random48_1,0.4,48,0.0517167486
obj_16_friends_cup,0.5,5,100,random48_1,0.6,48,0.0517167486
obj_16_friends_cup,0.5,5,100,random48_1,0.8,48,0.0517167486
obj_16_friends_cup,0.5,5,100,random48_2,0.1,14,1.24855295
obj_16_friends_cup,0.5,5,100,random48_2,0.2,28,1.95540558
obj_16_friends_cup,0.5,5,100,random48_2,0.4,48,0.0517167486
obj_16_friends_cup,0.5,5,100,random48_2,0.6,48,0.0517167486
obj_16_friends_cup,0.5,5,100,random48_2,0.8,48,0.0517167486
obj_16_friends_cup,0.5,5,100,random48_3,0.1,14,3.22394206
obj_16_friends_cup,0.5,5,100,random48_3,0.2,28,1.43499177
obj_16_friends_cup,0.5,5,100,random48_3,0.4,48,0.0517167486
obj_16_friends_cup,0.5,5,100,random48_3,0.6,48,0.0517167486
obj_16_friends_cup,0.5,5,100,random48_3,0.8,48,0.0517167486
obj_16_friends_cup,0.5,5,100,random48_4,0.1,14,3.35182065
obj_16_friends_cup,0.5,5,100,random48_4,0.2,28,3.4201342
obj_16_friends_cup,0.5,5,100,random48_4,0.4,48,0.0517167486
obj_16_friends_cup,0.5,5,100,random48_4,0.6,48,0.0517167486
obj_16_friends_cup,0.5,5,100,random48_4,0.8,48,0.0517167486
obj_16_friends_cup,0.5,6,10,random48_0,0.1,14,0.38738546
obj_16_friends_cup,0.5,6,10,random48_0,0.2,28,0.322254335
obj_16_friends_cup,0.5,6,10,random48_0,0.4,48,0.0901182394
obj_16_friends_cup,0.5,6,10,random48_0,0.6,48,0.0901182394
obj_16_friends_cup,0.5,6,10,random48_0,0.8,48,0.0901182394
obj_16_friends_cup,0.5,6,10,random48_1,0.1,14,0.764160545
obj_16_friends_cup,0.5,6,10,random48_1,0.2,28,0.885359638
obj_16_friends_cup,0.5,6,10,random48_1,0.4,48,0.0901182394
obj_16_friends_cup,0.5,6,10,random48_1,0.6,48,0.0901182394
obj_16_friends_cup,0.5,6,10,random48_1,0.8,48,0.0901182394
obj_16_friends_cup,0.5,6,10,random48_2,0.1,14,1.32920569
obj_16_friends_cup,0.5,6,10,random48_2,0.2,28,0.12794974
obj_16_friends_cup,0.5,6,10,random48_2,0.4,48,0.0901182394
obj_16_friends_cup,0.5,6,10,random48_2,0.6,48,0.0901182394
obj_16_friends_cup,0.5,6,10,random48_2,0.8,48,0.0901182394
obj_16_friends_cup,0.5,6,10,random48_3,0.1,14,0.879264263
obj_16_friends_cup,0.5,6,10,random48_3,0.2,28,0.790574223
obj_16_friends_cup,0.5,6,10,random48_3,0.4,48,0.0901182394
obj_16_friends_cup,0.5,6,10,random48_3,0.6,48,0.0901182394
obj_16_friends_cup,0.5,6,10,random48_3,0.8,48,0.0901182394
obj_16_friends_cup,0.5,6,10,random48_4,0.1,14,0.530779242
obj_16_friends_cup,0.5,6,10,random48_4,0.2,28,0.433306225
obj_16_friends_cup,0.5,6,10,random48_4,0.4,48,0.0901182394
obj_16_friends_cup,0.5,6,10,random48_4,0.6,48,0.0901182394
obj_16_friends_cup,0.5,6,10,random48_4,0.8,48,0.0901182394
obj_16_friends_cup,0.5,6,100,random48_0,0.1,14,0.847332041
obj_16_friends_cup,0.5,6,100,random48_0,0.2,28,1.68018017
obj_16_friends_cup,0.5,6,100,random48_0,0.4,48,0.0111031257
obj_16_friends_cup,0.5,6,100,random48_0,0.6,48,0.0111031257
obj_16_friends_cup,0.5,6,100,random48_0,0.8,48,0.0111031257
obj_16_friends_cup,0.5,6,100,random48_1,0.1,14,1.01185839
obj_16_friends_cup,0.5,6,100,random48_1,0.2,28,0.95547872
obj_16_friends_cup,0.5,6,100,random48_1,0.4,48,0.0111031257
obj_16_friends_cup,0.5,6,100,random48_1,0.6,48,0.0111031257
obj_16_friends_cup,0.5,6,100,random48_1,0.8,48,0.0111031257
obj_16_friends_cup,0.5,6,100,random48_2,0.1,14,1.33589307
obj_16_friends_cup,0.5,6,100,random48_2,0.2,28,0.727995659
obj_16_friends_cup,0.5,6,100,random48_2,0.4,48,0.0111031257
obj_16_friends_cup,0.5,6,100,random48_2,0.6,48,0.0111031257
obj_16_friends_cup,0.5,6,100,random48_2,0.8,48,0.0111031257
obj_16_friends_cup,0.5,6,100,random48_3,0.1,14,0.617356401
obj_16_friends_cup,0.5,6,100,random48_3,0.2,28,0.2636457
obj_16_friends_cup,0.5,6,100,random48_3,0.4,48,0.0111031257
obj_16_friends_cup,0.5,6,100,random48_3,0.6,48,0.0111031257
obj_16_friends_cup,0.5,6,100,random48_3,0.8,48,0.0111031257
obj_16_friends_cup,0.5,6,100,random48_4,0.1,14,0.894918396
obj_16_friends_cup,0.5,6,100,random48_4,0.2,28,1.51847127
obj_16_friends_cup,0.5,6,100,random48_4,0.4,48,0.0111031257
obj_16_friends_cup,0.5,6,100,random48_4,0.6,48,0.0111031257
obj_16_friends_cup,0.5,6,100,random48_4,0.8,48,0.0111031257
obj_16_friends_cup,0.5,7,10,random48_0,0.1,14,0.966408912
obj_16_friends_cup,0.5,7,10,random48_0,0.2,28,0.884441194
obj_16_friends_cup,0.5,7,10,random48_0,0.4,48,0.0666750677
obj_16_friends_cup,0.5,7,10,random48_0,0.6,48,0.0666750677
obj_16_friends_cup,0.5,7,10,random48_0,0.8,48,0.0666750677
obj_16_friends_cup,0.5,7,10,random48_1,0.1,14,1.77227234
obj_16_friends_cup,0.5,7,10,random48_1,0.2,28,0.29447064
obj_16_friends_cup,0.5,7,10,random48_1,0.4,48,0.0666750677
obj_16_friends_cup,0.5,7,10,random48_1,0.6,48,0.0666750677
obj_16_friends_cup,0.5,7,10,random48_1,0.8,48,0.0666750677
obj_16_friends_cup,0.5,7,10,random48_2,0.1,14,1.10107934
obj_16_friends_cup,0.5,7,10,random48_2,0.2,28,0.619861939
obj_16_friends_cup,0.5,7,10,random48_2,0.4,48,0.0666750677
obj_16_friends_cup,0.5,7,10,random48_2,0.6,48,0.0666750677
obj_16_friends_cup,0.5,7,10,random48_2,0.8,48,0.0666750677
obj_16_friends_cup,0.5,7,10,random48_3,0.1,14,1.64650428
obj_16_friends_cup,0.5,7,10,random48_3,0.2,28,1.08056943
obj_16_friends_cup,0.5,7,10,random48_3,0.4,48,0.0666750677
obj_16_friends_cup,0.5,7,10,random48_3,0.6,48,0.0666750677
obj_16_friends_cup,0.5,7,10,random48_3,0.8,48,0.0666750677
obj_16_friends_cup,0.5,7,10,random48_4,0.1,14,1.10768168
obj_16_friends_cup,0.5,7,10,random48_4,0.2,28,1.03705026
obj_16_friends_cup,0.5,7,10,random48_4,0.4,48,0.0666750677
obj_16_friends_cup,0.5,7,10,random48_4,0.6,48,0.0666750677
obj_16_friends_cup,0.5,7,10,random48_4,0.8,48,0.0666750677
obj_16_friends_cup,0.5,7,100,random48_0,0.1,14,1.11530596
obj_16_friends_cup,0.5,7,100,random48_0,0.2,28,0.581779744
obj_16_friends_cup,0.5,7,100,random48_0,0.4,48,0.00438950191
obj_16_friends_cup,0.5,7,100,random48_0,0.6,48,0.00438950191
obj_16_friends_cup,0.5,7,100,random48_0,0.8,48,0.00438950191
obj_16_friends_cup,0.5,7,100,random48_1,0.1,14,0.628116038
obj_16_friends_cup,0.5,7,100,random48_1,0.2,28,0.622057619
obj_16_friends_cup,0.5,7,100,random48_1,0.4,48,0.00438950191
obj_16_friends_cup,0.5,7,100,random48_1,0.6,48,0.00438950191
obj_16_friends_cup,0.5,7,100,random48_1,0.8,48,0.00438950191
obj_16_friends_cup,0.5,7,100,random48_2,0.1,14,0.567932747
obj_16_friends_cup,0.5,7,100,random48_2,0.2,28,0.104330138
obj_16_friends_cup,0.5,7,100,random48_2,0.4,48,0.00438950191
obj_16_friends_cup,0.5,7,100,random48_2,0.6,48,0.00438950191
obj_16_friends_cup,0.5,7,100,random48_2,0.8,48,0.00438950191
obj_16_friends_cup,0.5,7,100,random48_3,0.1,14,0.517564004
obj_16_friends_cup,0.5,7,100,random48_3,0.2,28,0.36542777
obj_16_friends_cup,0.5,7,100,random48_3,0.4,48,0.00438950191
obj_16_friends_cup,0.5,7,100,random48_3,0.6,48,0.00438950191
obj_16_friends_cup,0.5,7,100,random48_3,0.8,48,0.00438950191
obj_16_friends_cup,0.5,7,100,random48_4,0.1,14,0.903021692
obj_16_friends_cup,0.5,7,100,random48_4,0.2,28,0.413733066
obj_16_friends_cup,0.5,7,100,random48_4,0.4,48,0.00438950191
obj_16_friends_cup,0.5,7,100,random48_4,0.6,48,0.00438950191
obj_16_friends_cup,0.5,7,100,random48_4,0.8,48,0.00438950191
obj_16_friends_cup,0.5,8,10,random48_0,0.1,14,1.01633503
obj_16_friends_cup,0.5,8,10,random48_0,0.2,28,0.558428148
obj_16_friends_cup,0.5,8,10,random48_0,0.4,48,0.171562078
obj_16_friends_cup,0.5,8,10,random48_0,0.6,48,0.171562078
obj_16_friends_cup,0.5,8,10,random48_0,0.8,48,0.171562078
obj_16_friends_cup,0.5,8,10,random48_1,0.1,14,0.90824587
obj_16_friends_cup,0.5,8,10,random48_1,0.2,28,0.338383693
obj_16_friends_cup,0.5,8,10,random48_1,0.4,48,0.171562078
obj_16_friends_cup,0.5,8,10,random48_1,0.6,48,0.171562078
obj_16_friends_cup,0.5,8,10,random48_1,0.8,48,0.171562078
obj_16_friends_cup,0.5,8,10,random48_2,0.1,14,0.740414677
obj_16_friends_cup,0.5,8,10,random48_2,0.2,28,0.29403455
obj_16_friends_cup,0.5,8,10,random48_2,0.4,48,0.171562078
obj_16_friends_cup,0.5,8,10,random48_2,0.6,48,0.171562078
obj_16_friends_cup,0.5,8,10,random48_2,0.8,48,0.171562078
obj_16_friends_cup,0.5,8,10,random48_3,0.1,14,1.56193514
obj_16_friends_cup,0.5,8,10,random48_3,0.2,28,1.31589607
obj_16_friends_cup,0.5,8,10,random48_3,0.4,48,0.171562078
obj_16_friends_cup,0.5,8,10,random48_3,0.6,48,0.171562078
obj_16_friends_cup,0.5,8,10,random48_3,0.8,48,0.171562078
obj_16_friends_cup,0.5,8,10,random48_4,0.1,14,0.715790364
obj_16_friends_cup,0.5,8,10,random48_4,0.2,28,0.859712005
obj_16_friends_cup,0.5,8,10,random48_4,0.4,48,0.171562078
obj_16_friends_cup,0.5,8,10,random48_4,0.6,48,0.171562078
obj_16_friends_cup,0.5,8,10,random48_4,0.8,48,0.171562078
obj_16_friends_cup,0.5,8,100,random48_0,0.1,14,0.763666407
obj_16_friends_cup,0.5,8,100,random48_0,0.2,28,0.932866062
obj_16_friends_cup,0.5,8,100,random48_0,0.4,48,0.0177802571
obj_16_friends_cup,0.5,8,100,random48_0,0.6,48,0.0177802571
obj_16_friends_cup,0.5,8,100,random48_0,0.8,48,0.0177802571
obj_16_friends_cup,0.5,8,100,random48_1,0.1,14,1.18653687
obj_16_friends_cup,0.5,8,100,random48_1,0.2,28,0.995118803
obj_16_friends_cup,0.5,8,100,random48_1,0.4,48,0.0177802571
obj_16_friends_cup,0.5,8,100,random48_1,0.6,48,0.0177802571
obj_16_friends_cup,0.5,8,100,random48_1,0.8,48,0.0177802571
obj_16_friends_cup,0.5,8,100,random48_2,0.1,14,1.14752477
obj_16_friends_cup,0.5,8,100,random48_2,0.2,28,0.778625621
obj_16_friends_cup,0.5,8,100,random48_2,0.4,48,0.0177802571
obj_16_friends_cup,0.5,8,100,random48_2,0.6,48,0.0177802571
obj_16_friends_cup,0.5,8,100,random48_2,0.8,48,0.0177802571
obj_16_friends_cup,0.5,8,100,random48_3,0.1,14,1.47884815
obj_16_friends_cup,0.5,8,100,random48_3,0.2,28,0.717216624
obj_16_friends_cup,0.5,8,100,random48_3,0.4,48,0.0177802571
obj_16_friends_cup,0.5,8,100,random48_3,0.6,48,0.0177802571
obj_16_friends_cup,0.5,8,100,random48_3,0.8,48,0.0177802571
obj_16_friends_cup,0.5,8,100,random48_4,0.1,14,0.484476855
obj_16_friends_cup,0.5,8,100,random48_4,0.2,28,0.346411602
obj_16_friends_cup,0.5,8,100,random48_4,0.4,48,0.0177802571
obj_16_friends_cup,0.5,8,100,random48_4,0.6,48,0.0177802571
obj_16_friends_cup,0.5,8,100,random48_4,0.8,48,0.0177802571
obj_16_friends_cup,0.5,9,10,random48_0,0.1,14,0.749249673
obj_16_friends_cup,0.5,9,10,random48_0,0.2,28,0.412608008
obj_16_friends_cup,0.5,9,10,random48_0,0.4,48,0.0741820246
obj_16_friends_cup,0.5,9,10,random48_0,0.6,48,0.0741820246
obj_16_friends_cup,0.5,9,10,random48_0,0.8,48,0.0741820246
obj_16_friends_cup,0.5,9,10,random48_1,0.1,14,0.888997294
obj_16_friends_cup,0.5,9,10,random48_1,0.2,28,0.636663908
obj_16_friends_cup,0.5,9,10,random48_1,0.4,48,0.0741820246
obj_16_friends_cup,0.5,9,10,random48_1,0.6,48,0.0741820246
obj_16_friends_cup,0.5,9,10,random48_1,0.8,48,0.0741820246
obj_16_friends_cup,0.5,9,10,random48_2,0.1,14,0.347646004
obj_16_friends_cup,0.5,9,10,random48_2,0.2,28,0.52044646
obj_16_friends_cup,0.5,9,10,random48_2,0.4,48,0.0741820246
obj_16_friends_cup,0.5,9,10,random48_2,0.6,48,0.0741820246
obj_16_friends_cup,0.5,9,10,random48_2,0.8,48,0.0741820246
obj_16_friends_cup,0.5,9,10,random48_3,0.1,14,0.508850547
obj_16_friends_cup,0.5,9,10,random48_3,0.2,28,1.03713737
obj_16_friends_cup,0.5,9,10,random48_3,0.4,48,0.0741820246
obj_16_friends_cup,0.5,9,10,random48_3,0.6,48,0.0741820246
obj_16_friends_cup,0.5,9,10,random48_3,0.8,48,0.0741820246
obj_16_friends_cup,0.5,9,10,random48_4,0.1,14,0.453151747
obj_16_friends_cup,0.5,9,10,random48_4,0.2,28,0.458505719
obj_16_friends_cup,0.5,9,10,random48_4,0.4,48,0.0741820246
obj_16_friends_cup,0.5,9,10,random48_4,0.6,48,0.0741820246
obj_16_friends_cup,0.5,9,10,random48_4,0.8,48,0.0741820246
obj_16_friends_cup,0.5,9,100,random48_0,0.1,14,0.243993405
obj_16_friends_cup,0.5,9,100,random48_0,0.2,28,0.211991354
obj_16_friends_cup,0.5,9,100,random48_0,0.4,48,0.0148978763
obj_16_friends_cup,0.5,9,100,random48_0,0.6,48,0.0148978763
obj_16_friends_cup,0.5,9,100,random48_0,0.8,48,0.0148978763
obj_16_friends_cup,0.5,9,100,random48_1,0.1,14,0.478663082
obj_16_friends_cup,0.5,9,100,random48_1,0.2,28,0.627432813
obj_16_friends_cup,0.5,9,100,random48_1,0.4,48,0.0148978763
obj_16_friends_cup,0.5,9,100,random48_1,0.6,48,0.0148978763
obj_16_friends_cup,0.5,9,100,random48_1,0.8,48,0.0148978763
obj_16_friends_cup,0.5,9,100,random48_2,0.1,14,1.73733743
obj_16_friends_cup,0.5,9,100,random48_2,0.2,28,1.47602728
obj_16_friends_cup,0.5,9,100,random48_2,0.4,48,0.0148978763
obj_16_friends_cup,0.5,9,100,random48_2,0.6,48,0.0148978763
obj_16_friends_cup,0.5,9,100,random48_2,0.8,48,0.0148978763
obj_16_friends_cup,0.5,9,100,random48_3,0.1,14,0.67905676
obj_16_friends_cup,0.5,9,100,random48_3,0.2,28,0.964509425
obj_16_friends_cup,0.5,9,100,random48_3,0.4,48,0.0148978763
obj_16_friends_cup,0.5,9,100,random48_3,0.6,48,0.0148978763
obj_16_friends_cup,0.5,9,100,random48_3,0.8,48,0.0148978763
obj_16_friends_cup,0.5,9,100,random48_4,0.1,14,0.534655086
obj_16_friends_cup,0.5,9,100,random48_4,0.2,28,0.41258216
obj_16_friends_cup,0.5,9,100,random48_4,0.4,48,0.0148978763
obj_16_friends_cup,0.5,9,100,random48_4,0.6,48,0.0148978763
obj_16_friends_cup,0.5,9,100,random48_4,0.8,48,0.0148978763
obj_16_friends_cup,1.0,0,10,random48_0,0.1,14,7.48526252
obj_16_friends_cup,1.0,0,10,random48_0,0.2,28,6.6845532
obj_16_friends_cup,1.0,0,10,random48_0,0.4,48,1.26645877
obj_16_friends_cup,1.0,0,10,random48_0,0.6,48,1.26645877
obj_16_friends_cup,1.0,0,10,random48_0,0.8,48,1.26645877
obj_16_friends_cup,1.0,0,10,random48_1,0.1,14,7.16201473
obj_16_friends_cup,1.0,0,10,random48_1,0.2,28,4.18764315
obj_16_friends_cup,1.0,0,10,random48_1,0.4,48,1.26645877
obj_16_friends_cup,1.0,0,10,random48_1,0.6,48,1.26645877
obj_16_friends_cup,1.0,0,10,random48_1,0.8,48,1.26645877
obj_16_friends_cup,1.0,0,10,random48_2,0.1,14,10.7370401
obj_16_friends_cup,1.0,0,10,random48_2,0.2,28,4.41982862
obj_16_friends_cup,1.0,0,10,random48_2,0.4,48,1.26645877
obj_16_friends_cup,1.0,0,10,random48_2,0.6,48,1.26645877
obj_16_friends_cup,1.0,0,10,random48_2,0.8,48,1.26645877
obj_16_friends_cup,1.0,0,10,random48_3,0.1,14,1.39823851
obj_16_friends_cup,1.0,0,10,random48_3,0.2,28,3.73507418
obj_16_friends_cup,1.0,0,10,random48_3,0.4,48,1.26645877
obj_16_friends_cup,1.0,0,10,random48_3,0.6,48,1.26645877
obj_16_friends_cup,1.0,0,10,random48_3,0.8,48,1.26645877
obj_16_friends_cup,1.0,0,10,random48_4,0.1,14,7.300027
obj_16_friends_cup,1.0,0,10,random48_4,0.2,28,11.1601491
obj_16_friends_cup,1.0,0,10,random48_4,0.4,48,1.26645877
obj_16_friends_cup,1.0,0,10,random48_4,0.6,48,1.26645877
obj_16_friends_cup,1.0,0,10,random48_4,0.8,48,1.26645877
obj_16_friends_cup,1.0,0,100,random48_0,0.1,14,1.61439103
obj_16_friends_cup,1.0,0,100,random48_0,0.2,28,4.79881012
obj_16_friends_cup,1.0,0,100,random48_0,0.4,48,0.0914362204
obj_16_friends_cup,1.0,0,100,random48_0,0.6,48,0.0914362204
obj_16_friends_cup,1.0,0,100,random48_0,0.8,48,0.0914362204
obj_16_friends_cup,1.0,0,100,random48_1,0.1,14,7.2980129
obj_16_friends_cup,1.0,0,100,random48_1,0.2,28,11.1872808
obj_16_friends_cup,1.0,0,100,random48_1,0.4,48,0.0914362204
obj_16_friends_cup,1.0,0,100,random48_1,0.6,48,0.0914362204
obj_16_friends_cup,1.0,0,100,random48_1,0.8,48,0.0914362204
obj_16_friends_cup,1.0,0,100,random48_2,0.1,14,8.46687777
obj_16_friends_cup,1.0,0,100,random48_2,0.2,28,12.8893069
obj_16_friends_cup,1.0,0,100,random48_2,0.4,48,0.0914362204
obj_16_friends_cup,1.0,0,100,random48_2,0.6,48,0.0914362204
obj_16_friends_cup,1.0,0,100,random48_2,0.8,48,0.0914362204
obj_16_friends_cup,1.0,0,100,random48_3,0.1,14,14.7776947
obj_16_friends_cup,1.0,0,100,random48_3,0.2,28,19.6927044
obj_16_friends_cup,1.0,0,100,random48_3,0.4,48,0.0914362204
obj_16_friends_cup,1.0,0,100,random48_3,0.6,48,0.0914362204
obj_16_friends_cup,1.0,0,100,random48_3,0.8,48,0.0914362204
obj_16_friends_cup,1.0,0,100,random48_4,0.1,14,5.62686769
obj_16_friends_cup,1.0,0,100,random48_4,0.2,28,2.32609226
obj_16_friends_cup,1.0,0,100,random48_4,0.4,48,0.0914362204
obj_16_friends_cup,1.0,0,100,random48_4,0.6,48,0.0914362204
obj_16_friends_cup,1.0,0,100,random48_4,0.8,48,0.0914362204
obj_16_friends_cup,1.0,1,10,random48_0,0.1,14,1.4278986
obj_16_friends_cup,1.0,1,10,random48_0,0.2,28,1.64469362
obj_16_friends_cup,1.0,1,10,random48_0,0.4,48,0.418456753
obj_16_friends_cup,1.0,1,10,random48_0,0.6,48,0.418456753
obj_16_friends_cup,1.0,1,10,random48_0,0.8,48,0.418456753
obj_16_friends_cup,1.0,1,10,random48_1,0.1,14,5.43728099
obj_16_friends_cup,1.0,1,10,random48_1,0.2,28,8.573125
obj_16_friends_cup,1.0,1,10,random48_1,0.4,48,0.418456753
obj_16_friends_cup,1.0,1,10,random48_1,0.6,48,0.418456753
obj_16_friends_cup,1.0,1,10,random48_1,0.8,48,0.418456753
obj_16_friends_cup,1.0,1,10,random48_2,0.1,14,5.29001688
obj_16_friends_cup,1.0,1,10,random48_2,0.2,28,3.74324369
obj_16_friends_cup,1.0,1,10,random48_2,0.4,48,0.418456753
obj_16_friends_cup,1.0,1,10,random48_2,0.6,48,0.418456753
obj_16_friends_cup,1.0,1,10,random48_2,0.8,48,0.418456753
obj_16_friends_cup,1.0,1,10,random48_3,0.1,14,1.04040399
obj_16_friends_cup,1.0,1,10,random48_3,0.2,28,1.32344084
obj_16_friends_cup,1.0,1,10,random48_3,0.4,48,0.418456753
obj_16_friends_cup,1.0,1,10,random48_3,0.6,48,0.418456753
obj_16_friends_cup,1.0,1,10,random48_3,0.8,48,0.418456753
obj_16_friends_cup,1.0,1,10,random48_4,0.1,14,0.775257351
obj_16_friends_cup,1.0,1,10,random48_4,0.2,28,1.27182147
obj_16_friends_cup,1.0,1,10,random48_4,0.4,48,0.418456753
obj_16_friends_cup,1.0,1,10,random48_4,0.6,48,0.418456753
obj_16_friends_cup,1.0,1,10,random48_4,0.8,48,0.418456753
obj_16_friends_cup,1.0,1,100,random48_0,0.1,14,1.14975563
obj_16_friends_cup,1.0,1,100,random48_0,0.2,28,2.24242762
obj_16_friends_cup,1.0,1,100,random48_0,0.4,48,0.0310911499
obj_16_friends_cup,1.0,1,100,random48_0,0.6,48,0.0310911499
obj_16_friends_cup,1.0,1,100,random48_0,0.8,48,0.0310911499
obj_16_friends_cup,1.0,1,100,random48_1,0.1,14,1.12479468
obj_16_friends_cup,1.0,1,100,random48_1,0.2,28,1.75734238
obj_16_friends_cup,1.0,1,100,random48_1,0.4,48,0.0310911499
obj_16_friends_cup,1.0,1,100,random48_1,0.6,48,0.0310911499
obj_16_friends_cup,1.0,1,100,random48_1,0.8,48,0.0310911499
obj_16_friends_cup,1.0,1,100,random48_2,0.1,14,13.8420774
obj_16_friends_cup,1.0,1,100,random48_2,0.2,28,5.24815087
obj_16_friends_cup,1.0,1,100,random48_2,0.4,48,0.0310911499
obj_16_friends_cup,1.0,1,100,random48_2,0.6,48,0.0310911499
obj_16_friends_cup,1.0,1,100,random48_2,0.8,48,0.0310911499
obj_16_friends_cup,1.0,1,100,random48_3,0.1,14,9.01028889
obj_16_friends_cup,1.0,1,100,random48_3,0.2,28,16.6434613
obj_16_friends_cup,1.0,1,100,random48_3,0.4,48,0.0310911499
obj_16_friends_cup,1.0,1,100,random48_3,0.6,48,0.0310911499
obj_16_friends_cup,1.0,1,100,random48_3,0.8,48,0.0310911499
obj_16_friends_cup,1.0,1,100,random48_4,0.1,14,1.21497154
obj_16_friends_cup,1.0,1,100,random48_4,0.2,28,2.21872155
obj_16_friends_cup,1.0,1,100,random48_4,0.4,48,0.0310911499
obj_16_friends_cup,1.0,1,100,random48_4,0.6,48,0.0310911499
obj_16_friends_cup,1.0,1,100,random48_4,0.8,48,0.0310911499
obj_16_friends_cup,1.0,2,10,random48_0,0.1,14,2.34421554
obj_16_friends_cup,1.0,2,10,random48_0,0.2,28,3.17196659
obj_16_friends_cup,1.0,2,10,random48_0,0.4,48,1.05013442
obj_16_friends_cup,1.0,2,10,random48_0,0.6,48,1.05013442
obj_16_friends_cup,1.0,2,10,random48_0,0.8,48,1.05013442
obj_16_friends_cup,1.0,2,10,random48_1,0.1,14,2.12782219
obj_16_friends_cup,1.0,2,10,random48_1,0.2,28,4.74732453
obj_16_friends_cup,1.0,2,10,random48_1,0.4,48,1.05013442
obj_16_friends_cup,1.0,2,10,random48_1,0.6,48,1.05013442
obj_16_friends_cup,1.0,2,10,random48_1,0.8,48,1.05013442
obj_16_friends_cup,1.0,2,10,random48_2,0.1,14,3.41880935
obj_16_friends_cup,1.0,2,10,random48_2,0.2,28,3.45209601
obj_16_friends_cup,1.0,2,10,random48_2,0.4,48,1.05013442
obj_16_friends_cup,1.0,2,10,random48_2,0.6,48,1.05013442
obj_16_friends_cup,1.0,2,10,random48_2,0.8,48,1.05013442
obj_16_friends_cup,1.0,2,10,random48_3,0.1,14,2.7558378
obj_16_friends_cup,1.0,2,10,random48_3,0.2,28,6.81137493
obj_16_friends_cup,1.0,2,10,random48_3,0.4,48,1.05013442
obj_16_friends_cup,1.0,2,10,random48_3,0.6,48,1.05013442
obj_16_friends_cup,1.0,2,10,random48_3,0.8,48,1.05013442
obj_16_friends_cup,1.0,2,10,random48_4,0.1,14,3.95645367
obj_16_friends_cup,1.0,2,10,random48_4,0.2,28,5.358943
obj_16_friends_cup,1.0,2,10,random48_4,0.4,48,1.05013442
obj_16_friends_cup,1.0,2,10,random48_4,0.6,48,1.05013442
obj_16_friends_cup,1.0,2,10,random48_4,0.8,48,1.05013442
obj_16_friends_cup,1.0,2,100,random48_0,0.1,14,2.83599254
obj_16_friends_cup,1.0,2,100,random48_0,0.2,28,3.61595957
obj_16_friends_cup,1.0,2,100,random48_0,0.4,48,0.110942892
obj_16_friends_cup,1.0,2,100,random48_0,0.6,48,0.110942892
obj_16_friends_cup,1.0,2,100,random48_0,0.8,48,0.110942892
obj_16_friends_cup,1.0,2,100,random48_1,0.1,14,6.48197377
obj_16_friends_cup,1.0,2,100,random48_1,0.2,28,5.07255782
obj_16_friends_cup,1.0,2,100,random48_1,0.4,48,0.110942892
obj_16_friends_cup,1.0,2,100,random48_1,0.6,48,0.110942892
obj_16_friends_cup,1.0,2,100,random48_1,0.8,48,0.110942892
obj_16_friends_cup,1.0,2,100,random48_2,0.1,14,6.31338024
obj_16_friends_cup,1.0,2,100,random48_2,0.2,28,9.59235007
obj_16_friends_cup,1.0,2,100,random48_2,0.4,48,0.110942892
obj_16_friends_cup,1.0,2,100,random48_2,0.6,48,0.110942892
obj_16_friends_cup,1.0,2,100,random48_2,0.8,48,0.110942892
obj_16_friends_cup,1.0,2,100,random48_3,0.1,14,3.55107486
obj_16_friends_cup,1.0,2,100,random48_3,0.2,28,4.50959244
obj_16_friends_cup,1.0,2,100,random48_3,0.4,48,0.110942892
obj_16_friends_cup,1.0,2,100,random48_3,0.6,48,0.110942892
obj_16_friends_cup,1.0,2,100,random48_3,0.8,48,0.110942892
obj_16_friends_cup,1.0,2,100,random48_4,0.1,14,4.00024308
obj_16_friends_cup,1.0,2,100,random48_4,0.2,28,4.54756829
obj_16_friends_cup,1.0,2,100,random48_4,0.4,48,0.110942892
obj_16_friends_cup,1.0,2,100,random48_4,0.6,48,0.110942892
obj_16_friends_cup,1.0,2,100,random48_4,0.8,48,0.110942892
obj_16_friends_cup,1.0,3,10,random48_0,0.1,14,6.07618814
obj_16_friends_cup,1.0,3,10,random48_0,0.2,28,7.11947134
obj_16_friends_cup,1.0,3,10,random48_0,0.4,48,0.905803078
obj_16_friends_cup,1.0,3,10,random48_0,0.6,48,0.905803078
obj_16_friends_cup,1.0,3,10,random48_0,0.8,48,0.905803078
obj_16_friends_cup,1.0,3,10,random48_1,0.1,14,2.09494557
obj_16_friends_cup,1.0,3,10,random48_1,0.2,28,1.92705937
obj_16_friends_cup,1.0,3,10,random48_1,0.4,48,0.905803078
obj_16_friends_cup,1.0,3,10,random48_1,0.6,48,0.905803078
obj_16_friends_cup,1.0,3,10,random48_1,0.8,48,0.905803078
obj_16_friends_cup,1.0,3,10,random48_2,0.1,14,1.8810663
obj_16_friends_cup,1.0,3,10,random48_2,0.2,28,4.77571912
obj_16_friends_cup,1.0,3,10,random48_2,0.4,48,0.905803078
obj_16_friends_cup,1.0,3,10,random48_2,0.6,48,0.905803078
obj_16_friends_cup,1.0,3,10,random48_2,0.8,48,0.905803078
obj_16_friends_cup,1.0,3,10,random48_3,0.1,14,3.34183489
obj_16_friends_cup,1.0,3,10,random48_3,0.2,28,5.32188977
obj_16_friends_cup,1.0,3,10,random48_3,0.4,48,0.905803078
obj_16_friends_cup,1.0,3,10,random48_3,0.6,48,0.905803078
obj_16_friends_cup,1.0,3,10,random48_3,0.8,48,0.905803078
obj_16_friends_cup,1.0,3,10,random48_4,0.1,14,4.80763915
obj_16_friends_cup,1.0,3,10,random48_4,0.2,28,5.10917387
obj_16_friends_cup,1.0,3,10,random48_4,0.4,48,0.905803078
obj_16_friends_cup,1.0,3,10,random48_4,0.6,48,0.905803078
obj_16_friends_cup,1.0,3,10,random48_4,0.8,48,0.905803078
obj_16_friends_cup,1.0,3,100,random48_0,0.1,14,1.63661293
obj_16_friends_cup,1.0,3,100,random48_0,0.2,28,2.33316488
obj_16_friends_cup,1.0,3,100,random48_0,0.4,48,0.1272692
obj_16_friends_cup,1.0,3,100,random48_0,0.6,48,0.1272692
obj_16_friends_cup,1.0,3,100,random48_0,0.8,48,0.1272692
obj_16_friends_cup,1.0,3,100,random48_1,0.1,14,3.56327302
obj_16_friends_cup,1.0,3,100,random48_1,0.2,28,1.43145221
obj_16_friends_cup,1.0,3,100,random48_1,0.4,48,0.1272692
obj_16_friends_cup,1.0,3,100,random48_1,0.6,48,0.1272692
obj_16_friends_cup,1.0,3,100,random48_1,0.8,48,0.1272692
obj_16_friends_cup,1.0,3,100,random48_2,0.1,14,2.85209598
obj_16_friends_cup,1.0,3,100,random48_2,0.2,28,3.38315924
obj_16_friends_cup,1.0,3,100,random48_2,0.4,48,0.1272692
obj_16_friends_cup,1.0,3,100,random48_2,0.6,48,0.1272692
obj_16_friends_cup,1.0,3,100,random48_2,0.8,48,0.1272692
obj_16_friends_cup,1.0,3,100,random48_3,0.1,14,3.56201265
obj_16_friends_cup,1.0,3,100,random48_3,0.2,28,4.7063468
obj_16_friends_cup,1.0,3,100,random48_3,0.4,48,0.1272692
obj_16_friends_cup,1.0,3,100,random48_3,0.6,48,0.1272692
obj_16_friends_cup,1.0,3,100,random48_3,0.8,48,0.1272692
obj_16_friends_cup,1.0,3,100,random48_4,0.1,14,3.40482025
obj_16_friends_cup,1.0,3,100,random48_4,0.2,28,5.04360437
obj_16_friends_cup,1.0,3,100,random48_4,0.4,48,0.1272692
obj_16_friends_cup,1.0,3,100,random48_4,0.6,48,0.1272692
obj_16_friends_cup,1.0,3,100,random48_4,0.8,48,0.1272692
obj_16_friends_cup,1.0,4,10,random48_0,0.1,14,2.61750647
obj_16_friends_cup,1.0,4,10,random48_0,0.2,28,2.89287036
obj_16_friends_cup,1.0,4,10,random48_0,0.4,48,0.973299596
obj_16_friends_cup,1.0,4,10,random48_0,0.6,48,0.973299596
obj_16_friends_cup,1.0,4,10,random48_0,0.8,48,0.973299596
obj_16_friends_cup,1.0,4,10,random48_1,0.1,14,0.924944518
obj_16_friends_cup,1.0,4,10,random48_1,0.2,28,2.16159232
obj_16_friends_cup,1.0,4,10,random48_1,0.4,48,0.973299596
obj_16_friends_cup,1.0,4,10,random48_1,0.6,48,0.973299596
obj_16_friends_cup,1.0,4,10,random48_1,0.8,48,0.973299596
obj_16_friends_cup,1.0,4,10,random48_2,0.1,14,1.21450018
obj_16_friends_cup,1.0,4,10,random48_2,0.2,28,1.49455123
obj_16_friends_cup,1.0,4,10,random48_2,0.4,48,0.973299596
obj_16_friends_cup,1.0,4,10,random48_2,0.6,48,0.973299596
obj_16_friends_cup,1.0,4,10,random48_2,0.8,48,0.973299596
obj_16_friends_cup,1.0,4,10,random48_3,0.1,14,1.12589725
obj_16_friends_cup,1.0,4,10,random48_3,0.2,28,3.20397591
obj_16_friends_cup,1.0,4,10,random48_3,0.4,48,0.973299596
obj_16_friends_cup,1.0,4,10,random48_3,0.6,48,0.973299596
obj_16_friends_cup,1.0,4,10,random48_3,0.8,48,0.973299596
obj_16_friends_cup,1.0,4,10,random48_4,0.1,14,8.66707665
obj_16_friends_cup,1.0,4,10,random48_4,0.2,28,0.816443911
obj_16_friends_cup,1.0,4,10,random48_4,0.4,48,0.973299596
obj_16_friends_cup,1.0,4,10,random48_4,0.6,48,0.973299596
obj_16_friends_cup,1.0,4,10,random48_4,0.8,48,0.973299596
obj_16_friends_cup,1.0,4,100,random48_0,0.1,14,5.87027354
obj_16_friends_cup,1.0,4,100,random48_0,0.2,28,7.2777865
obj_16_friends_cup,1.0,4,100,random48_0,0.4,48,0.0813037215
obj_16_friends_cup,1.0,4,100,random48_0,0.6,48,0.0813037215
obj_16_friends_cup,1.0,4,100,random48_0,0.8,48,0.0813037215
obj_16_friends_cup,1.0,4,100,random48_1,0.1,14,2.44922046
obj_16_friends_cup,1.0,4,100,random48_1,0.2,28,1.07416547
obj_16_friends_cup,1.0,4,100,random48_1,0.4,48,0.0813037215
obj_16_friends_cup,1.0,4,100,random48_1,0.6,48,0.0813037215
obj_16_friends_cup,1.0,4,100,random48_1,0.8,48,0.0813037215
obj_16_friends_cup,1.0,4,100,random48_2,0.1,14,7.15507365
obj_16_friends_cup,1.0,4,100,random48_2,0.2,28,11.683943
obj_16_friends_cup,1.0,4,100,random48_2,0.4,48,0.0813037215
obj_16_friends_cup,1.0,4,100,random48_2,0.6,48,0.0813037215
obj_16_friends_cup,1.0,4,100,random48_2,0.8,48,0.0813037215
obj_16_friends_cup,1.0,4,100,random48_3,0.1,14,2.22020628
obj_16_friends_cup,1.0,4,100,random48_3,0.2,28,1.67690006
obj_16_friends_cup,1.0,4,100,random48_3,0.4,48,0.0813037215
obj_16_friends_cup,1.0,4,100,random48_3,0.6,48,0.0813037215
obj_16_friends_cup,1.0,4,100,random48_3,0.8,48,0.0813037215
obj_16_friends_cup,1.0,4,100,random48_4,0.1,14,1.07917785
obj_16_friends_cup,1.0,4,100,random48_4,0.2,28,1.62875497
obj_16_friends_cup,1.0,4,100,random48_4,0.4,48,0.0813037215
obj_16_friends_cup,1.0,4,100,random48_4,0.6,48,0.0813037215
obj_16_friends_cup,1.0,4,100,random48_4,0.8,48,0.0813037215
obj_16_friends_cup,1.0,5,10,random48_0,0.1,14,5.81335504
obj_16_friends_cup,1.0,5,10,random48_0,0.2,28,5.95373276
obj_16_friends_cup,1.0,5,10,random48_0,0.4,48,0.993745776
obj_16_friends_cup,1.0,5,10,random48_0,0.6,48,0.993745776
obj_16_friends_cup,1.0,5,10,random48_0,0.8,48,0.993745776
obj_16_friends_cup,1.0,5,10,random48_1,0.1,14,3.61973095
obj_16_friends_cup,1.0,5,10,random48_1,0.2,28,1.37063255
obj_16_friends_cup,1.0,5,10,random48_1,0.4,48,0.993745776
obj_16_friends_cup,1.0,5,10,random48_1,0.6,48,0.993745776
obj_16_friends_cup,1.0,5,10,random48_1,0.8,48,0.993745776
obj_16_friends_cup,1.0,5,10,random48_2,0.1,14,14.5458786
obj_16_friends_cup,1.0,5,10,random48_2,0.2,28,1.23314945
obj_16_friends_cup,1.0,5,10,random48_2,0.4,48,0.993745776
obj_16_friends_cup,1.0,5,10,random48_2,0.6,48,0.993745776
obj_16_friends_cup,1.0,5,10,random48_2,0.8,48,0.993745776
obj_16_friends_cup,1.0,5,10,random48_3,0.1,14,9.69020002
obj_16_friends_cup,1.0,5,10,random48_3,0.2,28,4.69901439
obj_16_friends_cup,1.0,5,10,random48_3,0.4,48,0.993745776
obj_16_friends_cup,1.0,5,10,random48_3,0.6,48,0.993745776
obj_16_friends_cup,1.0,5,10,random48_3,0.8,48,0.993745776
obj_16_friends_cup,1.0,5,10,random48_4,0.1,14,6.32114425
obj_16_friends_cup,1.0,5,10,random48_4,0.2,28,7.08068401
obj_16_friends_cup,1.0,5,10,random48_4,0.4,48,0.993745776
obj_16_friends_cup,1.0,5,10,random48_4,0.6,48,0.993745776
obj_16_friends_cup,1.0,5,10,random48_4,0.8,48,0.993745776
obj_16_friends_cup,1.0,5,100,random48_0,0.1,14,4.60995943
obj_16_friends_cup,1.0,5,100,random48_0,0.2,28,16.9883346
obj_16_friends_cup,1.0,5,100,random48_0,0.4,48,0.0620239118
obj_16_friends_cup,1.0,5,100,random48_0,0.6,48,0.0620239118
obj_16_friends_cup,1.0,5,100,random48_0,0.8,48,0.0620239118
obj_16_friends_cup,1.0,5,100,random48_1,0.1,14,12.1694692
obj_16_friends_cup,1.0,5,100,random48_1,0.2,28,11.6246883
obj_16_friends_cup,1.0,5,100,random48_1,0.4,48,0.0620239118
obj_16_friends_cup,1.0,5,100,random48_1,0.6,48,0.0620239118
obj_16_friends_cup,1.0,5,100,random48_1,0.8,48,0.0620239118
obj_16_friends_cup,1.0,5,100,random48_2,0.1,14,4.40377922
obj_16_friends_cup,1.0,5,100,random48_2,0.2,28,5.74713735
obj_16_friends_cup,1.0,5,100,random48_2,0.4,48,0.0620239118
obj_16_friends_cup,1.0,5,100,random48_2,0.6,48,0.0620239118
obj_16_friends_cup,1.0,5,100,random48_2,0.8,48,0.0620239118
obj_16_friends_cup,1.0,5,100,random48_3,0.1,14,11.5292598
obj_16_friends_cup,1.0,5,100,random48_3,0.2,28,11.3740195
obj_16_friends_cup,1.0,5,100,random48_3,0.4,48,0.0620239118
obj_16_friends_cup,1.0,5,100,random48_3,0.6,48,0.0620239118
obj_16_friends_cup,1.0,5,100,random48_3,0.8,48,0.0620239118
obj_16_friends_cup,1.0,5,100,random48_4,0.1,14,0.584837673
obj_16_friends_cup,1.0,5,100,random48_4,0.2,28,0.545015409
obj_16_friends_cup,1.0,5,100,random48_4,0.4,48,0.0620239118
obj_16_friends_cup,1.0,5,100,random48_4,0.6,48,0.0620239118
obj_16_friends_cup,1.0,5,100,random48_4,0.8,48,0.0620239118
obj_16_friends_cup,1.0,6,10,random48_0,0.1,14,1.00588849
obj_16_friends_cup,1.0,6,10,random48_0,0.2,28,1.31097728
obj_16_friends_cup,1.0,6,10,random48_0,0.4,48,0.336497155
obj_16_friends_cup,1.0,6,10,random48_0,0.6,48,0.336497155
obj_16_friends_cup,1.0,6,10,random48_0,0.8,48,0.336497155
obj_16_friends_cup,1.0,6,10,random48_1,0.1,14,1.18474862
obj_16_friends_cup,1.0,6,10,random48_1,0.2,28,2.14707481
obj_16_friends_cup,1.0,6,10,random48_1,0.4,48,0.336497155
obj_16_friends_cup,1.0,6,10,random48_1,0.6,48,0.336497155
obj_16_friends_cup,1.0,6,10,random48_1,0.8,48,0.336497155
obj_16_friends_cup,1.0,6,10,random48_2,0.1,14,1.71935563
obj_16_friends_cup,1.0,6,10,random48_2,0.2,28,0.71210734
obj_16_friends_cup,1.0,6,10,random48_2,0.4,48,0.336497155
obj_16_friends_cup,1.0,6,10,random48_2,0.6,48,0.336497155
obj_16_friends_cup,1.0,6,10,random48_2,0.8,48,0.336497155
obj_16_friends_cup,1.0,6,10,random48_3,0.1,14,1.68400789
obj_16_friends_cup,1.0,6,10,random48_3,0.2,28,1.80948575
obj_16_friends_cup,1.0,6,10,random48_3,0.4,48,0.336497155
obj_16_friends_cup,1.0,6,10,random48_3,0.6,48,0.336497155
obj_16_friends_cup,1.0,6,10,random48_3,0.8,48,0.336497155
obj_16_friends_cup,1.0,6,10,random48_4,0.1,14,0.988206977
obj_16_friends_cup,1.0,6,10,random48_4,0.2,28,0.834465925
obj_16_friends_cup,1.0,6,10,random48_4,0.4,48,0.336497155
obj_16_friends_cup,1.0,6,10,random48_4,0.6,48,0.336497155
obj_16_friends_cup,1.0,6,10,random48_4,0.8,48,0.336497155
obj_16_friends_cup,1.0,6,100,random48_0,0.1,14,1.6111328
obj_16_friends_cup,1.0,6,100,random48_0,0.2,28,3.24882023
obj_16_friends_cup,1.0,6,100,random48_0,0.4,48,0.0428860039
obj_16_friends_cup,1.0,6,100,random48_0,0.6,48,0.0428860039
obj_16_friends_cup,1.0,6,100,random48_0,0.8,48,0.0428860039
obj_16_friends_cup,1.0,6,100,random48_1,0.1,14,3.57695008
obj_16_friends_cup,1.0,6,100,random48_1,0.2,28,3.36162365
obj_16_friends_cup,1.0,6,100,random48_1,0.4,48,0.0428860039
obj_16_friends_cup,1.0,6,100,random48_1,0.6,48,0.0428860039
obj_16_friends_cup,1.0,6,100,random48_1,0.8,48,0.0428860039
obj_16_friends_cup,1.0,6,100,random48_2,0.1,14,2.25715252
obj_16_friends_cup,1.0,6,100,random48_2,0.2,28,3.15061964
obj_16_friends_cup,1.0,6,100,random48_2,0.4,48,0.0428860039
obj_16_friends_cup,1.0,6,100,random48_2,0.6,48,0.0428860039
obj_16_friends_cup,1.0,6,100,random48_2,0.8,48,0.0428860039
obj_16_friends_cup,1.0,6,100,random48_3,0.1,14,3.10764973
obj_16_friends_cup,1.0,6,100,random48_3,0.2,28,2.16522911
obj_16_friends_cup,1.0,6,100,random48_3,0.4,48,0.0428860039
obj_16_friends_cup,1.0,6,100,random48_3,0.6,48,0.0428860039
obj_16_friends_cup,1.0,6,100,random48_3,0.8,48,0.0428860039
obj_16_friends_cup,1.0,6,100,random48_4,0.1,14,0.913910856
obj_16_friends_cup,1.0,6,100,random48_4,0.2,28,0.900882037
obj_16_friends_cup,1.0,6,100,random48_4,0.4,48,0.0428860039
obj_16_friends_cup,1.0,6,100,random48_4,0.6,48,0.0428860039
obj_16_friends_cup,1.0,6,100,random48_4,0.8,48,0.0428860039
obj_16_friends_cup,1.0,7,10,random48_0,0.1,14,8.69111075
obj_16_friends_cup,1.0,7,10,random48_0,0.2,28,8.05505338
obj_16_friends_cup,1.0,7,10,random48_0,0.4,48,0.663605591
obj_16_friends_cup,1.0,7,10,random48_0,0.6,48,0.663605591
obj_16_friends_cup,1.0,7,10,random48_0,0.8,48,0.663605591
obj_16_friends_cup,1.0,7,10,random48_1,0.1,14,2.92192133
obj_16_friends_cup,1.0,7,10,random48_1,0.2,28,3.86859961
obj_16_friends_cup,1.0,7,10,random48_1,0.4,48,0.663605591
obj_16_friends_cup,1.0,7,10,random48_1,0.6,48,0.663605591
obj_16_friends_cup,1.0,7,10,random48_1,0.8,48,0.663605591
obj_16_friends_cup,1.0,7,10,random48_2,0.1,14,0.178633456
obj_16_friends_cup,1.0,7,10,random48_2,0.2,28,2.27805181
obj_16_friends_cup,1.0,7,10,random48_2,0.4,48,0.663605591
obj_16_friends_cup,1.0,7,10,random48_2,0.6,48,0.663605591
obj_16_friends_cup,1.0,7,10,random48_2,0.8,48,0.663605591
obj_16_friends_cup,1.0,7,10,random48_3,0.1,14,12.8053299
obj_16_friends_cup,1.0,7,10,random48_3,0.2,28,15.3808533
obj_16_friends_cup,1.0,7,10,random48_3,0.4,48,0.663605591
obj_16_friends_cup,1.0,7,10,random48_3,0.6,48,0.663605591
obj_16_friends_cup,1.0,7,10,random48_3,0.8,48,0.663605591
obj_16_friends_cup,1.0,7,10,random48_4,0.1,14,6.18202674
obj_16_friends_cup,1.0,7,10,random48_4,0.2,28,3.04281388
obj_16_friends_cup,1.0,7,10,random48_4,0.4,48,0.663605591
obj_16_friends_cup,1.0,7,10,random48_4,0.6,48,0.663605591
obj_16_friends_cup,1.0,7,10,random48_4,0.8,48,0.663605591
obj_16_friends_cup,1.0,7,100,random48_0,0.1,14,2.70234645
obj_16_friends_cup,1.0,7,100,random48_0,0.2,28,10.3542774
obj_16_friends_cup,1.0,7,100,random48_0,0.4,48,0.0572891171
obj_16_friends_cup,1.0,7,100,random48_0,0.6,48,0.0572891171
obj_16_friends_cup,1.0,7,100,random48_0,0.8,48,0.0572891171
obj_16_friends_cup,1.0,7,100,random48_1,0.1,14,17.4027882
obj_16_friends_cup,1.0,7,100,random48_1,0.2,28,11.9471891
obj_16_friends_cup,1.0,7,100,random48_1,0.4,48,0.0572891171
obj_16_friends_cup,1.0,7,100,random48_1,0.6,48,0.0572891171
obj_16_friends_cup,1.0,7,100,random48_1,0.8,48,0.0572891171
obj_16_friends_cup,1.0,7,100,random48_2,0.1,14,1.8802371
obj_16_friends_cup,1.0,7,100,random48_2,0.2,28,6.04742941
obj_16_friends_cup,1.0,7,100,random48_2,0.4,48,0.0572891171
obj_16_friends_cup,1.0,7,100,random48_2,0.6,48,0.0572891171
obj_16_friends_cup,1.0,7,100,random48_2,0.8,48,0.0572891171
obj_16_friends_cup,1.0,7,100,random48_3,0.1,14,6.6295243
obj_16_friends_cup,1.0,7,100,random48_3,0.2,28,7.12331846
obj_16_friends_cup,1.0,7,100,random48_3,0.4,48,0.0572891171
obj_16_friends_cup,1.0,7,100,random48_3,0.6,48,0.0572891171
obj_16_friends_cup,1.0,7,100,random48_3,0.8,48,0.0572891171
obj_16_friends_cup,1.0,7,100,random48_4,0.1,14,1.58245663
obj_16_friends_cup,1.0,7,100,random48_4,0.2,28,2.02821948
obj_16_friends_cup,1.0,7,100,random48_4,0.4,48,0.0572891171
obj_16_friends_cup,1.0,7,100,random48_4,0.6,48,0.0572891171
obj_16_friends_cup,1.0,7,100,random48_4,0.8,48,0.0572891171
obj_16_friends_cup,1.0,8,10,random48_0,0.1,14,0.402078919
obj_16_friends_cup,1.0,8,10,random48_0,0.2,28,0.638330514
obj_16_friends_cup,1.0,8,10,random48_0,0.4,48,0.164262708
obj_16_friends_cup,1.0,8,10,random48_0,0.6,48,0.164262708
obj_16_friends_cup,1.0,8,10,random48_0,0.8,48,0.164262708
obj_16_friends_cup,1.0,8,10,random48_1,0.1,14,0.218024846
obj_16_friends_cup,1.0,8,10,random48_1,0.2,28,0.420541524
obj_16_friends_cup,1.0,8,10,random48_1,0.4,48,0.164262708
obj_16_friends_cup,1.0,8,10,random48_1,0.6,48,0.164262708
obj_16_friends_cup,1.0,8,10,random48_1,0.8,48,0.164262708
obj_16_friends_cup,1.0,8,10,random48_2,0.1,14,0.0950845214
obj_16_friends_cup,1.0,8,10,random48_2,0.2,28,0.265054633
obj_16_friends_cup,1.0,8,10,random48_2,0.4,48,0.164262708
obj_16_friends_cup,1.0,8,10,random48_2,0.6,48,0.164262708
obj_16_friends_cup,1.0,8,10,random48_2,0.8,48,0.164262708
obj_16_friends_cup,1.0,8,10,random48_3,0.1,14,0.87226102
obj_16_friends_cup,1.0,8,10,random48_3,0.2,28,4.22497497
obj_16_friends_cup,1.0,8,10,random48_3,0.4,48,0.164262708
obj_16_friends_cup,1.0,8,10,random48_3,0.6,48,0.164262708
obj_16_friends_cup,1.0,8,10,random48_3,0.8,48,0.164262708
obj_16_friends_cup,1.0,8,10,random48_4,0.1,14,0.299174218
obj_16_friends_cup,1.0,8,10,random48_4,0.2,28,1.1277815
obj_16_friends_cup,1.0,8,10,random48_4,0.4,48,0.164262708
obj_16_friends_cup,1.0,8,10,random48_4,0.6,48,0.164262708
obj_16_friends_cup,1.0,8,10,random48_4,0.8,48,0.164262708
obj_16_friends_cup,1.0,8,100,random48_0,0.1,14,0.523922595
obj_16_friends_cup,1.0,8,100,random48_0,0.2,28,9.7999631
obj_16_friends_cup,1.0,8,100,random48_0,0.4,48,0.0399206968
obj_16_friends_cup,1.0,8,100,random48_0,0.6,48,0.0399206968
obj_16_friends_cup,1.0,8,100,random48_0,0.8,48,0.0399206968
obj_16_friends_cup,1.0,8,100,random48_1,0.1,14,0.908580616
obj_16_friends_cup,1.0,8,100,random48_1,0.2,28,8.88206005
obj_16_friends_cup,1.0,8,100,random48_1,0.4,48,0.0399206968
obj_16_friends_cup,1.0,8,100,random48_1,0.6,48,0.0399206968
obj_16_friends_cup,1.0,8,100,random48_1,0.8,48,0.0399206968
obj_16_friends_cup,1.0,8,100,random48_2,0.1,14,1.13410365
obj_16_friends_cup,1.0,8,100,random48_2,0.2,28,0.846432242
obj_16_friends_cup,1.0,8,100,random48_2,0.4,48,0.0399206968
obj_16_friends_cup,1.0,8,100,random48_2,0.6,48,0.0399206968
obj_16_friends_cup,1.0,8,100,random48_2,0.8,48,0.0399206968
obj_16_friends_cup,1.0,8,100,random48_3,0.1,14,0.943977207
obj_16_friends_cup,1.0,8,100,random48_3,0.2,28,1.19074454
obj_16_friends_cup,1.0,8,100,random48_3,0.4,48,0.0399206968
obj_16_friends_cup,1.0,8,100,random48_3,0.6,48,0.0399206968
obj_16_friends_cup,1.0,8,100,random48_3,0.8,48,0.0399206968
obj_16_friends_cup,1.0,8,100,random48_4,0.1,14,0.256129173
obj_16_friends_cup,1.0,8,100,random48_4,0.2,28,2.08612031
obj_16_friends_cup,1.0,8,100,random48_4,0.4,48,0.0399206968
obj_16_friends_cup,1.0,8,100,random48_4,0.6,48,0.0399206968
obj_16_friends_cup,1.0,8,100,random48_4,0.8,48,0.0399206968
obj_16_friends_cup,1.0,9,10,random48_0,0.1,14,2.4859675
obj_16_friends_cup,1.0,9,10,random48_0,0.2,28,2.22708119
obj_16_friends_cup,1.0,9,10,random48_0,0.4,48,1.3491328
obj_16_friends_cup,1.0,9,10,random48_0,0.6,48,1.3491328
obj_16_friends_cup,1.0,9,10,random48_0,0.8,48,1.3491328
obj_16_friends_cup,1.0,9,10,random48_1,0.1,14,2.58069445
obj_16_friends_cup,1.0,9,10,random48_1,0.2,28,5.48954346
obj_16_friends_cup,1.0,9,10,random48_1,0.4,48,1.3491328
obj_16_friends_cup,1.0,9,10,random48_1,0.6,48,1.3491328
obj_16_friends_cup,1.0,9,10,random48_1,0.8,48,1.3491328
obj_16_friends_cup,1.0,9,10,random48_2,0.1,14,2.11419248
obj_16_friends_cup,1.0,9,10,random48_2,0.2,28,4.38848272
obj_16_friends_cup,1.0,9,10,random48_2,0.4,48,1.3491328
obj_16_friends_cup,1.0,9,10,random48_2,0.6,48,1.3491328
obj_16_friends_cup,1.0,9,10,random48_2,0.8,48,1.3491328
obj_16_friends_cup,1.0,9,10,random48_3,0.1,14,2.60267048
obj_16_friends_cup,1.0,9,10,random48_3,0.2,28,3.93646623
obj_16_friends_cup,1.0,9,10,random48_3,0.4,48,1.3491328
obj_16_friends_cup,1.0,9,10,random48_3,0.6,48,1.3491328
obj_16_friends_cup,1.0,9,10,random48_3,0.8,48,1.3491328
obj_16_friends_cup,1.0,9,10,random48_4,0.1,14,2.18426152
obj_16_friends_cup,1.0,9,10,random48_4,0.2,28,0.217813812
obj_16_friends_cup,1.0,9,10,random48_4,0.4,48,1.3491328
obj_16_friends_cup,1.0,9,10,random48_4,0.6,48,1.3491328
obj_16_friends_cup,1.0,9,10,random48_4,0.8,48,1.3491328
obj_16_friends_cup,1.0,9,100,random48_0,0.1,14,4.74504705
obj_16_friends_cup,1.0,9,100,random48_0,0.2,28,2.86434999
obj_16_friends_cup,1.0,9,100,random48_0,0.4,48,0.0515849696
obj_16_friends_cup,1.0,9,100,random48_0,0.6,48,0.0515849696
obj_16_friends_cup,1.0,9,100,random48_0,0.8,48,0.0515849696
obj_16_friends_cup,1.0,9,100,random48_1,0.1,14,2.14168675
obj_16_friends_cup,1.0,9,100,random48_1,0.2,28,5.70644088
obj_16_friends_cup,1.0,9,100,random48_1,0.4,48,0.0515849696
obj_16_friends_cup,1.0,9,100,random48_1,0.6,48,0.0515849696
obj_16_friends_cup,1.0,9,100,random48_1,0.8,48,0.0515849696
obj_16_friends_cup,1.0,9,100,random48_2,0.1,14,6.05505024
obj_16_friends_cup,1.0,9,100,random48_2,0.2,28,2.01377703
obj_16_friends_cup,1.0,9,100,random48_2,0.4,48,0.0515849696
obj_16_friends_cup,1.0,9,100,random48_2,0.6,48,0.0515849696
obj_16_friends_cup,1.0,9,100,random48_2,0.8,48,0.0515849696
obj_16_friends_cup,1.0,9,100,random48_3,0.1,14,2.16184014
obj_16_friends_cup,1.0,9,100,random48_3,0.2,28,6.48856426
obj_16_friends_cup,1.0,9,100,random48_3,0.4,48,0.0515849696
obj_16_friends_cup,1.0,9,100,random48_3,0.6,48,0.0515849696
obj_16_friends_cup,1.0,9,100,random48_3,0.8,48,0.0515849696
obj_16_friends_cup,1.0,9,100,random48_4,0.1,14,3.85085827
obj_16_friends_cup,1.0,9,100,random48_4,0.2,28,2.4408544
obj_16_friends_cup,1.0,9,100,random48_4,0.4,48,0.0515849696
obj_16_friends_cup,1.0,9,100,random48_4,0.6,48,0.0515849696
obj_16_friends_cup,1.0,9,100,random48_4,0.8,48,0.0515849696
obj_17_pumpkin5,0.2,0,10,random48_0,0.1,14,0.0720218507
obj_17_pumpkin5,0.2,0,10,random48_0,0.2,28,0.058424327
obj_17_pumpkin5,0.2,0,10,random48_0,0.4,48,0.0131634699
obj_17_pumpkin5,0.2,0,10,random48_0,0.6,48,0.0131634699
obj_17_pumpkin5,0.2,0,10,random48_0,0.8,48,0.0131634699
obj_17_pumpkin5,0.2,0,10,random48_1,0.1,14,0.112251669
obj_17_pumpkin5,0.2,0,10,random48_1,0.2,28,0.015317048
obj_17_pumpkin5,0.2,0,10,random48_1,0.4,48,0.0131634699
obj_17_pumpkin5,0.2,0,10,random48_1,0.6,48,0.0131634699
obj_17_pumpkin5,0.2,0,10,random48_1,0.8,48,0.0131634699
obj_17_pumpkin5,0.2,0,10,random48_2,0.1,14,0.0764836679
obj_17_pumpkin5,0.2,0,10,random48_2,0.2,28,0.0552056412
obj_17_pumpkin5,0.2,0,10,random48_2,0.4,48,0.0131634699
obj_17_pumpkin5,0.2,0,10,random48_2,0.6,48,0.0131634699
obj_17_pumpkin5,0.2,0,10,random48_2,0.8,48,0.0131634699
obj_17_pumpkin5,0.2,0,10,random48_3,0.1,14,0.104614247
obj_17_pumpkin5,0.2,0,10,random48_3,0.2,28,0.0724996933
obj_17_pumpkin5,0.2,0,10,random48_3,0.4,48,0.0131634699
obj_17_pumpkin5,0.2,0,10,random48_3,0.6,48,0.0131634699
obj_17_pumpkin5,0.2,0,10,random48_3,0.8,48,0.0131634699
obj_17_pumpkin5,0.2,0,10,random48_4,0.1,14,0.138857781
obj_17_pumpkin5,0.2,0,10,random48_4,0.2,28,0.057183623
obj_17_pumpkin5,0.2,0,10,random48_4,0.4,48,0.0131634699
obj_17_pumpkin5,0.2,0,10,random48_4,0.6,48,0.0131634699
obj_17_pumpkin5,0.2,0,10,random48_4,0.8,48,0.0131634699
obj_17_pumpkin5,0.2,0,100,random48_0,0.1,14,0.11348203
obj_17_pumpkin5,0.2,0,100,random48_0,0.2,28,0.0127871252
obj_17_pumpkin5,0.2,0,100,random48_0,0.4,48,0.00115696227
obj_17_pumpkin5,0.2,0,100,random48_0,0.6,48,0.00115696227
obj_17_pumpkin5,0.2,0,100,random48_0,0.8,48,0.00115696227
obj_17_pumpkin5,0.2,0,100,random48_1,0.1,14,0.0864255694
obj_17_pumpkin5,0.2,0,100,random48_1,0.2,28,0.0384786343
obj_17_pumpkin5,0.2,0,100,random48_1,0.4,48,0.00115696227
obj_17_pumpkin5,0.2,0,100,random48_1,0.6,48,0.00115696227
obj_17_pumpkin5,0.2,0,100,random48_1,0.8,48,0.00115696227
obj_17_pumpkin5,0.2,0,100,random48_2,0.1,14,0.0439048116
obj_17_pumpkin5,0.2,0,100,random48_2,0.2,28,0.0105918524
obj_17_pumpkin5,0.2,0,100,random48_2,0.4,48,0.00115696227
obj_17_pumpkin5,0.2,0,100,random48_2,0.6,48,0.00115696227
obj_17_pumpkin5,0.2,0,100,random48_2,0.8,48,0.00115696227
obj_17_pumpkin5,0.2,0,100,random48_3,0.1,14,0.0762830986
obj_17_pumpkin5,0.2,0,100,random48_3,0.2,28,0.018968044
obj_17_pumpkin5,0.2,0,100,random48_3,0.4,48,0.00115696227
obj_17_pumpkin5,0.2,0,100,random48_3,0.6,48,0.00115696227
obj_17_pumpkin5,0.2,0,100,random48_3,0.8,48,0.00115696227
obj_17_pumpkin5,0.2,0,100,random48_4,0.1,14,0.0549443536
obj_17_pumpkin5,0.2,0,100,random48_4,0.2,28,0.0520771617
obj_17_pumpkin5,0.2,0,100,random48_4,0.4,48,0.00115696227
obj_17_pumpkin5,0.2,0,100,random48_4,0.6,48,0.00115696227
obj_17_pumpkin5,0.2,0,100,random48_4,0.8,48,0.00115696227
obj_17_pumpkin5,0.2,1,10,random48_0,0.1,14,0.0249556258
obj_17_pumpkin5,0.2,1,10,random48_0,0.2,28,0.0110298644
obj_17_pumpkin5,0.2,1,10,random48_0,0.4,48,0.00495839884
obj_17_pumpkin5,0.2,1,10,random48_0,0.6,48,0.00495839884
obj_17_pumpkin5,0.2,1,10,random48_0,0.8,48,0.00495839884
obj_17_pumpkin5,0.2,1,10,random48_1,0.1,14,0.0111420094
obj_17_pumpkin5,0.2,1,10,random48_1,0.2,28,0.0134448591
obj_17_pumpkin5,0.2,1,10,random48_1,0.4,48,0.00495839884
obj_17_pumpkin5,0.2,1,10,random48_1,0.6,48,0.00495839884
obj_17_pumpkin5,0.2,1,10,random48_1,0.8,48,0.00495839884
obj_17_pumpkin5,0.2,1,10,random48_2,0.1,14,0.0124189343
obj_17_pumpkin5,0.2,1,10,random48_2,0.2,28,0.0166999636
obj_17_pumpkin5,0.2,1,10,random48_2,0.4,48,0.00495839884
obj_17_pumpkin5,0.2,1,10,random48_2,0.6,48,0.00495839884
obj_17_pumpkin5,0.2,1,10,random48_2,0.8,48,0.00495839884
obj_17_pumpkin5,0.2,1,10,random48_3,0.1,14,0.0160804686
obj_17_pumpkin5,0.2,1,10,random48_3,0.2,28,0.0391843972
obj_17_pumpkin5,0.2,1,10,random48_3,0.4,48,0.00495839884
obj_17_pumpkin5,0.2,1,10,random48_3,0.6,48,0.00495839884
obj_17_pumpkin5,0.2,1,10,random48_3,0.8,48,0.00495839884
obj_17_pumpkin5,0.2,1,10,random48_4,0.1,14,0.0286647824
obj_17_pumpkin5,0.2,1,10,random48_4,0.2,28,0.021621273
obj_17_pumpkin5,0.2,1,10,random48_4,0.4,48,0.00495839884
obj_17_pumpkin5,0.2,1,10,random48_4,0.6,48,0.00495839884
obj_17_pumpkin5,0.2,1,10,random48_4,0.8,48,0.00495839884
obj_17_pumpkin5,0.2,1,100,random48_0,0.1,14,0.0412329705
obj_17_pumpkin5,0.2,1,100,random48_0,0.2,28,0.0161275521
obj_17_pumpkin5,0.2,1,100,random48_0,0.4,48,0.000650568501
obj_17_pumpkin5,0.2,1,100,random48_0,0.6,48,0.000650568501
obj_17_pumpkin5,0.2,1,100,random48_0,0.8,48,0.000650568501
obj_17_pumpkin5,0.2,1,100,random48_1,0.1,14,0.0622356282
obj_17_pumpkin5,0.2,1,100,random48_1,0.2,28,0.025385782
obj_17_pumpkin5,0.2,1,100,random48_1,0.4,48,0.000650568501
obj_17_pumpkin5,0.2,1,100,random48_1,0.6,48,0.000650568501
obj_17_pumpkin5,0.2,1,100,random48_1,0.8,48,0.000650568501
obj_17_pumpkin5,0.2,1,100,random48_2,0.1,14,0.0721605571
obj_17_pumpkin5,0.2,1,100,random48_2,0.2,28,0.0148070047
obj_17_pumpkin5,0.2,1,100,random48_2,0.4,48,0.000650568501
obj_17_pumpkin5,0.2,1,100,random48_2,0.6,48,0.000650568501
obj_17_pumpkin5,0.2,1,100,random48_2,0.8,48,0.000650568501
obj_17_pumpkin5,0.2,1,100,random48_3,0.1,14,0.0278143796
obj_17_pumpkin5,0.2,1,100,random48_3,0.2,28,0.0274003492
obj_17_pumpkin5,0.2,1,100,random48_3,0.4,48,0.000650568501
obj_17_pumpkin5,0.2,1,100,random48_3,0.6,48,0.000650568501
obj_17_pumpkin5,0.2,1,100,random48_3,0.8,48,0.000650568501
obj_17_pumpkin5,0.2,1,100,random48_4,0.1,14,0.031829802
obj_17_pumpkin5,0.2,1,100,random48_4,0.2,28,0.0208140631
obj_17_pumpkin5,0.2,1,100,random48_4,0.4,48,0.000650568501
obj_17_pumpkin5,0.2,1,100,random48_4,0.6,48,0.000650568501
obj_17_pumpkin5,0.2,1,100,random48_4,0.8,48,0.000650568501
obj_17_pumpkin5,0.2,2,10,random48_0,0.1,14,0.0104441138
obj_17_pumpkin5,0.2,2,10,random48_0,0.2,28,0.00304518006
obj_17_pumpkin5,0.2,2,10,random48_0,0.4,48,0.000823556856
obj_17_pumpkin5,0.2,2,10,random48_0,0.6,48,0.000823556856
obj_17_pumpkin5,0.2,2,10,random48_0,0.8,48,0.000823556856
obj_17_pumpkin5,0.2,2,10,random48_1,0.1,14,0.0141679565
obj_17_pumpkin5,0.2,2,10,random48_1,0.2,28,0.00410437471
obj_17_pumpkin5,0.2,2,10,random48_1,0.4,48,0.000823556856
obj_17_pumpkin5,0.2,2,10,random48_1,0.6,48,0.000823556856
obj_17_pumpkin5,0.2,2,10,random48_1,0.8,48,0.000823556856
obj_17_pumpkin5,0.2,2,10,random48_2,0.1,14,0.0152119385
obj_17_pumpkin5,0.2,2,10,random48_2,0.2,28,0.00290908746
obj_17_pumpkin5,0.2,2,10,random48_2,0.4,48,0.000823556856
obj_17_pumpkin5,0.2,2,10,random48_2,0.6,48,0.000823556856
obj_17_pumpkin5,0.2,2,10,random48_2,0.8,48,0.000823556856
obj_17_pumpkin5,0.2,2,10,random48_3,0.1,14,0.0120292906
obj_17_pumpkin5,0.2,2,10,random48_3,0.2,28,0.0217541299
obj_17_pumpkin5,0.2,2,10,random48_3,0.4,48,0.000823556856
obj_17_pumpkin5,0.2,2,10,random48_3,0.6,48,0.000823556856
obj_17_pumpkin5,0.2,2,10,random48_3,0.8,48,0.000823556856
obj_17_pumpkin5,0.2,2,10,random48_4,0.1,14,0.00205874
obj_17_pumpkin5,0.2,2,10,random48_4,0.2,28,0.00978638381
obj_17_pumpkin5,0.2,2,10,random48_4,0.4,48,0.000823556856
obj_17_pumpkin5,0.2,2,10,random48_4,0.6,48,0.000823556856
obj_17_pumpkin5,0.2,2,10,random48_4,0.8,48,0.000823556856
obj_17_pumpkin5,0.2,2,100,random48_0,0.1,14,0.0161544453
obj_17_pumpkin5,0.2,2,100,random48_0,0.2,28,0.00433816869
obj_17_pumpkin5,0.2,2,100,random48_0,0.4,48,8.76435333e-05
obj_17_pumpkin5,0.2,2,100,random48_0,0.6,48,8.76435333e-05
obj_17_pumpkin5,0.2,2,100,random48_0,0.8,48,8.76435333e-05
obj_17_pumpkin5,0.2,2,100,random48_1,0.1,14,0.00355282822
obj_17_pumpkin5,0.2,2,100,random48_1,0.2,28,0.00868880289
obj_17_pumpkin5,0.2,2,100,random48_1,0.4,48,8.76435333e-05
obj_17_pumpkin5,0.2,2,100,random48_1,0.6,48,8.76435333e-05
obj_17_pumpkin5,0.2,2,100,random48_1,0.8,48,8.76435333e-05
obj_17_pumpkin5,0.2,2,100,random48_2,0.1,14,0.0324533752
obj_17_pumpkin5,0.2,2,100,random48_2,0.2,28,0.0101715436
obj_17_pumpkin5,0.2,2,100,random48_2,0.4,48,8.76435333e-05
obj_17_pumpkin5,0.2,2,100,random48_2,0.6,48,8.76435333e-05
obj_17_pumpkin5,0.2,2,100,random48_2,0.8,48,8.76435333e-05
obj_17_pumpkin5,0.2,2,100,random48_3,0.1,14,0.0239018547
obj_17_pumpkin5,0.2,2,100,random48_3,0.2,28,0.0110152622
obj_17_pumpkin5,0.2,2,100,random48_3,0.4,48,8.76435333e-05
obj_17_pumpkin5,0.2,2,100,random48_3,0.6,48,8.76435333e-05
obj_17_pumpkin5,0.2,2,100,random48_3,0.8,48,8.76435333e-05
obj_17_pumpkin5,0.2,2,100,random48_4,0.1,14,0.00897025828
obj_17_pumpkin5,0.2,2,100,random48_4,0.2,28,0.00641669817
obj_17_pumpkin5,0.2,2,100,random48_4,0.4,48,8.76435333e-05
obj_17_pumpkin5,0.2,2,100,random48_4,0.6,48,8.76435333e-05
obj_17_pumpkin5,0.2,2,100,random48_4,0.8,48,8.76435333e-05
obj_17_pumpkin5,0.2,3,10,random48_0,0.1,14,0.0693646342
obj_17_pumpkin5,0.2,3,10,random48_0,0.2,28,0.0612437853
obj_17_pumpkin5,0.2,3,10,random48_0,0.4,48,0.00921691084
obj_17_pumpkin5,0.2,3,10,random48_0,0.6,48,0.00921691084
obj_17_pumpkin5,0.2,3,10,random48_0,0.8,48,0.00921691084
obj_17_pumpkin5,0.2,3,10,random48_1,0.1,14,0.113081301
obj_17_pumpkin5,0.2,3,10,random48_1,0.2,28,0.0123400788
obj_17_pumpkin5,0.2,3,10,random48_1,0.4,48,0.00921691084
obj_17_pumpkin5,0.2,3,10,random48_1,0.6,48,0.00921691084
obj_17_pumpkin5,0.2,3,10,random48_1,0.8,48,0.00921691084
obj_17_pumpkin5,0.2,3,10,random48_2,0.1,14,0.0922468121
obj_17_pumpkin5,0.2,3,10,random48_2,0.2,28,0.0722892807
obj_17_pumpkin5,0.2,3,10,random48_2,0.4,48,0.00921691084
obj_17_pumpkin5,0.2,3,10,random48_2,0.6,48,0.00921691084
obj_17_pumpkin5,0.2,3,10,random48_2,0.8,48,0.00921691084
obj_17_pumpkin5,0.2,3,10,random48_3,0.1,14,0.070150651
obj_17_pumpkin5,0.2,3,10,random48_3,0.2,28,0.0573110431
obj_17_pumpkin5,0.2,3,10,random48_3,0.4,48,0.00921691084
obj_17_pumpkin5,0.2,3,10,random48_3,0.6,48,0.00921691084
obj_17_pumpkin5,0.2,3,10,random48_3,0.8,48,0.00921691084
obj_17_pumpkin5,0.2,3,10,random48_4,0.1,14,0.0743791952
obj_17_pumpkin5,0.2,3,10,random48_4,0.2,28,0.0632712536
obj_17_pumpkin5,0.2,3,10,random48_4,0.4,48,0.00921691084
obj_17_pumpkin5,0.2,3,10,random48_4,0.6,48,0.00921691084
obj_17_pumpkin5,0.2,3,10,random48_4,0.8,48,0.00921691084
obj_17_pumpkin5,0.2,3,100,random48_0,0.1,14,0.0130151339
obj_17_pumpkin5,0.2,3,100,random48_0,0.2,28,0.0012795515
obj_17_pumpkin5,0.2,3,100,random48_0,0.4,48,0.000876680023
obj_17_pumpkin5,0.2,3,100,random48_0,0.6,48,0.000876680023
obj_17_pumpkin5,0.2,3,100,random48_0,0.8,48,0.000876680023
obj_17_pumpkin5,0.2,3,100,random48_1,0.1,14,0.0453270541
obj_17_pumpkin5,0.2,3,100,random48_1,0.2,28,0.0266286843
obj_17_pumpkin5,0.2,3,100,random48_1,0.4,48,0.000876680023
obj_17_pumpkin5,0.2,3,100,random48_1,0.6,48,0.000876680023
obj_17_pumpkin5,0.2,3,100,random48_1,0.8,48,0.000876680023
obj_17_pumpkin5,0.2,3,100,random48_2,0.1,14,0.0497532466
obj_17_pumpkin5,0.2,3,100,random48_2,0.2,28,0.0311034405
obj_17_pumpkin5,0.2,3,100,random48_2,0.4,48,0.000876680023
obj_17_pumpkin5,0.2,3,100,random48_2,0.6,48,0.000876680023
obj_17_pumpkin5,0.2,3,100,random48_2,0.8,48,0.000876680023
obj_17_pumpkin5,0.2,3,100,random48_3,0.1,14,0.0925609867
obj_17_pumpkin5,0.2,3,100,random48_3,0.2,28,0.00320037507
obj_17_pumpkin5,0.2,3,100,random48_3,0.4,48,0.000876680023
obj_17_pumpkin5,0.2,3,100,random48_3,0.6,48,0.000876680023
obj_17_pumpkin5,0.2,3,100,random48_3,0.8,48,0.000876680023
obj_17_pumpkin5,0.2,3,100,random48_4,0.1,14,0.0848166835
obj_17_pumpkin5,0.2,3,100,random48_4,0.2,28,0.0379686017
obj_17_pumpkin5,0.2,3,100,random48_4,0.4,48,0.000876680023
obj_17_pumpkin5,0.2,3,100,random48_4,0.6,48,0.000876680023
obj_17_pumpkin5,0.2,3,100,random48_4,0.8,48,0.000876680023
obj_17_pumpkin5,0.2,4,10,random48_0,0.1,14,0.0270429522
obj_17_pumpkin5,0.2,4,10,random48_0,0.2,28,0.0392759488
obj_17_pumpkin5,0.2,4,10,random48_0,0.4,48,0.00193936508
obj_17_pumpkin5,0.2,4,10,random48_0,0.6,48,0.00193936508
obj_17_pumpkin5,0.2,4,10,random48_0,0.8,48,0.00193936508
obj_17_pumpkin5,0.2,4,10,random48_1,0.1,14,0.0304026979
obj_17_pumpkin5,0.2,4,10,random48_1,0.2,28,0.0447947774
obj_17_pumpkin5,0.2,4,10,random48_1,0.4,48,0.00193936508
obj_17_pumpkin5,0.2,4,10,random48_1,0.6,48,0.00193936508
obj_17_pumpkin5,0.2,4,10,random48_1,0.8,48,0.00193936508
obj_17_pumpkin5,0.2,4,10,random48_2,0.1,14,0.0456518904
obj_17_pumpkin5,0.2,4,10,random48_2,0.2,28,0.0690207653
obj_17_pumpkin5,0.2,4,10,random48_2,0.4,48,0.00193936508
obj_17_pumpkin5,0.2,4,10,random48_2,0.6,48,0.00193936508
obj_17_pumpkin5,0.2,4,10,random48_2,0.8,48,0.00193936508
obj_17_pumpkin5,0.2,4,10,random48_3,0.1,14,0.04242566
obj_17_pumpkin5,0.2,4,10,random48_3,0.2,28,0.0432436336
obj_17_pumpkin5,0.2,4,10,random48_3,0.4,48,0.00193936508
obj_17_pumpkin5,0.2,4,10,random48_3,0.6,48,0.00193936508
obj_17_pumpkin5,0.2,4,10,random48_3,0.8,48,0.00193936508
obj_17_pumpkin5,0.2,4,10,random48_4,0.1,14,0.0425095217
obj_17_pumpkin5,0.2,4,10,random48_4,0.2,28,0.0230843271
obj_17_pumpkin5,0.2,4,10,random48_4,0.4,48,0.00193936508
obj_17_pumpkin5,0.2,4,10,random48_4,0.6,48,0.00193936508
obj_17_pumpkin5,0.2,4,10,random48_4,0.8,48,0.00193936508
obj_17_pumpkin5,0.2,4,100,random48_0,0.1,14,0.0227209833
obj_17_pumpkin5,0.2,4,100,random48_0,0.2,28,0.0470620867
obj_17_pumpkin5,0.2,4,100,random48_0,0.4,48,0.000153069651
obj_17_pumpkin5,0.2,4,100,random48_0,0.6,48,0.000153069651
obj_17_pumpkin5,0.2,4,100,random48_0,0.8,48,0.000153069651
obj_17_pumpkin5,0.2,4,100,random48_1,0.1,14,0.0228836577
obj_17_pumpkin5,0.2,4,100,random48_1,0.2,28,0.00169715493
obj_17_pumpkin5,0.2,4,100,random48_1,0.4,48,0.000153069651
obj_17_pumpkin5,0.2,4,100,random48_1,0.6,48,0.000153069651
obj_17_pumpkin5,0.2,4,100,random48_1,0.8,48,0.000153069651
obj_17_pumpkin5,0.2,4,100,random48_2,0.1,14,0.0542100784
obj_17_pumpkin5,0.2,4,100,random48_2,0.2,28,0.0662462246
obj_17_pumpkin5,0.2,4,100,random48_2,0.4,48,0.000153069651
obj_17_pumpkin5,0.2,4,100,random48_2,0.6,48,0.000153069651
obj_17_pumpkin5,0.2,4,100,random48_2,0.8,48,0.000153069651
obj_17_pumpkin5,0.2,4,100,random48_3,0.1,14,0.0256189529
obj_17_pumpkin5,0.2,4,100,random48_3,0.2,28,0.0446766872
obj_17_pumpkin5,0.2,4,100,random48_3,0.4,48,0.000153069651
obj_17_pumpkin5,0.2,4,100,random48_3,0.6,48,0.000153069651
obj_17_pumpkin5,0.2,4,100,random48_3,0.8,48,0.000153069651
obj_17_pumpkin5,0.2,4,100,random48_4,0.1,14,0.0287480598
obj_17_pumpkin5,0.2,4,100,random48_4,0.2,28,0.0352983042
obj_17_pumpkin5,0.2,4,100,random48_4,0.4,48,0.000153069651
obj_17_pumpkin5,0.2,4,100,random48_4,0.6,48,0.000153069651
obj_17_pumpkin5,0.2,4,100,random48_4,0.8,48,0.000153069651
obj_17_pumpkin5,0.2,5,10,random48_0,0.1,14,0.0132804371
obj_17_pumpkin5,0.2,5,10,random48_0,0.2,28,0.010612696
obj_17_pumpkin5,0.2,5,10,random48_0,0.4,48,0.00199544254
obj_17_pumpkin5,0.2,5,10,random48_0,0.6,48,0.00199544254
obj_17_pumpkin5,0.2,5,10,random48_0,0.8,48,0.00199544254
obj_17_pumpkin5,0.2,5,10,random48_1,0.1,14,0.0323652297
obj_17_pumpkin5,0.2,5,10,random48_1,0.2,28,0.0130612359
obj_17_pumpkin5,0.2,5,10,random48_1,0.4,48,0.00199544254
obj_17_pumpkin5,0.2,5,10,random48_1,0.6,48,0.00199544254
obj_17_pumpkin5,0.2,5,10,random48_1,0.8,48,0.00199544254
obj_17_pumpkin5,0.2,5,10,random48_2,0.1,14,0.0140335141
obj_17_pumpkin5,0.2,5,10,random48_2,0.2,28,0.0165150554
obj_17_pumpkin5,0.2,5,10,random48_2,0.4,48,0.00199544254
obj_17_pumpkin5,0.2,5,10,random48_2,0.6,48,0.00199544254
obj_17_pumpkin5,0.2,5,10,random48_2,0.8,48,0.00199544254
obj_17_pumpkin5,0.2,5,10,random48_3,0.1,14,0.0133814055
obj_17_pumpkin5,0.2,5,10,random48_3,0.2,28,0.00579185449
obj_17_pumpkin5,0.2,5,10,random48_3,0.4,48,0.00199544254
obj_17_pumpkin5,0.2,5,10,random48_3,0.6,48,0.00199544254
obj_17_pumpkin5,0.2,5,10,random48_3,0.8,48,0.00199544254
obj_17_pumpkin5,0.2,5,10,random48_4,0.1,14,0.0193517246
obj_17_pumpkin5,0.2,5,10,random48_4,0.2,28,0.0133497914
obj_17_pumpkin5,0.2,5,10,random48_4,0.4,48,0.00199544254
obj_17_pumpkin5,0.2,5,10,random48_4,0.6,48,0.00199544254
obj_17_pumpkin5,0.2,5,10,random48_4,0.8,48,0.00199544254
obj_17_pumpkin5,0.2,5,100,random48_0,0.1,14,0.00510866409
obj_17_pumpkin5,0.2,5,100,random48_0,0.2,28,0.0016145918
obj_17_pumpkin5,0.2,5,100,random48_0,0.4,48,0.000196485185
obj_17_pumpkin5,0.2,5,100,random48_0,0.6,48,0.000196485185
obj_17_pumpkin5,0.2,5,100,random48_0,0.8,48,0.000196485185
obj_17_pumpkin5,0.2,5,100,random48_1,0.1,14,0.0273214362
obj_17_pumpkin5,0.2,5,100,random48_1,0.2,28,0.0268603539
obj_17_pumpkin5,0.2,5,100,random48_1,0.4,48,0.000196485185
obj_17_pumpkin5,0.2,5,100,random48_1,0.6,48,0.000196485185
obj_17_pumpkin5,0.2,5,100,random48_1,0.8,48,0.000196485185
obj_17_pumpkin5,0.2,5,100,random48_2,0.1,14,0.0278784529
obj_17_pumpkin5,0.2,5,100,random48_2,0.2,28,0.0116625067
obj_17_pumpkin5,0.2,5,100,random48_2,0.4,48,0.000196485185
obj_17_pumpkin5,0.2,5,100,random48_2,0.6,48,0.000196485185
obj_17_pumpkin5,0.2,5,100,random48_2,0.8,48,0.000196485185
obj_17_pumpkin5,0.2,5,100,random48_3,0.1,14,0.0323944293
obj_17_pumpkin5,0.2,5,100,random48_3,0.2,28,0.00274064152
obj_17_pumpkin5,0.2,5,100,random48_3,0.4,48,0.000196485185
obj_17_pumpkin5,0.2,5,100,random48_3,0.6,48,0.000196485185
obj_17_pumpkin5,0.2,5,100,random48_3,0.8,48,0.000196485185
obj_17_pumpkin5,0.2,5,100,random48_4,0.1,14,0.0198120576
obj_17_pumpkin5,0.2,5,100,random48_4,0.2,28,0.0169335509
obj_17_pumpkin5,0.2,5,100,random48_4,0.4,48,0.000196485185
obj_17_pumpkin5,0.2,5,100,random48_4,0.6,48,0.000196485185
obj_17_pumpkin5,0.2,5,100,random48_4,0.8,48,0.000196485185
obj_17_pumpkin5,0.2,6,10,random48_0,0.1,14,0.0126820611
obj_17_pumpkin5,0.2,6,10,random48_0,0.2,28,0.0140803249
obj_17_pumpkin5,0.2,6,10,random48_0,0.4,48,0.00141305758
obj_17_pumpkin5,0.2,6,10,random48_0,0.6,48,0.00141305758
obj_17_pumpkin5,0.2,6,10,random48_0,0.8,48,0.00141305758
obj_17_pumpkin5,0.2,6,10,random48_1,0.1,14,0.00873157977
obj_17_pumpkin5,0.2,6,10,random48_1,0.2,28,0.00702572421
obj_17_pumpkin5,0.2,6,10,random48_1,0.4,48,0.00141305758
obj_17_pumpkin5,0.2,6,10,random48_1,0.6,48,0.00141305758
obj_17_pumpkin5,0.2,6,10,random48_1,0.8,48,0.00141305758
obj_17_pumpkin5,0.2,6,10,random48_2,0.1,14,0.0231268056
obj_17_pumpkin5,0.2,6,10,random48_2,0.2,28,0.0202915242
obj_17_pumpkin5,0.2,6,10,random48_2,0.4,48,0.00141305758
obj_17_pumpkin5,0.2,6,10,random48_2,0.6,48,0.00141305758
obj_17_pumpkin5,0.2,6,10,random48_2,0.8,48,0.00141305758
obj_17_pumpkin5,0.2,6,10,random48_3,0.1,14,0.0213833615
obj_17_pumpkin5,0.2,6,10,random48_3,0.2,28,0.00952897649
obj_17_pumpkin5,0.2,6,10,random48_3,0.4,48,0.00141305758
obj_17_pumpkin5,0.2,6,10,random48_3,0.6,48,0.00141305758
obj_17_pumpkin5,0.2,6,10,random48_3,0.8,48,0.00141305758
obj_17_pumpkin5,0.2,6,10,random48_4,0.1,14,0.009166893
obj_17_pumpkin5,0.2,6,10,random48_4,0.2,28,0.00833240749
obj_17_pumpkin5,0.2,6,10,random48_4,0.4,48,0.00141305758
obj_17_pumpkin5,0.2,6,10,random48_4,0.6,48,0.00141305758
obj_17_pumpkin5,0.2,6,10,random48_4,0.8,48,0.00141305758
obj_17_pumpkin5,0.2,6,100,random48_0,0.1,14,0.019881954
obj_17_pumpkin5,0.2,6,100,random48_0,0.2,28,0.0214070744
obj_17_pumpkin5,0.2,6,100,random48_0,0.4,48,0.000123947924
obj_17_pumpkin5,0.2,6,100,random48_0,0.6,48,0.000123947924
obj_17_pumpkin5,0.2,6,100,random48_0,0.8,48,0.000123947924
obj_17_pumpkin5,0.2,6,100,random48_1,0.1,14,0.0138111381
obj_17_pumpkin5,0.2,6,100,random48_1,0.2,28,0.0250470857
obj_17_pumpkin5,0.2,6,100,random48_1,0.4,48,0.000123947924
obj_17_pumpkin5,0.2,6,100,random48_1,0.6,48,0.000123947924
obj_17_pumpkin5,0.2,6,100,random48_1,0.8,48,0.000123947924
obj_17_pumpkin5,0.2,6,100,random48_2,0.1,14,0.0246621088
obj_17_pumpkin5,0.2,6,100,random48_2,0.2,28,0.0114700417
obj_17_pumpkin5,0.2,6,100,random48_2,0.4,48,0.000123947924
obj_17_pumpkin5,0.2,6,100,random48_2,0.6,48,0.000123947924
obj_17_pumpkin5,0.2,6,100,random48_2,0.8,48,0.000123947924
obj_17_pumpkin5,0.2,6,100,random48_3,0.1,14,0.013767585
obj_17_pumpkin5,0.2,6,100,random48_3,0.2,28,0.0156062853
obj_17_pumpkin5,0.2,6,100,random48_3,0.4,48,0.000123947924
obj_17_pumpkin5,0.2,6,100,random48_3,0.6,48,0.000123947924
obj_17_pumpkin5,0.2,6,100,random48_3,0.8,48,0.000123947924
obj_17_pumpkin5,0.2,6,100,random48_4,0.1,14,0.00751528291
obj_17_pumpkin5,0.2,6,100,random48_4,0.2,28,0.0100510112
obj_17_pumpkin5,0.2,6,100,random48_4,0.4,48,0.000123947924
obj_17_pumpkin5,0.2,6,100,random48_4,0.6,48,0.000123947924
obj_17_pumpkin5,0.2,6,100,random48_4,0.8,48,0.000123947924
obj_17_pumpkin5,0.2,7,10,random48_0,0.1,14,0.0258179965
obj_17_pumpkin5,0.2,7,10,random48_0,0.2,28,0.0282655086
obj_17_pumpkin5,0.2,7,10,random48_0,0.4,48,0.00638707213
obj_17_pumpkin5,0.2,7,10,random48_0,0.6,48,0.00638707213
obj_17_pumpkin5,0.2,7,10,random48_0,0.8,48,0.00638707213
obj_17_pumpkin5,0.2,7,10,random48_1,0.1,14,0.0878682193
obj_17_pumpkin5,0.2,7,10,random48_1,0.2,28,0.0561022437
obj_17_pumpkin5,0.2,7,10,random48_1,0.4,48,0.00638707213
obj_17_pumpkin5,0.2,7,10,random48_1,0.6,48,0.00638707213
obj_17_pumpkin5,0.2,7,10,random48_1,0.8,48,0.00638707213
obj_17_pumpkin5,0.2,7,10,random48_2,0.1,14,0.0328861365
obj_17_pumpkin5,0.2,7,10,random48_2,0.2,28,0.055828617
obj_17_pumpkin5,0.2,7,10,random48_2,0.4,48,0.00638707213
obj_17_pumpkin5,0.2,7,10,random48_2,0.6,48,0.00638707213
obj_17_pumpkin5,0.2,7,10,random48_2,0.8,48,0.00638707213
obj_17_pumpkin5,0.2,7,10,random48_3,0.1,14,0.039613877
obj_17_pumpkin5,0.2,7,10,random48_3,0.2,28,0.0499116859
obj_17_pumpkin5,0.2,7,10,random48_3,0.4,48,0.00638707213
obj_17_pumpkin5,0.2,7,10,random48_3,0.6,48,0.00638707213
obj_17_pumpkin5,0.2,7,10,random48_3,0.8,48,0.00638707213
obj_17_pumpkin5,0.2,7,10,random48_4,0.1,14,0.00541342027
obj_17_pumpkin5,0.2,7,10,random48_4,0.2,28,0.00436662721
obj_17_pumpkin5,0.2,7,10,random48_4,0.4,48,0.00638707213
obj_17_pumpkin5,0.2,7,10,random48_4,0.6,48,0.00638707213
obj_17_pumpkin5,0.2,7,10,random48_4,0.8,48,0.00638707213
obj_17_pumpkin5,0.2,7,100,random48_0,0.1,14,0.0389857928
obj_17_pumpkin5,0.2,7,100,random48_0,0.2,28,0.0177733128
obj_17_pumpkin5,0.2,7,100,random48_0,0.4,48,0.000654497745
obj_17_pumpkin5,0.2,7,100,random48_0,0.6,48,0.000654497745
obj_17_pumpkin5,0.2,7,100,random48_0,0.8,48,0.000654497745
obj_17_pumpkin5,0.2,7,100,random48_1,0.1,14,0.0753611656
obj_17_pumpkin5,0.2,7,100,random48_1,0.2,28,0.0365951651
obj_17_pumpkin5,0.2,7,100,random48_1,0.4,48,0.000654497745
obj_17_pumpkin5,0.2,7,100,random48_1,0.6,48,0.000654497745
obj_17_pumpkin5,0.2,7,100,random48_1,0.8,48,0.000654497745
obj_17_pumpkin5,0.2,7,100,random48_2,0.1,14,0.0274532463
obj_17_pumpkin5,0.2,7,100,random48_2,0.2,28,0.0274212193
obj_17_pumpkin5,0.2,7,100,random48_2,0.4,48,0.000654497745
obj_17_pumpkin5,0.2,7,100,random48_2,0.6,48,0.000654497745
obj_17_pumpkin5,0.2,7,100,random48_2,0.8,48,0.000654497745
obj_17_pumpkin5,0.2,7,100,random48_3,0.1,14,0.0789309567
obj_17_pumpkin5,0.2,7,100,random48_3,0.2,28,0.0387025299
obj_17_pumpkin5,0.2,7,100,random48_3,0.4,48,0.000654497745
obj_17_pumpkin5,0.2,7,100,random48_3,0.6,48,0.000654497745
obj_17_pumpkin5,0.2,7,100,random48_3,0.8,48,0.000654497745
obj_17_pumpkin5,0.2,7,100,random48_4,0.1,14,0.106180673
obj_17_pumpkin5,0.2,7,100,random48_4,0.2,28,0.104700868
obj_17_pumpkin5,0.2,7,100,random48_4,0.4,48,0.000654497745
obj_17_pumpkin5,0.2,7,100,random48_4,0.6,48,0.000654497745
obj_17_pumpkin5,0.2,7,100,random48_4,0.8,48,0.000654497745
obj_17_pumpkin5,0.2,8,10,random48_0,0.1,14,0.125103429
obj_17_pumpkin5,0.2,8,10,random48_0,0.2,28,0.0704754165
obj_17_pumpkin5,0.2,8,10,random48_0,0.4,48,0.0163957647
obj_17_pumpkin5,0.2,8,10,random48_0,0.6,48,0.0163957647
obj_17_pumpkin5,0.2,8,10,random48_0,0.8,48,0.0163957647
obj_17_pumpkin5,0.2,8,10,random48_1,0.1,14,0.130925623
obj_17_pumpkin5,0.2,8,10,random48_1,0.2,28,0.0426372699
obj_17_pumpkin5,0.2,8,10,random48_1,0.4,48,0.0163957647
obj_17_pumpkin5,0.2,8,10,random48_1,0.6,48,0.0163957647
obj_17_pumpkin5,0.2,8,10,random48_1,0.8,48,0.0163957647
obj_17_pumpkin5,0.2,8,10,random48_2,0.1,14,0.116384178
obj_17_pumpkin5,0.2,8,10,random48_2,0.2,28,0.0719722838
obj_17_pumpkin5,0.2,8,10,random48_2,0.4,48,0.0163957647
obj_17_pumpkin5,0.2,8,10,random48_2,0.6,48,0.0163957647
obj_17_pumpkin5,0.2,8,10,random48_2,0.8,48,0.0163957647
obj_17_pumpkin5,0.2,8,10,random48_3,0.1,14,0.121060214
obj_17_pumpkin5,0.2,8,10,random48_3,0.2,28,0.0717694918
obj_17_pumpkin5,0.2,8,10,random48_3,0.4,48,0.0163957647
obj_17_pumpkin5,0.2,8,10,random48_3,0.6,48,0.0163957647
obj_17_pumpkin5,0.2,8,10,random48_3,0.8,48,0.0163957647
obj_17_pumpkin5,0.2,8,10,random48_4,0.1,14,0.0648026425
obj_17_pumpkin5,0.2,8,10,random48_4,0.2,28,0.044076753
obj_17_pumpkin5,0.2,8,10,random48_4,0.4,48,0.0163957647
obj_17_pumpkin5,0.2,8,10,random48_4,0.6,48,0.0163957647
obj_17_pumpkin5,0.2,8,10,random48_4,0.8,48,0.0163957647
obj_17_pumpkin5,0.2,8,100,random48_0,0.1,14,0.0953326022
obj_17_pumpkin5,0.2,8,100,random48_0,0.2,28,0.0141748029
obj_17_pumpkin5,0.2,8,100,random48_0,0.4,48,0.0016138901
obj_17_pumpkin5,0.2,8,100,random48_0,0.6,48,0.0016138901
obj_17_pumpkin5,0.2,8,100,random48_0,0.8,48,0.0016138901
obj_17_pumpkin5,0.2,8,100,random48_1,0.1,14,0.0983010527
obj_17_pumpkin5,0.2,8,100,random48_1,0.2,28,0.0662909041
obj_17_pumpkin5,0.2,8,100,random48_1,0.4,48,0.0016138901
obj_17_pumpkin5,0.2,8,100,random48_1,0.6,48,0.0016138901
obj_17_pumpkin5,0.2,8,100,random48_1,0.8,48,0.0016138901
obj_17_pumpkin5,0.2,8,100,random48_2,0.1,14,0.0985239388
obj_17_pumpkin5,0.2,8,100,random48_2,0.2,28,0.0314976081
obj_17_pumpkin5,0.2,8,100,random48_2,0.4,48,0.0016138901
obj_17_pumpkin5,0.2,8,100,random48_2,0.6,48,0.0016138901
obj_17_pumpkin5,0.2,8,100,random48_2,0.8,48,0.0016138901
obj_17_pumpkin5,0.2,8,100,random48_3,0.1,14,0.119401337
obj_17_pumpkin5,0.2,8,100,random48_3,0.2,28,0.01799025
obj_17_pumpkin5,0.2,8,100,random48_3,0.4,48,0.0016138901
obj_17_pumpkin5,0.2,8,100,random48_3,0.6,48,0.0016138901
obj_17_pumpkin5,0.2,8,100,random48_3,0.8,48,0.0016138901
obj_17_pumpkin5,0.2,8,100,random48_4,0.1,14,0.0841839795
obj_17_pumpkin5,0.2,8,100,random48_4,0.2,28,0.0419354886
obj_17_pumpkin5,0.2,8,100,random48_4,0.4,48,0.0016138901
obj_17_pumpkin5,0.2,8,100,random48_4,0.6,48,0.0016138901
obj_17_pumpkin5,0.2,8,100,random48_4,0.8,48,0.0016138901
obj_17_pumpkin5,0.2,9,10,random48_0,0.1,14,0.00706266641
obj_17_pumpkin5,0.2,9,10,random48_0,0.2,28,0.0206783101
obj_17_pumpkin5,0.2,9,10,random48_0,0.4,48,0.00323648626
obj_17_pumpkin5,0.2,9,10,random48_0,0.6,48,0.00323648626
obj_17_pumpkin5,0.2,9,10,random48_0,0.8,48,0.00323648626
obj_17_pumpkin5,0.2,9,10,random48_1,0.1,14,0.0217381649
obj_17_pumpkin5,0.2,9,10,random48_1,0.2,28,0.0278647577
obj_17_pumpkin5,0.2,9,10,random48_1,0.4,48,0.00323648626
obj_17_pumpkin5,0.2,9,10,random48_1,0.6,48,0.00323648626
obj_17_pumpkin5,0.2,9,10,random48_1,0.8,48,0.00323648626
obj_17_pumpkin5,0.2,9,10,random48_2,0.1,14,0.0177805861
obj_17_pumpkin5,0.2,9,10,random48_2,0.2,28,0.0270587185
obj_17_pumpkin5,0.2,9,10,random48_2,0.4,48,0.00323648626
obj_17_pumpkin5,0.2,9,10,random48_2,0.6,48,0.00323648626
obj_17_pumpkin5,0.2,9,10,random48_2,0.8,48,0.00323648626
obj_17_pumpkin5,0.2,9,10,random48_3,0.1,14,0.00998002544
obj_17_pumpkin5,0.2,9,10,random48_3,0.2,28,0.01069403
obj_17_pumpkin5,0.2,9,10,random48_3,0.4,48,0.00323648626
obj_17_pumpkin5,0.2,9,10,random48_3,0.6,48,0.00323648626
obj_17_pumpkin5,0.2,9,10,random48_3,0.8,48,0.00323648626
obj_17_pumpkin5,0.2,9,10,random48_4,0.1,14,0.0125161158
obj_17_pumpkin5,0.2,9,10,random48_4,0.2,28,0.00469802351
obj_17_pumpkin5,0.2,9,10,random48_4,0.4,48,0.00323648626
obj_17_pumpkin5,0.2,9,10,random48_4,0.6,48,0.00323648626
obj_17_pumpkin5,0.2,9,10,random48_4,0.8,48,0.00323648626
obj_17_pumpkin5,0.2,9,100,random48_0,0.1,14,0.0198872967
obj_17_pumpkin5,0.2,9,100,random48_0,0.2,28,0.00275625072
obj_17_pumpkin5,0.2,9,100,random48_0,0.4,48,0.000346347818
obj_17_pumpkin5,0.2,9,100,random48_0,0.6,48,0.000346347818
obj_17_pumpkin5,0.2,9,100,random48_0,0.8,48,0.000346347818
obj_17_pumpkin5,0.2,9,100,random48_1,0.1,14,0.0560666797
obj_17_pumpkin5,0.2,9,100,random48_1,0.2,28,0.0463720153
obj_17_pumpkin5,0.2,9,100,random48_1,0.4,48,0.000346347818
obj_17_pumpkin5,0.2,9,100,random48_1,0.6,48,0.000346347818
obj_17_pumpkin5,0.2,9,100,random48_1,0.8,48,0.000346347818
obj_17_pumpkin5,0.2,9,100,random48_2,0.1,14,0.0219938528
obj_17_pumpkin5,0.2,9,100,random48_2,0.2,28,0.0058729021
obj_17_pumpkin5,0.2,9,100,random48_2,0.4,48,0.000346347818
obj_17_pumpkin5,0.2,9,100,random48_2,0.6,48,0.000346347818
obj_17_pumpkin5,0.2,9,100,random48_2,0.8,48,0.000346347818
obj_17_pumpkin5,0.2,9,100,random48_3,0.1,14,0.0186343599
obj_17_pumpkin5,0.2,9,100,random48_3,0.2,28,0.0150616647
obj_17_pumpkin5,0.2,9,100,random48_3,0.4,48,0.000346347818
obj_17_pumpkin5,0.2,9,100,random48_3,0.6,48,0.000346347818
obj_17_pumpkin5,0.2,9,100,random48_3,0.8,48,0.000346347818
obj_17_pumpkin5,0.2,9,100,random48_4,0.1,14,0.0273213771
obj_17_pumpkin5,0.2,9,100,random48_4,0.2,28,0.0389806374
obj_17_pumpkin5,0.2,9,100,random48_4,0.4,48,0.000346347818
obj_17_pumpkin5,0.2,9,100,random48_4,0.6,48,0.000346347818
obj_17_pumpkin5,0.2,9,100,random48_4,0.8,48,0.000346347818
obj_17_pumpkin5,0.5,0,10,random48_0,0.1,14,0.280884641
obj_17_pumpkin5,0.5,0,10,random48_0,0.2,28,0.0124100791
obj_17_pumpkin5,0.5,0,10,random48_0,0.4,48,0.030316367
obj_17_pumpkin5,0.5,0,10,random48_0,0.6,48,0.030316367
obj_17_pumpkin5,0.5,0,10,random48_0,0.8,48,0.030316367
obj_17_pumpkin5,0.5,0,10,random48_1,0.1,14,0.361165393
obj_17_pumpkin5,0.5,0,10,random48_1,0.2,28,0.0779069738
obj_17_pumpkin5,0.5,0,10,random48_1,0.4,48,0.030316367
obj_17_pumpkin5,0.5,0,10,random48_1,0.6,48,0.030316367
obj_17_pumpkin5,0.5,0,10,random48_1,0.8,48,0.030316367
obj_17_pumpkin5,0.5,0,10,random48_2,0.1,14,0.286593655
obj_17_pumpkin5,0.5,0,10,random48_2,0.2,28,0.044649078
obj_17_pumpkin5,0.5,0,10,random48_2,0.4,48,0.030316367
obj_17_pumpkin5,0.5,0,10,random48_2,0.6,48,0.030316367
obj_17_pumpkin5,0.5,0,10,random48_2,0.8,48,0.030316367
obj_17_pumpkin5,0.5,0,10,random48_3,0.1,14,0.0274065898
obj_17_pumpkin5,0.5,0,10,random48_3,0.2,28,0.212902564
obj_17_pumpkin5,0.5,0,10,random48_3,0.4,48,0.030316367
obj_17_pumpkin5,0.5,0,10,random48_3,0.6,48,0.030316367
obj_17_pumpkin5,0.5,0,10,random48_3,0.8,48,0.030316367
obj_17_pumpkin5,0.5,0,10,random48_4,0.1,14,0.0205123075
obj_17_pumpkin5,0.5,0,10,random48_4,0.2,28,0.104806857
obj_17_pumpkin5,0.5,0,10,random48_4,0.4,48,0.030316367
obj_17_pumpkin5,0.5,0,10,random48_4,0.6,48,0.030316367
obj_17_pumpkin5,0.5,0,10,random48_4,0.8,48,0.030316367
obj_17_pumpkin5,0.5,0,100,random48_0,0.1,14,0.0367425357
obj_17_pumpkin5,0.5,0,100,random48_0,0.2,28,0.101587334
obj_17_pumpkin5,0.5,0,100,random48_0,0.4,48,0.00282381191
obj_17_pumpkin5,0.5,0,100,random48_0,0.6,48,0.00282381191
obj_17_pumpkin5,0.5,0,100,random48_0,0.8,48,0.00282381191
obj_17_pumpkin5,0.5,0,100,random48_1,0.1,14,0.443953625
obj_17_pumpkin5,0.5,0,100,random48_1,0.2,28,0.197213167
obj_17_pumpkin5,0.5,0,100,random48_1,0.4,48,0.00282381191
obj_17_pumpkin5,0.5,0,100,random48_1,0.6,48,0.00282381191
obj_17_pumpkin5,0.5,0,100,random48_1,0.8,48,0.00282381191
obj_17_pumpkin5,0.5,0,100,random48_2,0.1,14,0.246752866
obj_17_pumpkin5,0.5,0,100,random48_2,0.2,28,0.234592292
obj_17_pumpkin5,0.5,0,100,random48_2,0.4,48,0.00282381191
obj_17_pumpkin5,0.5,0,100,random48_2,0.6,48,0.00282381191
obj_17_pumpkin5,0.5,0,100,random48_2,0.8,48,0.00282381191
obj_17_pumpkin5,0.5,0,100,random48_3,0.1,14,0.260545592
obj_17_pumpkin5,0.5,0,100,random48_3,0.2,28,0.105962781
obj_17_pumpkin5,0.5,0,100,random48_3,0.4,48,0.00282381191
obj_17_pumpkin5,0.5,0,100,random48_3,0.6,48,0.00282381191
obj_17_pumpkin5,0.5,0,100,random48_3,0.8,48,0.00282381191
obj_17_pumpkin5,0.5,0,100,random48_4,0.1,14,0.648973142
obj_17_pumpkin5,0.5,0,100,random48_4,0.2,28,0.00219287512
obj_17_pumpkin5,0.5,0,100,random48_4,0.4,48,0.00282381191
obj_17_pumpkin5,0.5,0,100,random48_4,0.6,48,0.00282381191
obj_17_pumpkin5,0.5,0,100,random48_4,0.8,48,0.00282381191
obj_17_pumpkin5,0.5,1,10,random48_0,0.1,14,0.267659339
obj_17_pumpkin5,0.5,1,10,random48_0,0.2,28,0.0502524279
obj_17_pumpkin5,0.5,1,10,random48_0,0.4,48,0.0182016781
obj_17_pumpkin5,0.5,1,10,random48_0,0.6,48,0.0182016781
obj_17_pumpkin5,0.5,1,10,random48_0,0.8,48,0.0182016781
obj_17_pumpkin5,0.5,1,10,random48_1,0.1,14,0.146852851
obj_17_pumpkin5,0.5,1,10,random48_1,0.2,28,0.0189101515
obj_17_pumpkin5,0.5,1,10,random48_1,0.4,48,0.0182016781
obj_17_pumpkin5,0.5,1,10,random48_1,0.6,48,0.0182016781
obj_17_pumpkin5,0.5,1,10,random48_1,0.8,48,0.0182016781
obj_17_pumpkin5,0.5,1,10,random48_2,0.1,14,0.217616672
obj_17_pumpkin5,0.5,1,10,random48_2,0.2,28,0.0651531612
obj_17_pumpkin5,0.5,1,10,random48_2,0.4,48,0.0182016781
obj_17_pumpkin5,0.5,1,10,random48_2,0.6,48,0.0182016781
obj_17_pumpkin5,0.5,1,10,random48_2,0.8,48,0.0182016781
obj_17_pumpkin5,0.5,1,10,random48_3,0.1,14,0.0364548219
obj_17_pumpkin5,0.5,1,10,random48_3,0.2,28,0.0730507436
obj_17_pumpkin5,0.5,1,10,random48_3,0.4,48,0.0182016781
obj_17_pumpkin5,0.5,1,10,random48_3,0.6,48,0.0182016781
obj_17_pumpkin5,0.5,1,10,random48_3,0.8,48,0.0182016781
obj_17_pumpkin5,0.5,1,10,random48_4,0.1,14,0.0184553105
obj_17_pumpkin5,0.5,1,10,random48_4,0.2,28,0.0249816983
obj_17_pumpkin5,0.5,1,10,random48_4,0.4,48,0.0182016781
obj_17_pumpkin5,0.5,1,10,random48_4,0.6,48,0.0182016781
obj_17_pumpkin5,0.5,1,10,random48_4,0.8,48,0.0182016781
obj_17_pumpkin5,0.5,1,100,random48_0,0.1,14,0.0438004008
obj_17_pumpkin5,0.5,1,100,random48_0,0.2,28,0.0538112332
obj_17_pumpkin5,0.5,1,100,random48_0,0.4,48,0.00184484157
obj_17_pumpkin5,0.5,1,100,random48_0,0.6,48,0.00184484157
obj_17_pumpkin5,0.5,1,100,random48_0,0.8,48,0.00184484157
obj_17_pumpkin5,0.5,1,100,random48_1,0.1,14,0.113727024
obj_17_pumpkin5,0.5,1,100,random48_1,0.2,28,0.0561379522
obj_17_pumpkin5,0.5,1,100,random48_1,0.4,48,0.00184484157
obj_17_pumpkin5,0.5,1,100,random48_1,0.6,48,0.00184484157
obj_17_pumpkin5,0.5,1,100,random48_1,0.8,48,0.00184484157
obj_17_pumpkin5,0.5,1,100,random48_2,0.1,14,0.170483335
obj_17_pumpkin5,0.5,1,100,random48_2,0.2,28,0.010356127
obj_17_pumpkin5,0.5,1,100,random48_2,0.4,48,0.00184484157
obj_17_pumpkin5,0.5,1,100,random48_2,0.6,48,0.00184484157
obj_17_pumpkin5,0.5,1,100,random48_2,0.8,48,0.00184484157
obj_17_pumpkin5,0.5,1,100,random48_3,0.1,14,0.273061878
obj_17_pumpkin5,0.5,1,100,random48_3,0.2,28,0.219154353
obj_17_pumpkin5,0.5,1,100,random48_3,0.4,48,0.00184484157
obj_17_pumpkin5,0.5,1,100,random48_3,0.6,48,0.00184484157
obj_17_pumpkin5,0.5,1,100,random48_3,0.8,48,0.00184484157
obj_17_pumpkin5,0.5,1,100,random48_4,0.1,14,0.156189226
obj_17_pumpkin5,0.5,1,100,random48_4,0.2,28,0.147998835
obj_17_pumpkin5,0.5,1,100,random48_4,0.4,48,0.00184484157
obj_17_pumpkin5,0.5,1,100,random48_4,0.6,48,0.00184484157
obj_17_pumpkin5,0.5,1,100,random48_4,0.8,48,0.00184484157
obj_17_pumpkin5,0.5,2,10,random48_0,0.1,14,0.0827375942
obj_17_pumpkin5,0.5,2,10,random48_0,0.2,28,0.245034785
obj_17_pumpkin5,0.5,2,10,random48_0,0.4,48,0.0155589612
obj_17_pumpkin5,0.5,2,10,random48_0,0.6,48,0.0155589612
obj_17_pumpkin5,0.5,2,10,random48_0,0.8,48,0.0155589612
obj_17_pumpkin5,0.5,2,10,random48_1,0.1,14,0.099374901
obj_17_pumpkin5,0.5,2,10,random48_1,0.2,28,0.0527058797
obj_17_pumpkin5,0.5,2,10,random48_1,0.4,48,0.0155589612
obj_17_pumpkin5,0.5,2,10,random48_1,0.6,48,0.0155589612
obj_17_pumpkin5,0.5,2,10,random48_1,0.8,48,0.0155589612
obj_17_pumpkin5,0.5,2,10,random48_2,0.1,14,0.230319575
obj_17_pumpkin5,0.5,2,10,random48_2,0.2,28,0.245839886
obj_17_pumpkin5,0.5,2,10,random48_2,0.4,48,0.0155589612
obj_17_pumpkin5,0.5,2,10,random48_2,0.6,48,0.0155589612
obj_17_pumpkin5,0.5,2,10,random48_2,0.8,48,0.0155589612
obj_17_pumpkin5,0.5,2,10,random48_3,0.1,14,0.0381237859
obj_17_pumpkin5,0.5,2,10,random48_3,0.2,28,0.0309106468
obj_17_pumpkin5,0.5,2,10,random48_3,0.4,48,0.0155589612
obj_17_pumpkin5,0.5,2,10,random48_3,0.6,48,0.0155589612
obj_17_pumpkin5,0.5,2,10,random48_3,0.8,48,0.0155589612
obj_17_pumpkin5,0.5,2,10,random48_4,0.1,14,0.160469368
obj_17_pumpkin5,0.5,2,10,random48_4,0.2,28,0.329952986
obj_17_pumpkin5,0.5,2,10,random48_4,0.4,48,0.0155589612
obj_17_pumpkin5,0.5,2,10,random48_4,0.6,48,0.0155589612
obj_17_pumpkin5,0.5,2,10,random48_4,0.8,48,0.0155589612
obj_17_pumpkin5,0.5,2,100,random48_0,0.1,14,0.0963272239
obj_17_pumpkin5,0.5,2,100,random48_0,0.2,28,0.435427473
obj_17_pumpkin5,0.5,2,100,random48_0,0.4,48,0.00138816452
obj_17_pumpkin5,0.5,2,100,random48_0,0.6,48,0.00138816452
obj_17_pumpkin5,0.5,2,100,random48_0,0.8,48,0.00138816452
obj_17_pumpkin5,0.5,2,100,random48_1,0.1,14,0.327657335
obj_17_pumpkin5,0.5,2,100,random48_1,0.2,28,0.140130913
obj_17_pumpkin5,0.5,2,100,random48_1,0.4,48,0.00138816452
obj_17_pumpkin5,0.5,2,100,random48_1,0.6,48,0.00138816452
obj_17_pumpkin5,0.5,2,100,random48_1,0.8,48,0.00138816452
obj_17_pumpkin5,0.5,2,100,random48_2,0.1,14,0.246558326
obj_17_pumpkin5,0.5,2,100,random48_2,0.2,28,0.479656457
obj_17_pumpkin5,0.5,2,100,random48_2,0.4,48,0.00138816452
obj_17_pumpkin5,0.5,2,100,random48_2,0.6,48,0.00138816452
obj_17_pumpkin5,0.5,2,100,random48_2,0.8,48,0.00138816452
obj_17_pumpkin5,0.5,2,100,random48_3,0.1,14,0.15189848
obj_17_pumpkin5,0.5,2,100,random48_3,0.2,28,0.5307491
obj_17_pumpkin5,0.5,2,100,random48_3,0.4,48,0.00138816452
obj_17_pumpkin5,0.5,2,100,random48_3,0.6,48,0.00138816452
obj_17_pumpkin5,0.5,2,100,random48_3,0.8,48,0.00138816452
obj_17_pumpkin5,0.5,2,100,random48_4,0.1,14,0.18940109
obj_17_pumpkin5,0.5,2,100,random48_4,0.2,28,0.176593087
obj_17_pumpkin5,0.5,2,100,random48_4,0.4,48,0.00138816452
obj_17_pumpkin5,0.5,2,100,random48_4,0.6,48,0.00138816452
obj_17_pumpkin5,0.5,2,100,random48_4,0.8,48,0.00138816452
obj_17_pumpkin5,0.5,3,10,random48_0,0.1,14,0.140528956
obj_17_pumpkin5,0.5,3,10,random48_0,0.2,28,0.283448313
obj_17_pumpkin5,0.5,3,10,random48_0,0.4,48,0.0518990298
obj_17_pumpkin5,0.5,3,10,random48_0,0.6,48,0.0518990298
obj_17_pumpkin5,0.5,3,10,random48_0,0.8,48,0.0518990298
obj_17_pumpkin5,0.5,3,10,random48_1,0.1,14,0.572862841
obj_17_pumpkin5,0.5,3,10,random48_1,0.2,28,0.662496728
obj_17_pumpkin5,0.5,3,10,random48_1,0.4,48,0.0518990298
obj_17_pumpkin5,0.5,3,10,random48_1,0.6,48,0.0518990298
obj_17_pumpkin5,0.5,3,10,random48_1,0.8,48,0.0518990298
obj_17_pumpkin5,0.5,3,10,random48_2,0.1,14,0.446616124
obj_17_pumpkin5,0.5,3,10,random48_2,0.2,28,0.562942815
obj_17_pumpkin5,0.5,3,10,random48_2,0.4,48,0.0518990298
obj_17_pumpkin5,0.5,3,10,random48_2,0.6,48,0.0518990298
obj_17_pumpkin5,0.5,3,10,random48_2,0.8,48,0.0518990298
obj_17_pumpkin5,0.5,3,10,random48_3,0.1,14,0.309415518
obj_17_pumpkin5,0.5,3,10,random48_3,0.2,28,0.445917072
obj_17_pumpkin5,0.5,3,10,random48_3,0.4,48,0.0518990298
obj_17_pumpkin5,0.5,3,10,random48_3,0.6,48,0.0518990298
obj_17_pumpkin5,0.5,3,10,random48_3,0.8,48,0.0518990298
obj_17_pumpkin5,0.5,3,10,random48_4,0.1,14,0.075292391
obj_17_pumpkin5,0.5,3,10,random48_4,0.2,28,0.0653568852
obj_17_pumpkin5,0.5,3,10,random48_4,0.4,48,0.0518990298
obj_17_pumpkin5,0.5,3,10,random48_4,0.6,48,0.0518990298
obj_17_pumpkin5,0.5,3,10,random48_4,0.8,48,0.0518990298
obj_17_pumpkin5,0.5,3,100,random48_0,0.1,14,0.497721542
obj_17_pumpkin5,0.5,3,100,random48_0,0.2,28,0.442161037
obj_17_pumpkin5,0.5,3,100,random48_0,0.4,48,0.0052444046
obj_17_pumpkin5,0.5,3,100,random48_0,0.6,48,0.0052444046
obj_17_pumpkin5,0.5,3,100,random48_0,0.8,48,0.0052444046
obj_17_pumpkin5,0.5,3,100,random48_1,0.1,14,0.417779743
obj_17_pumpkin5,0.5,3,100,random48_1,0.2,28,0.340551205
obj_17_pumpkin5,0.5,3,100,random48_1,0.4,48,0.0052444046
obj_17_pumpkin5,0.5,3,100,random48_1,0.6,48,0.0052444046
obj_17_pumpkin5,0.5,3,100,random48_1,0.8,48,0.0052444046
obj_17_pumpkin5,0.5,3,100,random48_2,0.1,14,0.481169428
obj_17_pumpkin5,0.5,3,100,random48_2,0.2,28,0.575883491
obj_17_pumpkin5,0.5,3,100,random48_2,0.4,48,0.0052444046
obj_17_pumpkin5,0.5,3,100,random48_2,0.6,48,0.0052444046
obj_17_pumpkin5,0.5,3,100,random48_2,0.8,48,0.0052444046
obj_17_pumpkin5,0.5,3,100,random48_3,0.1,14,0.364505252
obj_17_pumpkin5,0.5,3,100,random48_3,0.2,28,0.114909084
obj_17_pumpkin5,0.5,3,100,random48_3,0.4,48,0.0052444046
obj_17_pumpkin5,0.5,3,100,random48_3,0.6,48,0.0052444046
obj_17_pumpkin5,0.5,3,100,random48_3,0.8,48,0.0052444046
obj_17_pumpkin5,0.5,3,100,random48_4,0.1,14,0.340412707
obj_17_pumpkin5,0.5,3,100,random48_4,0.2,28,0.230382459
obj_17_pumpkin5,0.5,3,100,random48_4,0.4,48,0.0052444046
obj_17_pumpkin5,0.5,3,100,random48_4,0.6,48,0.0052444046
obj_17_pumpkin5,0.5,3,100,random48_4,0.8,48,0.0052444046
obj_17_pumpkin5,0.5,4,10,random48_0,0.1,14,0.151006478
obj_17_pumpkin5,0.5,4,10,random48_0,0.2,28,0.089502546
obj_17_pumpkin5,0.5,4,10,random48_0,0.4,48,0.00973528359
obj_17_pumpkin5,0.5,4,10,random48_0,0.6,48,0.00973528359
obj_17_pumpkin5,0.5,4,10,random48_0,0.8,48,0.00973528359
obj_17_pumpkin5,0.5,4,10,random48_1,0.1,14,0.014111326
obj_17_pumpkin5,0.5,4,10,random48_1,0.2,28,0.0839080666
obj_17_pumpkin5,0.5,4,10,random48_1,0.4,48,0.00973528359
obj_17_pumpkin5,0.5,4,10,random48_1,0.6,48,0.00973528359
obj_17_pumpkin5,0.5,4,10,random48_1,0.8,48,0.00973528359
obj_17_pumpkin5,0.5,4,10,random48_2,0.1,14,0.0647988363
obj_17_pumpkin5,0.5,4,10,random48_2,0.2,28,0.0584592961
obj_17_pumpkin5,0.5,4,10,random48_2,0.4,48,0.00973528359
obj_17_pumpkin5,0.5,4,10,random48_2,0.6,48,0.00973528359
obj_17_pumpkin5,0.5,4,10,random48_2,0.8,48,0.00973528359
obj_17_pumpkin5,0.5,4,10,random48_3,0.1,14,0.121974731
obj_17_pumpkin5,0.5,4,10,random48_3,0.2,28,0.0312137815
obj_17_pumpkin5,0.5,4,10,random48_3,0.4,48,0.00973528359
obj_17_pumpkin5,0.5,4,10,random48_3,0.6,48,0.00973528359
obj_17_pumpkin5,0.5,4,10,random48_3,0.8,48,0.00973528359
obj_17_pumpkin5,0.5,4,10,random48_4,0.1,14,0.0764530407
obj_17_pumpkin5,0.5,4,10,random48_4,0.2,28,0.0729031512
obj_17_pumpkin5,0.5,4,10,random48_4,0.4,48,0.00973528359
obj_17_pumpkin5,0.5,4,10,random48_4,0.6,48,0.00973528359
obj_17_pumpkin5,0.5,4,10,random48_4,0.8,48,0.00973528359
obj_17_pumpkin5,0.5,4,100,random48_0,0.1,14,0.111495106
obj_17_pumpkin5,0.5,4,100,random48_0,0.2,28,0.147507862
obj_17_pumpkin5,0.5,4,100,random48_0,0.4,48,0.00107214367
obj_17_pumpkin5,0.5,4,100,random48_0,0.6,48,0.00107214367
obj_17_pumpkin5,0.5,4,100,random48_0,0.8,48,0.00107214367
obj_17_pumpkin5,0.5,4,100,random48_1,0.1,14,0.243881204
obj_17_pumpkin5,0.5,4,100,random48_1,0.2,28,0.30393921
obj_17_pumpkin5,0.5,4,100,random48_1,0.4,48,0.00107214367
obj_17_pumpkin5,0.5,4,100,random48_1,0.6,48,0.00107214367
obj_17_pumpkin5,0.5,4,100,random48_1,0.8,48,0.00107214367
obj_17_pumpkin5,0.5,4,100,random48_2,0.1,14,0.320846849
obj_17_pumpkin5,0.5,4,100,random48_2,0.2,28,0.0717059826
obj_17_pumpkin5,0.5,4,100,random48_2,0.4,48,0.00107214367
obj_17_pumpkin5,0.5,4,100,random48_2,0.6,48,0.00107214367
obj_17_pumpkin5,0.5,4,100,random48_2,0.8,48,0.00107214367
obj_17_pumpkin5,0.5,4,100,random48_3,0.1,14,0.0358101759
obj_17_pumpkin5,0.5,4,100,random48_3,0.2,28,0.0627557411
obj_17_pumpkin5,0.5,4,100,random48_3,0.4,48,0.00107214367
obj_17_pumpkin5,0.5,4,100,random48_3,0.6,48,0.00107214367
obj_17_pumpkin5,0.5,4,100,random48_3,0.8,48,0.00107214367
obj_17_pumpkin5,0.5,4,100,random48_4,0.1,14,0.34600615
obj_17_pumpkin5,0.5,4,100,random48_4,0.2,28,0.0204759597
obj_17_pumpkin5,0.5,4,100,random48_4,0.4,48,0.00107214367
obj_17_pumpkin5,0.5,4,100,random48_4,0.6,48,0.00107214367
obj_17_pumpkin5,0.5,4,100,random48_4,0.8,48,0.00107214367
obj_17_pumpkin5,0.5,5,10,random48_0,0.1,14,0.0621149838
obj_17_pumpkin5,0.5,5,10,random48_0,0.2,28,0.0432185051
obj_17_pumpkin5,0.5,5,10,random48_0,0.4,48,0.00388507962
obj_17_pumpkin5,0.5,5,10,random48_0,0.6,48,0.00388507962
obj_17_pumpkin5,0.5,5,10,random48_0,0.8,48,0.00388507962
obj_17_pumpkin5,0.5,5,10,random48_1,0.1,14,0.0794293741
obj_17_pumpkin5,0.5,5,10,random48_1,0.2,28,0.0714956049
obj_17_pumpkin5,0.5,5,10,random48_1,0.4,48,0.00388507962
obj_17_pumpkin5,0.5,5,10,random48_1,0.6,48,0.00388507962
obj_17_pumpkin5,0.5,5,10,random48_1,0.8,48,0.00388507962
obj_17_pumpkin5,0.5,5,10,random48_2,0.1,14,0.0834685891
obj_17_pumpkin5,0.5,5,10,random48_2,0.2,28,0.154779167
obj_17_pumpkin5,0.5,5,10,random48_2,0.4,48,0.00388507962
obj_17_pumpkin5,0.5,5,10,random48_2,0.6,48,0.00388507962
obj_17_pumpkin5,0.5,5,10,random48_2,0.8,48,0.00388507962
obj_17_pumpkin5,0.5,5,10,random48_3,0.1,14,0.0959824662
obj_17_pumpkin5,0.5,5,10,random48_3,0.2,28,0.00424444906
obj_17_pumpkin5,0.5,5,10,random48_3,0.4,48,0.00388507962
obj_17_pumpkin5,0.5,5,10,random48_3,0.6,48,0.00388507962
obj_17_pumpkin5,0.5,5,10,random48_3,0.8,48,0.00388507962
obj_17_pumpkin5,0.5,5,10,random48_4,0.1,14,0.111419653
obj_17_pumpkin5,0.5,5,10,random48_4,0.2,28,0.110643877
obj_17_pumpkin5,0.5,5,10,random48_4,0.4,48,0.00388507962
obj_17_pumpkin5,0.5,5,10,random48_4,0.6,48,0.00388507962
obj_17_pumpkin5,0.5,5,10,random48_4,0.8,48,0.00388507962
obj_17_pumpkin5,0.5,5,100,random48_0,0.1,14,0.0475567829
obj_17_pumpkin5,0.5,5,100,random48_0,0.2,28,0.140411596
obj_17_pumpkin5,0.5,5,100,random48_0,0.4,48,0.000298680863
obj_17_pumpkin5,0.5,5,100,random48_0,0.6,48,0.000298680863
obj_17_pumpkin5,0.5,5,100,random48_0,0.8,48,0.000298680863
obj_17_pumpkin5,0.5,5,100,random48_1,0.1,14,0.0868534113
obj_17_pumpkin5,0.5,5,100,random48_1,0.2,28,0.0790506211
obj_17_pumpkin5,0.5,5,100,random48_1,0.4,48,0.000298680863
obj_17_pumpkin5,0.5,5,100,random48_1,0.6,48,0.000298680863
obj_17_pumpkin5,0.5,5,100,random48_1,0.8,48,0.000298680863
obj_17_pumpkin5,0.5,5,100,random48_2,0.1,14,0.0679714604
obj_17_pumpkin5,0.5,5,100,random48_2,0.2,28,0.0624302714
obj_17_pumpkin5,0.5,5,100,random48_2,0.4,48,0.000298680863
obj_17_pumpkin5,0.5,5,100,random48_2,0.6,48,0.000298680863
obj_17_pumpkin5,0.5,5,100,random48_2,0.8,48,0.000298680863
obj_17_pumpkin5,0.5,5,100,random48_3,0.1,14,0.0550753838
obj_17_pumpkin5,0.5,5,100,random48_3,0.2,28,0.0214020942
obj_17_pumpkin5,0.5,5,100,random48_3,0.4,48,0.000298680863
obj_17_pumpkin5,0.5,5,100,random48_3,0.6,48,0.000298680863
obj_17_pumpkin5,0.5,5,100,random48_3,0.8,48,0.000298680863
obj_17_pumpkin5,0.5,5,100,random48_4,0.1,14,0.111590063
obj_17_pumpkin5,0.5,5,100,random48_4,0.2,28,0.153729121
obj_17_pumpkin5,0.5,5,100,random48_4,0.4,48,0.000298680863
obj_17_pumpkin5,0.5,5,100,random48_4,0.6,48,0.000298680863
obj_17_pumpkin5,0.5,5,100,random48_4,0.8,48,0.000298680863
obj_17_pumpkin5,0.5,6,10,random48_0,0.1,14,0.124677069
obj_17_pumpkin5,0.5,6,10,random48_0,0.2,28,0.0982087841
obj_17_pumpkin5,0.5,6,10,random48_0,0.4,48,0.00724244174
obj_17_pumpkin5,0.5,6,10,random48_0,0.6,48,0.00724244174
obj_17_pumpkin5,0.5,6,10,random48_0,0.8,48,0.00724244174
obj_17_pumpkin5,0.5,6,10,random48_1,0.1,14,0.0538248582
obj_17_pumpkin5,0.5,6,10,random48_1,0.2,28,0.0135104343
obj_17_pumpkin5,0.5,6,10,random48_1,0.4,48,0.00724244174
obj_17_pumpkin5,0.5,6,10,random48_1,0.6,48,0.00724244174
obj_17_pumpkin5,0.5,6,10,random48_1,0.8,48,0.00724244174
obj_17_pumpkin5,0.5,6,10,random48_2,0.1,14,0.0945194467
obj_17_pumpkin5,0.5,6,10,random48_2,0.2,28,0.0215051485
obj_17_pumpkin5,0.5,6,10,random48_2,0.4,48,0.00724244174
obj_17_pumpkin5,0.5,6,10,random48_2,0.6,48,0.00724244174
obj_17_pumpkin5,0.5,6,10,random48_2,0.8,48,0.00724244174
obj_17_pumpkin5,0.5,6,10,random48_3,0.1,14,0.0902789594
obj_17_pumpkin5,0.5,6,10,random48_3,0.2,28,0.0385440854
obj_17_pumpkin5,0.5,6,10,random48_3,0.4,48,0.00724244174
obj_17_pumpkin5,0.5,6,10,random48_3,0.6,48,0.00724244174
obj_17_pumpkin5,0.5,6,10,random48_3,0.8,48,0.00724244174
obj_17_pumpkin5,0.5,6,10,random48_4,0.1,14,0.0702571747
obj_17_pumpkin5,0.5,6,10,random48_4,0.2,28,0.103978657
obj_17_pumpkin5,0.5,6,10,random48_4,0.4,48,0.00724244174
obj_17_pumpkin5,0.5,6,10,random48_4,0.6,48,0.00724244174
obj_17_pumpkin5,0.5,6,10,random48_4,0.8,48,0.00724244174
obj_17_pumpkin5,0.5,6,100,random48_0,0.1,14,0.0416433326
obj_17_pumpkin5,0.5,6,100,random48_0,0.2,28,0.0676330383
obj_17_pumpkin5,0.5,6,100,random48_0,0.4,48,0.000928432175
obj_17_pumpkin5,0.5,6,100,random48_0,0.6,48,0.000928432175
obj_17_pumpkin5,0.5,6,100,random48_0,0.8,48,0.000928432175
obj_17_pumpkin5,0.5,6,100,random48_1,0.1,14,0.046931826
obj_17_pumpkin5,0.5,6,100,random48_1,0.2,28,0.141579184
obj_17_pumpkin5,0.5,6,100,random48_1,0.4,48,0.000928432175
obj_17_pumpkin5,0.5,6,100,random48_1,0.6,48,0.000928432175
obj_17_pumpkin5,0.5,6,100,random48_1,0.8,48,0.000928432175
obj_17_pumpkin5,0.5,6,100,random48_2,0.1,14,0.0820631169
obj_17_pumpkin5,0.5,6,100,random48_2,0.2,28,0.0911165366
obj_17_pumpkin5,0.5,6,100,random48_2,0.4,48,0.000928432175
obj_17_pumpkin5,0.5,6,100,random48_2,0.6,48,0.000928432175
obj_17_pumpkin5,0.5,6,100,random48_2,0.8,48,0.000928432175
obj_17_pumpkin5,0.5,6,100,random48_3,0.1,14,0.0531998401
obj_17_pumpkin5,0.5,6,100,random48_3,0.2,28,0.0220331349
obj_17_pumpkin5,0.5,6,100,random48_3,0.4,48,0.000928432175
obj_17_pumpkin5,0.5,6,100,random48_3,0.6,48,0.000928432175
obj_17_pumpkin5,0.5,6,100,random48_3,0.8,48,0.000928432175
obj_17_pumpkin5,0.5,6,100,random48_4,0.1,14,0.106744756
obj_17_pumpkin5,0.5,6,100,random48_4,0.2,28,0.127692854
obj_17_pumpkin5,0.5,6,100,random48_4,0.4,48,0.000928432175
obj_17_pumpkin5,0.5,6,100,random48_4,0.6,48,0.000928432175
obj_17_pumpkin5,0.5,6,100,random48_4,0.8,48,0.000928432175
obj_17_pumpkin5,0.5,7,10,random48_0,0.1,14,0.303587088
obj_17_pumpkin5,0.5,7,10,random48_0,0.2,28,0.414351332
obj_17_pumpkin5,0.5,7,10,random48_0,0.4,48,0.0418989319
obj_17_pumpkin5,0.5,7,10,random48_0,0.6,48,0.0418989319
obj_17_pumpkin5,0.5,7,10,random48_0,0.8,48,0.0418989319
obj_17_pumpkin5,0.5,7,10,random48_1,0.1,14,0.42858214
obj_17_pumpkin5,0.5,7,10,random48_1,0.2,28,0.394763739
obj_17_pumpkin5,0.5,7,10,random48_1,0.4,48,0.0418989319
obj_17_pumpkin5,0.5,7,10,random48_1,0.6,48,0.0418989319
obj_17_pumpkin5,0.5,7,10,random48_1,0.8,48,0.0418989319
obj_17_pumpkin5,0.5,7,10,random48_2,0.1,14,0.233400626
obj_17_pumpkin5,0.5,7,10,random48_2,0.2,28,0.244281725
obj_17_pumpkin5,0.5,7,10,random48_2,0.4,48,0.0418989319
obj_17_pumpkin5,0.5,7,10,random48_2,0.6,48,0.0418989319
obj_17_pumpkin5,0.5,7,10,random48_2,0.8,48,0.0418989319
obj_17_pumpkin5,0.5,7,10,random48_3,0.1,14,0.470924617
obj_17_pumpkin5,0.5,7,10,random48_3,0.2,28,0.454635503
obj_17_pumpkin5,0.5,7,10,random48_3,0.4,48,0.0418989319
obj_17_pumpkin5,0.5,7,10,random48_3,0.6,48,0.0418989319
obj_17_pumpkin5,0.5,7,10,random48_3,0.8,48,0.0418989319
obj_17_pumpkin5,0.5,7,10,random48_4,0.1,14,0.173361892
obj_17_pumpkin5,0.5,7,10,random48_4,0.2,28,0.427172269
obj_17_pumpkin5,0.5,7,10,random48_4,0.4,48,0.0418989319
obj_17_pumpkin5,0.5,7,10,random48_4,0.6,48,0.0418989319
obj_17_pumpkin5,0.5,7,10,random48_4,0.8,48,0.0418989319
obj_17_pumpkin5,0.5,7,100,random48_0,0.1,14,0.63952907
obj_17_pumpkin5,0.5,7,100,random48_0,0.2,28,0.548926654
obj_17_pumpkin5,0.5,7,100,random48_0,0.4,48,0.00411041256
obj_17_pumpkin5,0.5,7,100,random48_0,0.6,48,0.00411041256
obj_17_pumpkin5,0.5,7,100,random48_0,0.8,48,0.00411041256
obj_17_pumpkin5,0.5,7,100,random48_1,0.1,14,0.422320728
obj_17_pumpkin5,0.5,7,100,random48_1,0.2,28,0.783765176
obj_17_pumpkin5,0.5,7,100,random48_1,0.4,48,0.00411041256
obj_17_pumpkin5,0.5,7,100,random48_1,0.6,48,0.00411041256
obj_17_pumpkin5,0.5,7,100,random48_1,0.8,48,0.00411041256
obj_17_pumpkin5,0.5,7,100,random48_2,0.1,14,0.455672247
obj_17_pumpkin5,0.5,7,100,random48_2,0.2,28,0.164530224
obj_17_pumpkin5,0.5,7,100,random48_2,0.4,48,0.00411041256
obj_17_pumpkin5,0.5,7,100,random48_2,0.6,48,0.00411041256
obj_17_pumpkin5,0.5,7,100,random48_2,0.8,48,0.00411041256
obj_17_pumpkin5,0.5,7,100,random48_3,0.1,14,0.656335892
obj_17_pumpkin5,0.5,7,100,random48_3,0.2,28,0.0765610164
obj_17_pumpkin5,0.5,7,100,random48_3,0.4,48,0.00411041256
obj_17_pumpkin5,0.5,7,100,random48_3,0.6,48,0.00411041256
obj_17_pumpkin5,0.5,7,100,random48_3,0.8,48,0.00411041256
obj_17_pumpkin5,0.5,7,100,random48_4,0.1,14,0.193506327
obj_17_pumpkin5,0.5,7,100,random48_4,0.2,28,0.310565613
obj_17_pumpkin5,0.5,7,100,random48_4,0.4,48,0.00411041256
obj_17_pumpkin5,0.5,7,100,random48_4,0.6,48,0.00411041256
obj_17_pumpkin5,0.5,7,100,random48_4,0.8,48,0.00411041256
obj_17_pumpkin5,0.5,8,10,random48_0,0.1,14,0.608787016
obj_17_pumpkin5,0.5,8,10,random48_0,0.2,28,0.0320597297
obj_17_pumpkin5,0.5,8,10,random48_0,0.4,48,0.0418804929
obj_17_pumpkin5,0.5,8,10,random48_0,0.6,48,0.0418804929
obj_17_pumpkin5,0.5,8,10,random48_0,0.8,48,0.0418804929
obj_17_pumpkin5,0.5,8,10,random48_1,0.1,14,0.333511792
obj_17_pumpkin5,0.5,8,10,random48_1,0.2,28,0.0417446495
obj_17_pumpkin5,0.5,8,10,random48_1,0.4,48,0.0418804929
obj_17_pumpkin5,0.5,8,10,random48_1,0.6,48,0.0418804929
obj_17_pumpkin5,0.5,8,10,random48_1,0.8,48,0.0418804929
obj_17_pumpkin5,0.5,8,10,random48_2,0.1,14,0.590398263
obj_17_pumpkin5,0.5,8,10,random48_2,0.2,28,0.025784227
obj_17_pumpkin5,0.5,8,10,random48_2,0.4,48,0.0418804929
obj_17_pumpkin5,0.5,8,10,random48_2,0.6,48,0.0418804929
obj_17_pumpkin5,0.5,8,10,random48_2,0.8,48,0.0418804929
obj_17_pumpkin5,0.5,8,10,random48_3,0.1,14,0.248119542
obj_17_pumpkin5,0.5,8,10,random48_3,0.2,28,0.264633748
obj_17_pumpkin5,0.5,8,10,random48_3,0.4,48,0.0418804929
obj_17_pumpkin5,0.5,8,10,random48_3,0.6,48,0.0418804929
obj_17_pumpkin5,0.5,8,10,random48_3,0.8,48,0.0418804929
obj_17_pumpkin5,0.5,8,10,random48_4,0.1,14,0.370930017
obj_17_pumpkin5,0.5,8,10,random48_4,0.2,28,0.0118641433
obj_17_pumpkin5,0.5,8,10,random48_4,0.4,48,0.0418804929
obj_17_pumpkin5,0.5,8,10,random48_4,0.6,48,0.0418804929
obj_17_pumpkin5,0.5,8,10,random48_4,0.8,48,0.0418804929
obj_17_pumpkin5,0.5,8,100,random48_0,0.1,14,0.257433885
obj_17_pumpkin5,0.5,8,100,random48_0,0.2,28,0.260409485
obj_17_pumpkin5,0.5,8,100,random48_0,0.4,48,0.00355168891
obj_17_pumpkin5,0.5,8,100,random48_0,0.6,48,0.00355168891
obj_17_pumpkin5,0.5,8,100,random48_0,0.8,48,0.00355168891
obj_17_pumpkin5,0.5,8,100,random48_1,0.1,14,0.496989972
obj_17_pumpkin5,0.5,8,100,random48_1,0.2,28,0.485200087
obj_17_pumpkin5,0.5,8,100,random48_1,0.4,48,0.00355168891
obj_17_pumpkin5,0.5,8,100,random48_1,0.6,48,0.00355168891
obj_17_pumpkin5,0.5,8,100,random48_1,0.8,48,0.00355168891
obj_17_pumpkin5,0.5,8,100,random48_2,0.1,14,0.763011652
obj_17_pumpkin5,0.5,8,100,random48_2,0.2,28,0.287586502
obj_17_pumpkin5,0.5,8,100,random48_2,0.4,48,0.00355168891
obj_17_pumpkin5,0.5,8,100,random48_2,0.6,48,0.00355168891
obj_17_pumpkin5,0.5,8,100,random48_2,0.8,48,0.00355168891
obj_17_pumpkin5,0.5,8,100,random48_3,0.1,14,0.590162484
obj_17_pumpkin5,0.5,8,100,random48_3,0.2,28,0.129630125
obj_17_pumpkin5,0.5,8,100,random48_3,0.4,48,0.00355168891
obj_17_pumpkin5,0.5,8,100,random48_3,0.6,48,0.00355168891
obj_17_pumpkin5,0.5,8,100,random48_3,0.8,48,0.00355168891
obj_17_pumpkin5,0.5,8,100,random48_4,0.1,14,0.543244279
obj_17_pumpkin5,0.5,8,100,random48_4,0.2,28,0.514646089
obj_17_pumpkin5,0.5,8,100,random48_4,0.4,48,0.00355168891
obj_17_pumpkin5,0.5,8,100,random48_4,0.6,48,0.00355168891
obj_17_pumpkin5,0.5,8,100,random48_4,0.8,48,0.00355168891
obj_17_pumpkin5,0.5,9,10,random48_0,0.1,14,0.23152951
obj_17_pumpkin5,0.5,9,10,random48_0,0.2,28,0.123298949
obj_17_pumpkin5,0.5,9,10,random48_0,0.4,48,0.0169756485
obj_17_pumpkin5,0.5,9,10,random48_0,0.6,48,0.0169756485
obj_17_pumpkin5,0.5,9,10,random48_0,0.8,48,0.0169756485
obj_17_pumpkin5,0.5,9,10,random48_1,0.1,14,0.0900907603
obj_17_pumpkin5,0.5,9,10,random48_1,0.2,28,0.117278963
obj_17_pumpkin5,0.5,9,10,random48_1,0.4,48,0.0169756485
obj_17_pumpkin5,0.5,9,10,random48_1,0.6,48,0.0169756485
obj_17_pumpkin5,0.5,9,10,random48_1,0.8,48,0.0169756485
obj_17_pumpkin5,0.5,9,10,random48_2,0.1,14,0.0923579476
obj_17_pumpkin5,0.5,9,10,random48_2,0.2,28,0.0822348493
obj_17_pumpkin5,0.5,9,10,random48_2,0.4,48,0.0169756485
obj_17_pumpkin5,0.5,9,10,random48_2,0.6,48,0.0169756485
obj_17_pumpkin5,0.5,9,10,random48_2,0.8,48,0.0169756485
obj_17_pumpkin5,0.5,9,10,random48_3,0.1,14,0.145476921
obj_17_pumpkin5,0.5,9,10,random48_3,0.2,28,0.0415153256
obj_17_pumpkin5,0.5,9,10,random48_3,0.4,48,0.0169756485
obj_17_pumpkin5,0.5,9,10,random48_3,0.6,48,0.0169756485
obj_17_pumpkin5,0.5,9,10,random48_3,0.8,48,0.0169756485
obj_17_pumpkin5,0.5,9,10,random48_4,0.1,14,0.0355233595
obj_17_pumpkin5,0.5,9,10,random48_4,0.2,28,0.0787208327
obj_17_pumpkin5,0.5,9,10,random48_4,0.4,48,0.0169756485
obj_17_pumpkin5,0.5,9,10,random48_4,0.6,48,0.0169756485
obj_17_pumpkin5,0.5,9,10,random48_4,0.8,48,0.0169756485
obj_17_pumpkin5,0.5,9,100,random48_0,0.1,14,0.0876225622
obj_17_pumpkin5,0.5,9,100,random48_0,0.2,28,0.0525994607
obj_17_pumpkin5,0.5,9,100,random48_0,0.4,48,0.0021169766
obj_17_pumpkin5,0.5,9,100,random48_0,0.6,48,0.0021169766
obj_17_pumpkin5,0.5,9,100,random48_0,0.8,48,0.0021169766
obj_17_pumpkin5,0.5,9,100,random48_1,0.1,14,0.19387949
obj_17_pumpkin5,0.5,9,100,random48_1,0.2,28,0.144745677
obj_17_pumpkin5,0.5,9,100,random48_1,0.4,48,0.0021169766
obj_17_pumpkin5,0.5,9,100,random48_1,0.6,48,0.0021169766
obj_17_pumpkin5,0.5,9,100,random48_1,0.8,48,0.0021169766
obj_17_pumpkin5,0.5,9,100,random48_2,0.1,14,0.0931281963
obj_17_pumpkin5,0.5,9,100,random48_2,0.2,28,0.0100759026
obj_17_pumpkin5,0.5,9,100,random48_2,0.4,48,0.0021169766
obj_17_pumpkin5,0.5,9,100,random48_2,0.6,48,0.0021169766
obj_17_pumpkin5,0.5,9,100,random48_2,0.8,48,0.0021169766
obj_17_pumpkin5,0.5,9,100,random48_3,0.1,14,0.0516024748
obj_17_pumpkin5,0.5,9,100,random48_3,0.2,28,0.057706028
obj_17_pumpkin5,0.5,9,100,random48_3,0.4,48,0.0021169766
obj_17_pumpkin5,0.5,9,100,random48_3,0.6,48,0.0021169766
obj_17_pumpkin5,0.5,9,100,random48_3,0.8,48,0.0021169766
obj_17_pumpkin5,0.5,9,100,random48_4,0.1,14,0.133673205
obj_17_pumpkin5,0.5,9,100,random48_4,0.2,28,0.0191954768
obj_17_pumpkin5,0.5,9,100,random48_4,0.4,48,0.0021169766
obj_17_pumpkin5,0.5,9,100,random48_4,0.6,48,0.0021169766
obj_17_pumpkin5,0.5,9,100,random48_4,0.8,48,0.0021169766
obj_17_pumpkin5,1.0,0,10,random48_0,0.1,14,0.989044966
obj_17_pumpkin5,1.0,0,10,random48_0,0.2,28,0.180280236
obj_17_pumpkin5,1.0,0,10,random48_0,0.4,48,0.0455989266
obj_17_pumpkin5,1.0,0,10,random48_0,0.6,48,0.0455989266
obj_17_pumpkin5,1.0,0,10,random48_0,0.8,48,0.0455989266
obj_17_pumpkin5,1.0,0,10,random48_1,0.1,14,0.995870275
obj_17_pumpkin5,1.0,0,10,random48_1,0.2,28,1.63318105
obj_17_pumpkin5,1.0,0,10,random48_1,0.4,48,0.0455989266
obj_17_pumpkin5,1.0,0,10,random48_1,0.6,48,0.0455989266
obj_17_pumpkin5,1.0,0,10,random48_1,0.8,48,0.0455989266
obj_17_pumpkin5,1.0,0,10,random48_2,0.1,14,0.721543551
obj_17_pumpkin5,1.0,0,10,random48_2,0.2,28,0.138609696
obj_17_pumpkin5,1.0,0,10,random48_2,0.4,48,0.0455989266
obj_17_pumpkin5,1.0,0,10,random48_2,0.6,48,0.0455989266
obj_17_pumpkin5,1.0,0,10,random48_2,0.8,48,0.0455989266
obj_17_pumpkin5,1.0,0,10,random48_3,0.1,14,0.728699866
obj_17_pumpkin5,1.0,0,10,random48_3,0.2,28,0.812076319
obj_17_pumpkin5,1.0,0,10,random48_3,0.4,48,0.0455989266
obj_17_pumpkin5,1.0,0,10,random48_3,0.6,48,0.0455989266
obj_17_pumpkin5,1.0,0,10,random48_3,0.8,48,0.0455989266
obj_17_pumpkin5,1.0,0,10,random48_4,0.1,14,1.14159185
obj_17_pumpkin5,1.0,0,10,random48_4,0.2,28,1.4255836
obj_17_pumpkin5,1.0,0,10,random48_4,0.4,48,0.0455989266
obj_17_pumpkin5,1.0,0,10,random48_4,0.6,48,0.0455989266
obj_17_pumpkin5,1.0,0,10,random48_4,0.8,48,0.0455989266
obj_17_pumpkin5,1.0,0,100,random48_0,0.1,14,0.639001318
obj_17_pumpkin5,1.0,0,100,random48_0,0.2,28,0.409798954
obj_17_pumpkin5,1.0,0,100,random48_0,0.4,48,0.006131569
obj_17_pumpkin5,1.0,0,100,random48_0,0.6,48,0.006131569
obj_17_pumpkin5,1.0,0,100,random48_0,0.8,48,0.006131569
obj_17_pumpkin5,1.0,0,100,random48_1,0.1,14,0.222354837
obj_17_pumpkin5,1.0,0,100,random48_1,0.2,28,0.161174022
obj_17_pumpkin5,1.0,0,100,random48_1,0.4,48,0.006131569
obj_17_pumpkin5,1.0,0,100,random48_1,0.6,48,0.006131569
obj_17_pumpkin5,1.0,0,100,random48_1,0.8,48,0.006131569
obj_17_pumpkin5,1.0,0,100,random48_2,0.1,14,1.01286546
obj_17_pumpkin5,1.0,0,100,random48_2,0.2,28,0.539875475
obj_17_pumpkin5,1.0,0,100,random48_2,0.4,48,0.006131569
obj_17_pumpkin5,1.0,0,100,random48_2,0.6,48,0.006131569
obj_17_pumpkin5,1.0,0,100,random48_2,0.8,48,0.006131569
obj_17_pumpkin5,1.0,0,100,random48_3,0.1,14,0.782555897
obj_17_pumpkin5,1.0,0,100,random48_3,0.2,28,0.979055099
obj_17_pumpkin5,1.0,0,100,random48_3,0.4,48,0.006131569
obj_17_pumpkin5,1.0,0,100,random48_3,0.6,48,0.006131569
obj_17_pumpkin5,1.0,0,100,random48_3,0.8,48,0.006131569
obj_17_pumpkin5,1.0,0,100,random48_4,0.1,14,1.14756055
obj_17_pumpkin5,1.0,0,100,random48_4,0.2,28,0.762093351
obj_17_pumpkin5,1.0,0,100,random48_4,0.4,48,0.006131569
obj_17_pumpkin5,1.0,0,100,random48_4,0.6,48,0.006131569
obj_17_pumpkin5,1.0,0,100,random48_4,0.8,48,0.006131569
obj_17_pumpkin5,1.0,1,10,random48_0,0.1,14,0.476754927
obj_17_pumpkin5,1.0,1,10,random48_0,0.2,28,0.286554156
obj_17_pumpkin5,1.0,1,10,random48_0,0.4,48,0.0475966783
obj_17_pumpkin5,1.0,1,10,random48_0,0.6,48,0.0475966783
obj_17_pumpkin5,1.0,1,10,random48_0,0.8,48,0.0475966783
obj_17_pumpkin5,1.0,1,10,random48_1,0.1,14,0.484806393
obj_17_pumpkin5,1.0,1,10,random48_1,0.2,28,0.0385373076
obj_17_pumpkin5,1.0,1,10,random48_1,0.4,48,0.0475966783
obj_17_pumpkin5,1.0,1,10,random48_1,0.6,48,0.0475966783
obj_17_pumpkin5,1.0,1,10,random48_1,0.8,48,0.0475966783
obj_17_pumpkin5,1.0,1,10,random48_2,0.1,14,0.373356726
obj_17_pumpkin5,1.0,1,10,random48_2,0.2,28,0.241599961
obj_17_pumpkin5,1.0,1,10,random48_2,0.4,48,0.0475966783
obj_17_pumpkin5,1.0,1,10,random48_2,0.6,48,0.0475966783
obj_17_pumpkin5,1.0,1,10,random48_2,0.8,48,0.0475966783
obj_17_pumpkin5,1.0,1,10,random48_3,0.1,14,0.228983123
obj_17_pumpkin5,1.0,1,10,random48_3,0.2,28,0.0424838815
obj_17_pumpkin5,1.0,1,10,random48_3,0.4,48,0.0475966783
obj_17_pumpkin5,1.0,1,10,random48_3,0.6,48,0.0475966783
obj_17_pumpkin5,1.0,1,10,random48_3,0.8,48,0.0475966783
obj_17_pumpkin5,1.0,1,10,random48_4,0.1,14,1.04884944
obj_17_pumpkin5,1.0,1,10,random48_4,0.2,28,1.63063616
obj_17_pumpkin5,1.0,1,10,random48_4,0.4,48,0.0475966783
obj_17_pumpkin5,1.0,1,10,random48_4,0.6,48,0.0475966783
obj_17_pumpkin5,1.0,1,10,random48_4,0.8,48,0.0475966783
obj_17_pumpkin5,1.0,1,100,random48_0,0.1,14,1.42242104
obj_17_pumpkin5,1.0,1,100,random48_0,0.2,28,0.461488089
obj_17_pumpkin5,1.0,1,100,random48_0,0.4,48,0.00559902681
obj_17_pumpkin5,1.0,1,100,random48_0,0.6,48,0.00559902681
obj_17_pumpkin5,1.0,1,100,random48_0,0.8,48,0.00559902681
obj_17_pumpkin5,1.0,1,100,random48_1,0.1,14,0.298006481
obj_17_pumpkin5,1.0,1,100,random48_1,0.2,28,0.614595459
obj_17_pumpkin5,1.0,1,100,random48_1,0.4,48,0.00559902681
obj_17_pumpkin5,1.0,1,100,random48_1,0.6,48,0.00559902681
obj_17_pumpkin5,1.0,1,100,random48_1,0.8,48,0.00559902681
obj_17_pumpkin5,1.0,1,100,random48_2,0.1,14,0.363594037
obj_17_pumpkin5,1.0,1,100,random48_2,0.2,28,0.113338043
obj_17_pumpkin5,1.0,1,100,random48_2,0.4,48,0.00559902681
obj_17_pumpkin5,1.0,1,100,random48_2,0.6,48,0.00559902681
obj_17_pumpkin5,1.0,1,100,random48_2,0.8,48,0.00559902681
obj_17_pumpkin5,1.0,1,100,random48_3,0.1,14,0.426360069
obj_17_pumpkin5,1.0,1,100,random48_3,0.2,28,0.194871425
obj_17_pumpkin5,1.0,1,100,random48_3,0.4,48,0.00559902681
obj_17_pumpkin5,1.0,1,100,random48_3,0.6,48,0.00559902681
obj_17_pumpkin5,1.0,1,100,random48_3,0.8,48,0.00559902681
obj_17_pumpkin5,1.0,1,100,random48_4,0.1,14,0.634299374
obj_17_pumpkin5,1.0,1,100,random48_4,0.2,28,2.34317577
obj_17_pumpkin5,1.0,1,100,random48_4,0.4,48,0.00559902681
obj_17_pumpkin5,1.0,1,100,random48_4,0.6,48,0.00559902681
obj_17_pumpkin5,1.0,1,100,random48_4,0.8,48,0.00559902681
obj_17_pumpkin5,1.0,2,10,random48_0,0.1,14,0.868251252
obj_17_pumpkin5,1.0,2,10,random48_0,0.2,28,2.18114114
obj_17_pumpkin5,1.0,2,10,random48_0,0.4,48,0.135308719
obj_17_pumpkin5,1.0,2,10,random48_0,0.6,48,0.135308719
obj_17_pumpkin5,1.0,2,10,random48_0,0.8,48,0.135308719
obj_17_pumpkin5,1.0,2,10,random48_1,0.1,14,0.401541611
obj_17_pumpkin5,1.0,2,10,random48_1,0.2,28,0.465119334
obj_17_pumpkin5,1.0,2,10,random48_1,0.4,48,0.135308719
obj_17_pumpkin5,1.0,2,10,random48_1,0.6,48,0.135308719
obj_17_pumpkin5,1.0,2,10,random48_1,0.8,48,0.135308719
obj_17_pumpkin5,1.0,2,10,random48_2,0.1,14,0.616093609
obj_17_pumpkin5,1.0,2,10,random48_2,0.2,28,0.90691836
obj_17_pumpkin5,1.0,2,10,random48_2,0.4,48,0.135308719
obj_17_pumpkin5,1.0,2,10,random48_2,0.6,48,0.135308719
obj_17_pumpkin5,1.0,2,10,random48_2,0.8,48,0.135308719
obj_17_pumpkin5,1.0,2,10,random48_3,0.1,14,0.87573954
obj_17_pumpkin5,1.0,2,10,random48_3,0.2,28,0.240863226
obj_17_pumpkin5,1.0,2,10,random48_3,0.4,48,0.135308719
obj_17_pumpkin5,1.0,2,10,random48_3,0.6,48,0.135308719
obj_17_pumpkin5,1.0,2,10,random48_3,0.8,48,0.135308719
obj_17_pumpkin5,1.0,2,10,random48_4,0.1,14,0.107705171
obj_17_pumpkin5,1.0,2,10,random48_4,0.2,28,0.257610833
obj_17_pumpkin5,1.0,2,10,random48_4,0.4,48,0.135308719
obj_17_pumpkin5,1.0,2,10,random48_4,0.6,48,0.135308719
obj_17_pumpkin5,1.0,2,10,random48_4,0.8,48,0.135308719
obj_17_pumpkin5,1.0,2,100,random48_0,0.1,14,0.0965810281
obj_17_pumpkin5,1.0,2,100,random48_0,0.2,28,0.446290617
obj_17_pumpkin5,1.0,2,100,random48_0,0.4,48,0.0164082862
obj_17_pumpkin5,1.0,2,100,random48_0,0.6,48,0.0164082862
obj_17_pumpkin5,1.0,2,100,random48_0,0.8,48,0.0164082862
obj_17_pumpkin5,1.0,2,100,random48_1,0.1,14,0.108199024
obj_17_pumpkin5,1.0,2,100,random48_1,0.2,28,0.350489061
obj_17_pumpkin5,1.0,2,100,random48_1,0.4,48,0.0164082862
obj_17_pumpkin5,1.0,2,100,random48_1,0.6,48,0.0164082862
obj_17_pumpkin5,1.0,2,100,random48_1,0.8,48,0.0164082862
obj_17_pumpkin5,1.0,2,100,random48_2,0.1,14,0.0674762081
obj_17_pumpkin5,1.0,2,100,random48_2,0.2,28,0.07013191
obj_17_pumpkin5,1.0,2,100,random48_2,0.4,48,0.0164082862
obj_17_pumpkin5,1.0,2,100,random48_2,0.6,48,0.0164082862
obj_17_pumpkin5,1.0,2,100,random48_2,0.8,48,0.0164082862
obj_17_pumpkin5,1.0,2,100,random48_3,0.1,14,0.438271281
obj_17_pumpkin5,1.0,2,100,random48_3,0.2,28,2.35699388
obj_17_pumpkin5,1.0,2,100,random48_3,0.4,48,0.0164082862
obj_17_pumpkin5,1.0,2,100,random48_3,0.6,48,0.0164082862
obj_17_pumpkin5,1.0,2,100,random48_3,0.8,48,0.0164082862
obj_17_pumpkin5,1.0,2,100,random48_4,0.1,14,0.34609556
obj_17_pumpkin5,1.0,2,100,random48_4,0.2,28,0.304871311
obj_17_pumpkin5,1.0,2,100,random48_4,0.4,48,0.0164082862
obj_17_pumpkin5,1.0,2,100,random48_4,0.6,48,0.0164082862
obj_17_pumpkin5,1.0,2,100,random48_4,0.8,48,0.0164082862
obj_17_pumpkin5,1.0,3,10,random48_0,0.1,14,0.607617707
obj_17_pumpkin5,1.0,3,10,random48_0,0.2,28,0.0467354875
obj_17_pumpkin5,1.0,3,10,random48_0,0.4,48,0.0570788692
obj_17_pumpkin5,1.0,3,10,random48_0,0.6,48,0.0570788692
obj_17_pumpkin5,1.0,3,10,random48_0,0.8,48,0.0570788692
obj_17_pumpkin5,1.0,3,10,random48_1,0.1,14,1.02706052
obj_17_pumpkin5,1.0,3,10,random48_1,0.2,28,1.54119535
obj_17_pumpkin5,1.0,3,10,random48_1,0.4,48,0.0570788692
obj_17_pumpkin5,1.0,3,10,random48_1,0.6,48,0.0570788692
obj_17_pumpkin5,1.0,3,10,random48_1,0.8,48,0.0570788692
obj_17_pumpkin5,1.0,3,10,random48_2,0.1,14,0.919390299
obj_17_pumpkin5,1.0,3,10,random48_2,0.2,28,1.1549671
obj_17_pumpkin5,1.0,3,10,random48_2,0.4,48,0.0570788692
obj_17_pumpkin5,1.0,3,10,random48_2,0.6,48,0.0570788692
obj_17_pumpkin5,1.0,3,10,random48_2,0.8,48,0.0570788692
obj_17_pumpkin5,1.0,3,10,random48_3,0.1,14,0.677239884
obj_17_pumpkin5,1.0,3,10,random48_3,0.2,28,1.86703245
obj_17_pumpkin5,1.0,3,10,random48_3,0.4,48,0.0570788692
obj_17_pumpkin5,1.0,3,10,random48_3,0.6,48,0.0570788692
obj_17_pumpkin5,1.0,3,10,random48_3,0.8,48,0.0570788692
obj_17_pumpkin5,1.0,3,10,random48_4,0.1,14,0.469632849
obj_17_pumpkin5,1.0,3,10,random48_4,0.2,28,0.815660433
obj_17_pumpkin5,1.0,3,10,random48_4,0.4,48,0.0570788692
obj_17_pumpkin5,1.0,3,10,random48_4,0.6,48,0.0570788692
obj_17_pumpkin5,1.0,3,10,random48_4,0.8,48,0.0570788692
obj_17_pumpkin5,1.0,3,100,random48_0,0.1,14,0.617406527
obj_17_pumpkin5,1.0,3,100,random48_0,0.2,28,0.478190488
obj_17_pumpkin5,1.0,3,100,random48_0,0.4,48,0.00362902058
obj_17_pumpkin5,1.0,3,100,random48_0,0.6,48,0.00362902058
obj_17_pumpkin5,1.0,3,100,random48_0,0.8,48,0.00362902058
obj_17_pumpkin5,1.0,3,100,random48_1,0.1,14,0.741537909
obj_17_pumpkin5,1.0,3,100,random48_1,0.2,28,1.26167955
obj_17_pumpkin5,1.0,3,100,random48_1,0.4,48,0.00362902058
obj_17_pumpkin5,1.0,3,100,random48_1,0.6,48,0.00362902058
obj_17_pumpkin5,1.0,3,100,random48_1,0.8,48,0.00362902058
obj_17_pumpkin5,1.0,3,100,random48_2,0.1,14,0.462733315
obj_17_pumpkin5,1.0,3,100,random48_2,0.2,28,0.489500678
obj_17_pumpkin5,1.0,3,100,random48_2,0.4,48,0.00362902058
obj_17_pumpkin5,1.0,3,100,random48_2,0.6,48,0.00362902058
obj_17_pumpkin5,1.0,3,100,random48_2,0.8,48,0.00362902058
obj_17_pumpkin5,1.0,3,100,random48_3,0.1,14,0.862351751
obj_17_pumpkin5,1.0,3,100,random48_3,0.2,28,1.35924688
obj_17_pumpkin5,1.0,3,100,random48_3,0.4,48,0.00362902058
obj_17_pumpkin5,1.0,3,100,random48_3,0.6,48,0.00362902058
obj_17_pumpkin5,1.0,3,100,random48_3,0.8,48,0.00362902058
obj_17_pumpkin5,1.0,3,100,random48_4,0.1,14,0.694315031
obj_17_pumpkin5,1.0,3,100,random48_4,0.2,28,0.641214365
obj_17_pumpkin5,1.0,3,100,random48_4,0.4,48,0.00362902058
obj_17_pumpkin5,1.0,3,100,random48_4,0.6,48,0.00362902058
obj_17_pumpkin5,1.0,3,100,random48_4,0.8,48,0.00362902058
obj_17_pumpkin5,1.0,4,10,random48_0,0.1,14,0.190075118
obj_17_pumpkin5,1.0,4,10,random48_0,0.2,28,0.227069013
obj_17_pumpkin5,1.0,4,10,random48_0,0.4,48,0.0302366247
obj_17_pumpkin5,1.0,4,10,random48_0,0.6,48,0.0302366247
obj_17_pumpkin5,1.0,4,10,random48_0,0.8,48,0.0302366247
obj_17_pumpkin5,1.0,4,10,random48_1,0.1,14,0.181090178
obj_17_pumpkin5,1.0,4,10,random48_1,0.2,28,0.611050317
obj_17_pumpkin5,1.0,4,10,random48_1,0.4,48,0.0302366247
obj_17_pumpkin5,1.0,4,10,random48_1,0.6,48,0.0302366247
obj_17_pumpkin5,1.0,4,10,random48_1,0.8,48,0.0302366247
obj_17_pumpkin5,1.0,4,10,random48_2,0.1,14,0.0572753275
obj_17_pumpkin5,1.0,4,10,random48_2,0.2,28,0.609838364
obj_17_pumpkin5,1.0,4,10,random48_2,0.4,48,0.0302366247
obj_17_pumpkin5,1.0,4,10,random48_2,0.6,48,0.0302366247
obj_17_pumpkin5,1.0,4,10,random48_2,0.8,48,0.0302366247
obj_17_pumpkin5,1.0,4,10,random48_3,0.1,14,0.0536316168
obj_17_pumpkin5,1.0,4,10,random48_3,0.2,28,0.313369353
obj_17_pumpkin5,1.0,4,10,random48_3,0.4,48,0.0302366247
obj_17_pumpkin5,1.0,4,10,random48_3,0.6,48,0.0302366247
obj_17_pumpkin5,1.0,4,10,random48_3,0.8,48,0.0302366247
obj_17_pumpkin5,1.0,4,10,random48_4,0.1,14,0.165284023
obj_17_pumpkin5,1.0,4,10,random48_4,0.2,28,0.237563175
obj_17_pumpkin5,1.0,4,10,random48_4,0.4,48,0.0302366247
obj_17_pumpkin5,1.0,4,10,random48_4,0.6,48,0.0302366247
obj_17_pumpkin5,1.0,4,10,random48_4,0.8,48,0.0302366247
obj_17_pumpkin5,1.0,4,100,random48_0,0.1,14,0.0553469093
obj_17_pumpkin5,1.0,4,100,random48_0,0.2,28,0.238051217
obj_17_pumpkin5,1.0,4,100,random48_0,0.4,48,0.0106697251
obj_17_pumpkin5,1.0,4,100,random48_0,0.6,48,0.0106697251
obj_17_pumpkin5,1.0,4,100,random48_0,0.8,48,0.0106697251
obj_17_pumpkin5,1.0,4,100,random48_1,0.1,14,0.236317837
obj_17_pumpkin5,1.0,4,100,random48_1,0.2,28,0.230783382
obj_17_pumpkin5,1.0,4,100,random48_1,0.4,48,0.0106697251
obj_17_pumpkin5,1.0,4,100,random48_1,0.6,48,0.0106697251
obj_17_pumpkin5,1.0,4,100,random48_1,0.8,48,0.0106697251
obj_17_pumpkin5,1.0,4,100,random48_2,0.1,14,0.0795636356
obj_17_pumpkin5,1.0,4,100,random48_2,0.2,28,0.389258895
obj_17_pumpkin5,1.0,4,100,random48_2,0.4,48,0.0106697251
obj_17_pumpkin5,1.0,4,100,random48_2,0.6,48,0.0106697251
obj_17_pumpkin5,1.0,4,100,random48_2,0.8,48,0.0106697251
obj_17_pumpkin5,1.0,4,100,random48_3,0.1,14,0.207924038
obj_17_pumpkin5,1.0,4,100,random48_3,0.2,28,0.330846867
obj_17_pumpkin5,1.0,4,100,random48_3,0.4,48,0.0106697251
obj_17_pumpkin5,1.0,4,100,random48_3,0.6,48,0.0106697251
obj_17_pumpkin5,1.0,4,100,random48_3,0.8,48,0.0106697251
obj_17_pumpkin5,1.0,4,100,random48_4,0.1,14,0.293492189
obj_17_pumpkin5,1.0,4,100,random48_4,0.2,28,1.20436945
obj_17_pumpkin5,1.0,4,100,random48_4,0.4,48,0.0106697251
obj_17_pumpkin5,1.0,4,100,random48_4,0.6,48,0.0106697251
obj_17_pumpkin5,1.0,4,100,random48_4,0.8,48,0.0106697251
obj_17_pumpkin5,1.0,5,10,random48_0,0.1,14,0.404210014
obj_17_pumpkin5,1.0,5,10,random48_0,0.2,28,0.694006294
obj_17_pumpkin5,1.0,5,10,random48_0,0.4,48,0.335131201
obj_17_pumpkin5,1.0,5,10,random48_0,0.6,48,0.335131201
obj_17_pumpkin5,1.0,5,10,random48_0,0.8,48,0.335131201
obj_17_pumpkin5,1.0,5,10,random48_1,0.1,14,0.781760378
obj_17_pumpkin5,1.0,5,10,random48_1,0.2,28,0.700897054
obj_17_pumpkin5,1.0,5,10,random48_1,0.4,48,0.335131201
obj_17_pumpkin5,1.0,5,10,random48_1,0.6,48,0.335131201
obj_17_pumpkin5,1.0,5,10,random48_1,0.8,48,0.335131201
obj_17_pumpkin5,1.0,5,10,random48_2,0.1,14,0.366556116
obj_17_pumpkin5,1.0,5,10,random48_2,0.2,28,0.210739191
obj_17_pumpkin5,1.0,5,10,random48_2,0.4,48,0.335131201
obj_17_pumpkin5,1.0,5,10,random48_2,0.6,48,0.335131201
obj_17_pumpkin5,1.0,5,10,random48_2,0.8,48,0.335131201
obj_17_pumpkin5,1.0,5,10,random48_3,0.1,14,0.683731917
obj_17_pumpkin5,1.0,5,10,random48_3,0.2,28,0.562583197
obj_17_pumpkin5,1.0,5,10,random48_3,0.4,48,0.335131201
obj_17_pumpkin5,1.0,5,10,random48_3,0.6,48,0.335131201
obj_17_pumpkin5,1.0,5,10,random48_3,0.8,48,0.335131201
obj_17_pumpkin5,1.0,5,10,random48_4,0.1,14,0.417409281
obj_17_pumpkin5,1.0,5,10,random48_4,0.2,28,0.693347349
obj_17_pumpkin5,1.0,5,10,random48_4,0.4,48,0.335131201
obj_17_pumpkin5,1.0,5,10,random48_4,0.6,48,0.335131201
obj_17_pumpkin5,1.0,5,10,random48_4,0.8,48,0.335131201
obj_17_pumpkin5,1.0,5,100,random48_0,0.1,14,0.457207451
obj_17_pumpkin5,1.0,5,100,random48_0,0.2,28,0.510605223
obj_17_pumpkin5,1.0,5,100,random48_0,0.4,48,0.0324231128
obj_17_pumpkin5,1.0,5,100,random48_0,0.6,48,0.0324231128
obj_17_pumpkin5,1.0,5,100,random48_0,0.8,48,0.0324231128
obj_17_pumpkin5,1.0,5,100,random48_1,0.1,14,0.734128927
obj_17_pumpkin5,1.0,5,100,random48_1,0.2,28,0.369919523
obj_17_pumpkin5,1.0,5,100,random48_1,0.4,48,0.0324231128
obj_17_pumpkin5,1.0,5,100,random48_1,0.6,48,0.0324231128
obj_17_pumpkin5,1.0,5,100,random48_1,0.8,48,0.0324231128
obj_17_pumpkin5,1.0,5,100,random48_2,0.1,14,0.352264048
obj_17_pumpkin5,1.0,5,100,random48_2,0.2,28,0.462306985
obj_17_pumpkin5,1.0,5,100,random48_2,0.4,48,0.0324231128
obj_17_pumpkin5,1.0,5,100,random48_2,0.6,48,0.0324231128
obj_17_pumpkin5,1.0,5,100,random48_2,0.8,48,0.0324231128
obj_17_pumpkin5,1.0,5,100,random48_3,0.1,14,0.292756438
obj_17_pumpkin5,1.0,5,100,random48_3,0.2,28,0.401110489
obj_17_pumpkin5,1.0,5,100,random48_3,0.4,48,0.0324231128
obj_17_pumpkin5,1.0,5,100,random48_3,0.6,48,0.0324231128
obj_17_pumpkin5,1.0,5,100,random48_3,0.8,48,0.0324231128
obj_17_pumpkin5,1.0,5,100,random48_4,0.1,14,0.633146497
obj_17_pumpkin5,1.0,5,100,random48_4,0.2,28,0.739269284
obj_17_pumpkin5,1.0,5,100,random48_4,0.4,48,0.0324231128
obj_17_pumpkin5,1.0,5,100,random48_4,0.6,48,0.0324231128
obj_17_pumpkin5,1.0,5,100,random48_4,0.8,48,0.0324231128
obj_17_pumpkin5,1.0,6,10,random48_0,0.1,14,0.752880337
obj_17_pumpkin5,1.0,6,10,random48_0,0.2,28,0.825583012
obj_17_pumpkin5,1.0,6,10,random48_0,0.4,48,0.086407626
obj_17_pumpkin5,1.0,6,10,random48_0,0.6,48,0.086407626
obj_17_pumpkin5,1.0,6,10,random48_0,0.8,48,0.086407626
obj_17_pumpkin5,1.0,6,10,random48_1,0.1,14,0.198352736
obj_17_pumpkin5,1.0,6,10,random48_1,0.2,28,0.765337584
obj_17_pumpkin5,1.0,6,10,random48_1,0.4,48,0.086407626
obj_17_pumpkin5,1.0,6,10,random48_1,0.6,48,0.086407626
obj_17_pumpkin5,1.0,6,10,random48_1,0.8,48,0.086407626
obj_17_pumpkin5,1.0,6,10,random48_2,0.1,14,0.280945485
obj_17_pumpkin5,1.0,6,10,random48_2,0.2,28,0.370315279
obj_17_pumpkin5,1.0,6,10,random48_2,0.4,48,0.086407626
obj_17_pumpkin5,1.0,6,10,random48_2,0.6,48,0.086407626
obj_17_pumpkin5,1.0,6,10,random48_2,0.8,48,0.086407626
obj_17_pumpkin5,1.0,6,10,random48_3,0.1,14,0.299122555
obj_17_pumpkin5,1.0,6,10,random48_3,0.2,28,0.339826973
obj_17_pumpkin5,1.0,6,10,random48_3,0.4,48,0.086407626
obj_17_pumpkin5,1.0,6,10,random48_3,0.6,48,0.086407626
obj_17_pumpkin5,1.0,6,10,random48_3,0.8,48,0.086407626
obj_17_pumpkin5,1.0,6,10,random48_4,0.1,14,0.22344797
obj_17_pumpkin5,1.0,6,10,random48_4,0.2,28,0.390682349
obj_17_pumpkin5,1.0,6,10,random48_4,0.4,48,0.086407626
obj_17_pumpkin5,1.0,6,10,random48_4,0.6,48,0.086407626
obj_17_pumpkin5,1.0,6,10,random48_4,0.8,48,0.086407626
obj_17_pumpkin5,1.0,6,100,random48_0,0.1,14,0.745481899
obj_17_pumpkin5,1.0,6,100,random48_0,0.2,28,0.934554813
obj_17_pumpkin5,1.0,6,100,random48_0,0.4,48,0.00598574965
obj_17_pumpkin5,1.0,6,100,random48_0,0.6,48,0.00598574965
obj_17_pumpkin5,1.0,6,100,random48_0,0.8,48,0.00598574965
obj_17_pumpkin5,1.0,6,100,random48_1,0.1,14,0.532044892
obj_17_pumpkin5,1.0,6,100,random48_1,0.2,28,0.675436315
obj_17_pumpkin5,1.0,6,100,random48_1,0.4,48,0.00598574965
obj_17_pumpkin5,1.0,6,100,random48_1,0.6,48,0.00598574965
obj_17_pumpkin5,1.0,6,100,random48_1,0.8,48,0.00598574965
obj_17_pumpkin5,1.0,6,100,random48_2,0.1,14,0.523176622
obj_17_pumpkin5,1.0,6,100,random48_2,0.2,28,0.84811607
obj_17_pumpkin5,1.0,6,100,random48_2,0.4,48,0.00598574965
obj_17_pumpkin5,1.0,6,100,random48_2,0.6,48,0.00598574965
obj_17_pumpkin5,1.0,6,100,random48_2,0.8,48,0.00598574965
obj_17_pumpkin5,1.0,6,100,random48_3,0.1,14,0.474138189
obj_17_pumpkin5,1.0,6,100,random48_3,0.2,28,3.15094796
obj_17_pumpkin5,1.0,6,100,random48_3,0.4,48,0.00598574965
obj_17_pumpkin5,1.0,6,100,random48_3,0.6,48,0.00598574965
obj_17_pumpkin5,1.0,6,100,random48_3,0.8,48,0.00598574965
obj_17_pumpkin5,1.0,6,100,random48_4,0.1,14,0.308673336
obj_17_pumpkin5,1.0,6,100,random48_4,0.2,28,0.716285512
obj_17_pumpkin5,1.0,6,100,random48_4,0.4,48,0.00598574965
obj_17_pumpkin5,1.0,6,100,random48_4,0.6,48,0.00598574965
obj_17_pumpkin5,1.0,6,100,random48_4,0.8,48,0.00598574965
obj_17_pumpkin5,1.0,7,10,random48_0,0.1,14,0.762883493
obj_17_pumpkin5,1.0,7,10,random48_0,0.2,28,1.11508729
obj_17_pumpkin5,1.0,7,10,random48_0,0.4,48,0.163834983
obj_17_pumpkin5,1.0,7,10,random48_0,0.6,48,0.163834983
obj_17_pumpkin5,1.0,7,10,random48_0,0.8,48,0.163834983
obj_17_pumpkin5,1.0,7,10,random48_1,0.1,14,1.23122663
obj_17_pumpkin5,1.0,7,10,random48_1,0.2,28,0.136517759
obj_17_pumpkin5,1.0,7,10,random48_1,0.4,48,0.163834983
obj_17_pumpkin5,1.0,7,10,random48_1,0.6,48,0.163834983
obj_17_pumpkin5,1.0,7,10,random48_1,0.8,48,0.163834983
obj_17_pumpkin5,1.0,7,10,random48_2,0.1,14,0.662217172
obj_17_pumpkin5,1.0,7,10,random48_2,0.2,28,1.82890747
obj_17_pumpkin5,1.0,7,10,random48_2,0.4,48,0.163834983
obj_17_pumpkin5,1.0,7,10,random48_2,0.6,48,0.163834983
obj_17_pumpkin5,1.0,7,10,random48_2,0.8,48,0.163834983
obj_17_pumpkin5,1.0,7,10,random48_3,0.1,14,0.6809458
obj_17_pumpkin5,1.0,7,10,random48_3,0.2,28,2.4087788
obj_17_pumpkin5,1.0,7,10,random48_3,0.4,48,0.163834983
obj_17_pumpkin5,1.0,7,10,random48_3,0.6,48,0.163834983
obj_17_pumpkin5,1.0,7,10,random48_3,0.8,48,0.163834983
obj_17_pumpkin5,1.0,7,10,random48_4,0.1,14,0.44539893
obj_17_pumpkin5,1.0,7,10,random48_4,0.2,28,0.969960084
obj_17_pumpkin5,1.0,7,10,random48_4,0.4,48,0.163834983
obj_17_pumpkin5,1.0,7,10,random48_4,0.6,48,0.163834983
obj_17_pumpkin5,1.0,7,10,random48_4,0.8,48,0.163834983
obj_17_pumpkin5,1.0,7,100,random48_0,0.1,14,0.14223759
obj_17_pumpkin5,1.0,7,100,random48_0,0.2,28,0.151837504
obj_17_pumpkin5,1.0,7,100,random48_0,0.4,48,0.0100379777
obj_17_pumpkin5,1.0,7,100,random48_0,0.6,48,0.0100379777
obj_17_pumpkin5,1.0,7,100,random48_0,0.8,48,0.0100379777
obj_17_pumpkin5,1.0,7,100,random48_1,0.1,14,0.648292873
obj_17_pumpkin5,1.0,7,100,random48_1,0.2,28,2.52398626
obj_17_pumpkin5,1.0,7,100,random48_1,0.4,48,0.0100379777
obj_17_pumpkin5,1.0,7,100,random48_1,0.6,48,0.0100379777
obj_17_pumpkin5,1.0,7,100,random48_1,0.8,48,0.0100379777
obj_17_pumpkin5,1.0,7,100,random48_2,0.1,14,0.487785297
obj_17_pumpkin5,1.0,7,100,random48_2,0.2,28,1.56485519
obj_17_pumpkin5,1.0,7,100,random48_2,0.4,48,0.0100379777
obj_17_pumpkin5,1.0,7,100,random48_2,0.6,48,0.0100379777
obj_17_pumpkin5,1.0,7,100,random48_2,0.8,48,0.0100379777
obj_17_pumpkin5,1.0,7,100,random48_3,0.1,14,1.27298364
obj_17_pumpkin5,1.0,7,100,random48_3,0.2,28,0.720313077
obj_17_pumpkin5,1.0,7,100,random48_3,0.4,48,0.0100379777
obj_17_pumpkin5,1.0,7,100,random48_3,0.6,48,0.0100379777
obj_17_pumpkin5,1.0,7,100,random48_3,0.8,48,0.0100379777
obj_17_pumpkin5,1.0,7,100,random48_4,0.1,14,1.309557
obj_17_pumpkin5,1.0,7,100,random48_4,0.2,28,2.41777553
obj_17_pumpkin5,1.0,7,100,random48_4,0.4,48,0.0100379777
obj_17_pumpkin5,1.0,7,100,random48_4,0.6,48,0.0100379777
obj_17_pumpkin5,1.0,7,100,random48_4,0.8,48,0.0100379777
obj_17_pumpkin5,1.0,8,10,random48_0,0.1,14,0.438371619
obj_17_pumpkin5,1.0,8,10,random48_0,0.2,28,0.782960463
obj_17_pumpkin5,1.0,8,10,random48_0,0.4,48,0.094738871
obj_17_pumpkin5,1.0,8,10,random48_0,0.6,48,0.094738871
obj_17_pumpkin5,1.0,8,10,random48_0,0.8,48,0.094738871
obj_17_pumpkin5,1.0,8,10,random48_1,0.1,14,0.100724566
obj_17_pumpkin5,1.0,8,10,random48_1,0.2,28,0.377699741
obj_17_pumpkin5,1.0,8,10,random48_1,0.4,48,0.094738871
obj_17_pumpkin5,1.0,8,10,random48_1,0.6,48,0.094738871
obj_17_pumpkin5,1.0,8,10,random48_1,0.8,48,0.094738871
obj_17_pumpkin5,1.0,8,10,random48_2,0.1,14,0.252189519
obj_17_pumpkin5,1.0,8,10,random48_2,0.2,28,0.502627644
obj_17_pumpkin5,1.0,8,10,random48_2,0.4,48,0.094738871
obj_17_pumpkin5,1.0,8,10,random48_2,0.6,48,0.094738871
obj_17_pumpkin5,1.0,8,10,random48_2,0.8,48,0.094738871
obj_17_pumpkin5,1.0,8,10,random48_3,0.1,14,0.286653645
obj_17_pumpkin5,1.0,8,10,random48_3,0.2,28,0.786153534
obj_17_pumpkin5,1.0,8,10,random48_3,0.4,48,0.094738871
obj_17_pumpkin5,1.0,8,10,random48_3,0.6,48,0.094738871
obj_17_pumpkin5,1.0,8,10,random48_3,0.8,48,0.094738871
obj_17_pumpkin5,1.0,8,10,random48_4,0.1,14,0.0746638938
obj_17_pumpkin5,1.0,8,10,random48_4,0.2,28,0.181536808
obj_17_pumpkin5,1.0,8,10,random48_4,0.4,48,0.094738871
obj_17_pumpkin5,1.0,8,10,random48_4,0.6,48,0.094738871
obj_17_pumpkin5,1.0,8,10,random48_4,0.8,48,0.094738871
obj_17_pumpkin5,1.0,8,100,random48_0,0.1,14,0.203782611
obj_17_pumpkin5,1.0,8,100,random48_0,0.2,28,0.767493958
obj_17_pumpkin5,1.0,8,100,random48_0,0.4,48,0.00885769698
obj_17_pumpkin5,1.0,8,100,random48_0,0.6,48,0.00885769698
obj_17_pumpkin5,1.0,8,100,random48_0,0.8,48,0.00885769698
obj_17_pumpkin5,1.0,8,100,random48_1,0.1,14,0.401472397
obj_17_pumpkin5,1.0,8,100,random48_1,0.2,28,0.66900106
obj_17_pumpkin5,1.0,8,100,random48_1,0.4,48,0.00885769698
obj_17_pumpkin5,1.0,8,100,random48_1,0.6,48,0.00885769698
obj_17_pumpkin5,1.0,8,100,random48_1,0.8,48,0.00885769698
obj_17_pumpkin5,1.0,8,100,random48_2,0.1,14,0.0779812601
obj_17_pumpkin5,1.0,8,100,random48_2,0.2,28,0.190765471
obj_17_pumpkin5,1.0,8,100,random48_2,0.4,48,0.00885769698
obj_17_pumpkin5,1.0,8,100,random48_2,0.6,48,0.00885769698
obj_17_pumpkin5,1.0,8,100,random48_2,0.8,48,0.00885769698
obj_17_pumpkin5,1.0,8,100,random48_3,0.1,14,0.0730471217
obj_17_pumpkin5,1.0,8,100,random48_3,0.2,28,0.535321893
obj_17_pumpkin5,1.0,8,100,random48_3,0.4,48,0.00885769698
obj_17_pumpkin5,1.0,8,100,random48_3,0.6,48,0.00885769698
obj_17_pumpkin5,1.0,8,100,random48_3,0.8,48,0.00885769698
obj_17_pumpkin5,1.0,8,100,random48_4,0.1,14,0.501367595
obj_17_pumpkin5,1.0,8,100,random48_4,0.2,28,0.71193203
obj_17_pumpkin5,1.0,8,100,random48_4,0.4,48,0.00885769698
obj_17_pumpkin5,1.0,8,100,random48_4,0.6,48,0.00885769698
obj_17_pumpkin5,1.0,8,100,random48_4,0.8,48,0.00885769698
obj_17_pumpkin5,1.0,9,10,random48_0,0.1,14,0.215018268
obj_17_pumpkin5,1.0,9,10,random48_0,0.2,28,0.544813027
obj_17_pumpkin5,1.0,9,10,random48_0,0.4,48,0.078542694
obj_17_pumpkin5,1.0,9,10,random48_0,0.6,48,0.078542694
obj_17_pumpkin5,1.0,9,10,random48_0,0.8,48,0.078542694
obj_17_pumpkin5,1.0,9,10,random48_1,0.1,14,0.621758064
obj_17_pumpkin5,1.0,9,10,random48_1,0.2,28,1.1604265
obj_17_pumpkin5,1.0,9,10,random48_1,0.4,48,0.078542694
obj_17_pumpkin5,1.0,9,10,random48_1,0.6,48,0.078542694
obj_17_pumpkin5,1.0,9,10,random48_1,0.8,48,0.078542694
obj_17_pumpkin5,1.0,9,10,random48_2,0.1,14,0.23658429
obj_17_pumpkin5,1.0,9,10,random48_2,0.2,28,0.523305937
obj_17_pumpkin5,1.0,9,10,random48_2,0.4,48,0.078542694
obj_17_pumpkin5,1.0,9,10,random48_2,0.6,48,0.078542694
obj_17_pumpkin5,1.0,9,10,random48_2,0.8,48,0.078542694
obj_17_pumpkin5,1.0,9,10,random48_3,0.1,14,0.271202206
obj_17_pumpkin5,1.0,9,10,random48_3,0.2,28,0.329837903
obj_17_pumpkin5,1.0,9,10,random48_3,0.4,48,0.078542694
obj_17_pumpkin5,1.0,9,10,random48_3,0.6,48,0.078542694
obj_17_pumpkin5,1.0,9,10,random48_3,0.8,48,0.078542694
obj_17_pumpkin5,1.0,9,10,random48_4,0.1,14,0.509221502
obj_17_pumpkin5,1.0,9,10,random48_4,0.2,28,0.896376901
obj_17_pumpkin5,1.0,9,10,random48_4,0.4,48,0.078542694
obj_17_pumpkin5,1.0,9,10,random48_4,0.6,48,0.078542694
obj_17_pumpkin5,1.0,9,10,random48_4,0.8,48,0.078542694
obj_17_pumpkin5,1.0,9,100,random48_0,0.1,14,0.29246636
obj_17_pumpkin5,1.0,9,100,random48_0,0.2,28,1.28294967
obj_17_pumpkin5,1.0,9,100,random48_0,0.4,48,0.0103264916
obj_17_pumpkin5,1.0,9,100,random48_0,0.6,48,0.0103264916
obj_17_pumpkin5,1.0,9,100,random48_0,0.8,48,0.0103264916
obj_17_pumpkin5,1.0,9,100,random48_1,0.1,14,0.314152749
obj_17_pumpkin5,1.0,9,100,random48_1,0.2,28,1.0720212
obj_17_pumpkin5,1.0,9,100,random48_1,0.4,48,0.0103264916
obj_17_pumpkin5,1.0,9,100,random48_1,0.6,48,0.0103264916
obj_17_pumpkin5,1.0,9,100,random48_1,0.8,48,0.0103264916
obj_17_pumpkin5,1.0,9,100,random48_2,0.1,14,0.30988306
obj_17_pumpkin5,1.0,9,100,random48_2,0.2,28,1.56612539
obj_17_pumpkin5,1.0,9,100,random48_2,0.4,48,0.0103264916
obj_17_pumpkin5,1.0,9,100,random48_2,0.6,48,0.0103264916
obj_17_pumpkin5,1.0,9,100,random48_2,0.8,48,0.0103264916
obj_17_pumpkin5,1.0,9,100,random48_3,0.1,14,0.27526498
obj_17_pumpkin5,1.0,9,100,random48_3,0.2,28,0.250153394
obj_17_pumpkin5,1.0,9,100,random48_3,0.4,48,0.0103264916
obj_17_pumpkin5,1.0,9,100,random48_3,0.6,48,0.0103264916
obj_17_pumpkin5,1.0,9,100,random48_3,0.8,48,0.0103264916
obj_17_pumpkin5,1.0,9,100,random48_4,0.1,14,1.06425141
obj_17_pumpkin5,1.0,9,100,random48_4,0.2,28,1.08642303
obj_17_pumpkin5,1.0,9,100,random48_4,0.4,48,0.0103264916
obj_17_pumpkin5,1.0,9,100,random48_4,0.6,48,0.0103264916
obj_17_pumpkin5,1.0,9,100,random48_4,0.8,48,0.0103264916
obj_18_fabric_hat,0.2,0,10,random48_0,0.1,14,0.0153634817
obj_18_fabric_hat,0.2,0,10,random48_0,0.2,28,0.0145176567
obj_18_fabric_hat,0.2,0,10,random48_0,0.4,48,0.00228523645
obj_18_fabric_hat,0.2,0,10,random48_0,0.6,48,0.00228523645
obj_18_fabric_hat,0.2,0,10,random48_0,0.8,48,0.00228523645
obj_18_fabric_hat,0.2,0,10,random48_1,0.1,14,0.0198504655
obj_18_fabric_hat,0.2,0,10,random48_1,0.2,28,0.015167832
obj_18_fabric_hat,0.2,0,10,random48_1,0.4,48,0.00228523645
obj_18_fabric_hat,0.2,0,10,random48_1,0.6,48,0.00228523645
obj_18_fabric_hat,0.2,0,10,random48_1,0.8,48,0.00228523645
obj_18_fabric_hat,0.2,0,10,random48_2,0.1,14,0.0137194299
obj_18_fabric_hat,0.2,0,10,random48_2,0.2,28,0.0104562797
obj_18_fabric_hat,0.2,0,10,random48_2,0.4,48,0.00228523645
obj_18_fabric_hat,0.2,0,10,random48_2,0.6,48,0.00228523645
obj_18_fabric_hat,0.2,0,10,random48_2,0.8,48,0.00228523645
obj_18_fabric_hat,0.2,0,10,random48_3,0.1,14,0.012661857
obj_18_fabric_hat,0.2,0,10,random48_3,0.2,28,0.00317162948
obj_18_fabric_hat,0.2,0,10,random48_3,0.4,48,0.00228523645
obj_18_fabric_hat,0.2,0,10,random48_3,0.6,48,0.00228523645
obj_18_fabric_hat,0.2,0,10,random48_3,0.8,48,0.00228523645
obj_18_fabric_hat,0.2,0,10,random48_4,0.1,14,0.0232371372
obj_18_fabric_hat,0.2,0,10,random48_4,0.2,28,0.0124758869
obj_18_fabric_hat,0.2,0,10,random48_4,0.4,48,0.00228523645
obj_18_fabric_hat,0.2,0,10,random48_4,0.6,48,0.00228523645
obj_18_fabric_hat,0.2,0,10,random48_4,0.8,48,0.00228523645
obj_18_fabric_hat,0.2,0,100,random48_0,0.1,14,0.0157675058
obj_18_fabric_hat,0.2,0,100,random48_0,0.2,28,0.00787610142
obj_18_fabric_hat,0.2,0,100,random48_0,0.4,48,0.000227307446
obj_18_fabric_hat,0.2,0,100,random48_0,0.6,48,0.000227307446
obj_18_fabric_hat,0.2,0,100,random48_0,0.8,48,0.000227307446
obj_18_fabric_hat,0.2,0,100,random48_1,0.1,14,0.0142008907
obj_18_fabric_hat,0.2,0,100,random48_1,0.2,28,0.00952229359
obj_18_fabric_hat,0.2,0,100,random48_1,0.4,48,0.000227307446
obj_18_fabric_hat,0.2,0,100,random48_1,0.6,48,0.000227307446
obj_18_fabric_hat,0.2,0,100,random48_1,0.8,48,0.000227307446
obj_18_fabric_hat,0.2,0,100,random48_2,0.1,14,0.0197492112
obj_18_fabric_hat,0.2,0,100,random48_2,0.2,28,0.0053171433
obj_18_fabric_hat,0.2,0,100,random48_2,0.4,48,0.000227307446
obj_18_fabric_hat,0.2,0,100,random48_2,0.6,48,0.000227307446
obj_18_fabric_hat,0.2,0,100,random48_2,0.8,48,0.000227307446
obj_18_fabric_hat,0.2,0,100,random48_3,0.1,14,0.0194828647
obj_18_fabric_hat,0.2,0,100,random48_3,0.2,28,0.00614522634
obj_18_fabric_hat,0.2,0,100,random48_3,0.4,48,0.000227307446
obj_18_fabric_hat,0.2,0,100,random48_3,0.6,48,0.000227307446
obj_18_fabric_hat,0.2,0,100,random48_3,0.8,48,0.000227307446
obj_18_fabric_hat,0.2,0,100,random48_4,0.1,14,0.0101791774
obj_18_fabric_hat,0.2,0,100,random48_4,0.2,28,0.00956196934
obj_18_fabric_hat,0.2,0,100,random48_4,0.4,48,0.000227307446
obj_18_fabric_hat,0.2,0,100,random48_4,0.6,48,0.000227307446
obj_18_fabric_hat,0.2,0,100,random48_4,0.8,48,0.000227307446
obj_18_fabric_hat,0.2,1,10,random48_0,0.1,14,0.00669770672
obj_18_fabric_hat,0.2,1,10,random48_0,0.2,28,0.0060735924
obj_18_fabric_hat,0.2,1,10,random48_0,0.4,48,0.0012063832
obj_18_fabric_hat,0.2,1,10,random48_0,0.6,48,0.0012063832
obj_18_fabric_hat,0.2,1,10,random48_0,0.8,48,0.0012063832
obj_18_fabric_hat,0.2,1,10,random48_1,0.1,14,0.0109149835
obj_18_fabric_hat,0.2,1,10,random48_1,0.2,28,0.00114372415
obj_18_fabric_hat,0.2,1,10,random48_1,0.4,48,0.0012063832
obj_18_fabric_hat,0.2,1,10,random48_1,0.6,48,0.0012063832
obj_18_fabric_hat,0.2,1,10,random48_1,0.8,48,0.0012063832
obj_18_fabric_hat,0.2,1,10,random48_2,0.1,14,0.00422624847
obj_18_fabric_hat,0.2,1,10,random48_2,0.2,28,0.00939982548
obj_18_fabric_hat,0.2,1,10,random48_2,0.4,48,0.0012063832
obj_18_fabric_hat,0.2,1,10,random48_2,0.6,48,0.0012063832
obj_18_fabric_hat,0.2,1,10,random48_2,0.8,48,0.0012063832
obj_18_fabric_hat,0.2,1,10,random48_3,0.1,14,0.0053492382
obj_18_fabric_hat,0.2,1,10,random48_3,0.2,28,0.00611132521
obj_18_fabric_hat,0.2,1,10,random48_3,0.4,48,0.0012063832
obj_18_fabric_hat,0.2,1,10,random48_3,0.6,48,0.0012063832
obj_18_fabric_hat,0.2,1,10,random48_3,0.8,48,0.0012063832
obj_18_fabric_hat,0.2,1,10,random48_4,0.1,14,0.00767190988
obj_18_fabric_hat,0.2,1,10,random48_4,0.2,28,0.00830962816
obj_18_fabric_hat,0.2,1,10,random48_4,0.4,48,0.0012063832
obj_18_fabric_hat,0.2,1,10,random48_4,0.6,48,0.0012063832
obj_18_fabric_hat,0.2,1,10,random48_4,0.8,48,0.0012063832
obj_18_fabric_hat,0.2,1,100,random48_0,0.1,14,0.0269248365
obj_18_fabric_hat,0.2,1,100,random48_0,0.2,28,0.016773439
obj_18_fabric_hat,0.2,1,100,random48_0,0.4,48,0.000159668256
obj_18_fabric_hat,0.2,1,100,random48_0,0.6,48,0.000159668256
obj_18_fabric_hat,0.2,1,100,random48_0,0.8,48,0.000159668256
obj_18_fabric_hat,0.2,1,100,random48_1,0.1,14,0.0172501127
obj_18_fabric_hat,0.2,1,100,random48_1,0.2,28,0.015904783
obj_18_fabric_hat,0.2,1,100,random48_1,0.4,48,0.000159668256
obj_18_fabric_hat,0.2,1,100,random48_1,0.6,48,0.000159668256
obj_18_fabric_hat,0.2,1,100,random48_1,0.8,48,0.000159668256
obj_18_fabric_hat,0.2,1,100,random48_2,0.1,14,0.0185358008
obj_18_fabric_hat,0.2,1,100,random48_2,0.2,28,0.00905068377
obj_18_fabric_hat,0.2,1,100,random48_2,0.4,48,0.000159668256
obj_18_fabric_hat,0.2,1,100,random48_2,0.6,48,0.000159668256
obj_18_fabric_hat,0.2,1,100,random48_2,0.8,48,0.000159668256
obj_18_fabric_hat,0.2,1,100,random48_3,0.1,14,0.0106984877
obj_18_fabric_hat,0.2,1,100,random48_3,0.2,28,0.0120586951
obj_18_fabric_hat,0.2,1,100,random48_3,0.4,48,0.000159668256
obj_18_fabric_hat,0.2,1,100,random48_3,0.6,48,0.000159668256
obj_18_fabric_hat,0.2,1,100,random48_3,0.8,48,0.000159668256
obj_18_fabric_hat,0.2,1,100,random48_4,0.1,14,0.017410857
obj_18_fabric_hat,0.2,1,100,random48_4,0.2,28,0.0115898087
obj_18_fabric_hat,0.2,1,100,random48_4,0.4,48,0.000159668256
obj_18_fabric_hat,0.2,1,100,random48_4,0.6,48,0.000159668256
obj_18_fabric_hat,0.2,1,100,random48_4,0.8,48,0.000159668256
obj_18_fabric_hat,0.2,2,10,random48_0,0.1,14,0.000143568437
obj_18_fabric_hat,0.2,2,10,random48_0,0.2,28,0.00396652229
obj_18_fabric_hat,0.2,2,10,random48_0,0.4,48,0.000990114542
obj_18_fabric_hat,0.2,2,10,random48_0,0.6,48,0.000990114542
obj_18_fabric_hat,0.2,2,10,random48_0,0.8,48,0.000990114542
obj_18_fabric_hat,0.2,2,10,random48_1,0.1,14,0.00599036429
obj_18_fabric_hat,0.2,2,10,random48_1,0.2,28,0.00305405046
obj_18_fabric_hat,0.2,2,10,random48_1,0.4,48,0.000990114542
obj_18_fabric_hat,0.2,2,10,random48_1,0.6,48,0.000990114542
obj_18_fabric_hat,0.2,2,10,random48_1,0.8,48,0.000990114542
obj_18_fabric_hat,0.2,2,10,random48_2,0.1,14,0.00886549023
obj_18_fabric_hat,0.2,2,10,random48_2,0.2,28,0.00341460184
obj_18_fabric_hat,0.2,2,10,random48_2,0.4,48,0.000990114542
obj_18_fabric_hat,0.2,2,10,random48_2,0.6,48,0.000990114542
obj_18_fabric_hat,0.2,2,10,random48_2,0.8,48,0.000990114542
obj_18_fabric_hat,0.2,2,10,random48_3,0.1,14,0.0019328937
obj_18_fabric_hat,0.2,2,10,random48_3,0.2,28,0.00657421362
obj_18_fabric_hat,0.2,2,10,random48_3,0.4,48,0.000990114542
obj_18_fabric_hat,0.2,2,10,random48_3,0.6,48,0.000990114542
obj_18_fabric_hat,0.2,2,10,random48_3,0.8,48,0.000990114542
obj_18_fabric_hat,0.2,2,10,random48_4,0.1,14,0.0127269411
obj_18_fabric_hat,0.2,2,10,random48_4,0.2,28,0.0024728607
obj_18_fabric_hat,0.2,2,10,random48_4,0.4,48,0.000990114542
obj_18_fabric_hat,0.2,2,10,random48_4,0.6,48,0.000990114542
obj_18_fabric_hat,0.2,2,10,random48_4,0.8,48,0.000990114542
obj_18_fabric_hat,0.2,2,100,random48_0,0.1,14,0.0067065235
obj_18_fabric_hat,0.2,2,100,random48_0,0.2,28,0.00360152744
obj_18_fabric_hat,0.2,2,100,random48_0,0.4,48,0.000118727774
obj_18_fabric_hat,0.2,2,100,random48_0,0.6,48,0.000118727774
obj_18_fabric_hat,0.2,2,100,random48_0,0.8,48,0.000118727774
obj_18_fabric_hat,0.2,2,100,random48_1,0.1,14,0.00778618883
obj_18_fabric_hat,0.2,2,100,random48_1,0.2,28,0.00686857081
obj_18_fabric_hat,0.2,2,100,random48_1,0.4,48,0.000118727774
obj_18_fabric_hat,0.2,2,100,random48_1,0.6,48,0.000118727774
obj_18_fabric_hat,0.2,2,100,random48_1,0.8,48,0.000118727774
obj_18_fabric_hat,0.2,2,100,random48_2,0.1,14,0.00641343438
obj_18_fabric_hat,0.2,2,100,random48_2,0.2,28,0.0021560418
obj_18_fabric_hat,0.2,2,100,random48_2,0.4,48,0.000118727774
obj_18_fabric_hat,0.2,2,100,random48_2,0.6,48,0.000118727774
obj_18_fabric_hat,0.2,2,100,random48_2,0.8,48,0.000118727774
obj_18_fabric_hat,0.2,2,100,random48_3,0.1,14,0.000724813062
obj_18_fabric_hat,0.2,2,100,random48_3,0.2,28,0.000638271611
obj_18_fabric_hat,0.2,2,100,random48_3,0.4,48,0.000118727774
obj_18_fabric_hat,0.2,2,100,random48_3,0.6,48,0.000118727774
obj_18_fabric_hat,0.2,2,100,random48_3,0.8,48,0.000118727774
obj_18_fabric_hat,0.2,2,100,random48_4,0.1,14,0.000996406682
obj_18_fabric_hat,0.2,2,100,random48_4,0.2,28,0.00295870465
obj_18_fabric_hat,0.2,2,100,random48_4,0.4,48,0.000118727774
obj_18_fabric_hat,0.2,2,100,random48_4,0.6,48,0.000118727774
obj_18_fabric_hat,0.2,2,100,random48_4,0.8,48,0.000118727774
obj_18_fabric_hat,0.2,3,10,random48_0,0.1,14,0.00584041827
obj_18_fabric_hat,0.2,3,10,random48_0,0.2,28,0.010484838
obj_18_fabric_hat,0.2,3,10,random48_0,0.4,48,0.00191315689
obj_18_fabric_hat,0.2,3,10,random48_0,0.6,48,0.00191315689
obj_18_fabric_hat,0.2,3,10,random48_0,0.8,48,0.00191315689
obj_18_fabric_hat,0.2,3,10,random48_1,0.1,14,0.0104842122
obj_18_fabric_hat,0.2,3,10,random48_1,0.2,28,0.0102911033
obj_18_fabric_hat,0.2,3,10,random48_1,0.4,48,0.00191315689
obj_18_fabric_hat,0.2,3,10,random48_1,0.6,48,0.00191315689
obj_18_fabric_hat,0.2,3,10,random48_1,0.8,48,0.00191315689
obj_18_fabric_hat,0.2,3,10,random48_2,0.1,14,0.0127214103
obj_18_fabric_hat,0.2,3,10,random48_2,0.2,28,0.0143862095
obj_18_fabric_hat,0.2,3,10,random48_2,0.4,48,0.00191315689
obj_18_fabric_hat,0.2,3,10,random48_2,0.6,48,0.00191315689
obj_18_fabric_hat,0.2,3,10,random48_2,0.8,48,0.00191315689
obj_18_fabric_hat,0.2,3,10,random48_3,0.1,14,0.010006531
obj_18_fabric_hat,0.2,3,10,random48_3,0.2,28,0.00815539133
obj_18_fabric_hat,0.2,3,10,random48_3,0.4,48,0.00191315689
obj_18_fabric_hat,0.2,3,10,random48_3,0.6,48,0.00191315689
obj_18_fabric_hat,0.2,3,10,random48_3,0.8,48,0.00191315689
obj_18_fabric_hat,0.2,3,10,random48_4,0.1,14,0.0155991788
obj_18_fabric_hat,0.2,3,10,random48_4,0.2,28,0.00869620305
obj_18_fabric_hat,0.2,3,10,random48_4,0.4,48,0.00191315689
obj_18_fabric_hat,0.2,3,10,random48_4,0.6,48,0.00191315689
obj_18_fabric_hat,0.2,3,10,random48_4,0.8,48,0.00191315689
obj_18_fabric_hat,0.2,3,100,random48_0,0.1,14,0.00920267928
obj_18_fabric_hat,0.2,3,100,random48_0,0.2,28,0.00214029127
obj_18_fabric_hat,0.2,3,100,random48_0,0.4,48,0.000219282813
obj_18_fabric_hat,0.2,3,100,random48_0,0.6,48,0.000219282813
obj_18_fabric_hat,0.2,3,100,random48_0,0.8,48,0.000219282813
obj_18_fabric_hat,0.2,3,100,random48_1,0.1,14,0.00949552482
obj_18_fabric_hat,0.2,3,100,random48_1,0.2,28,0.00204452054
obj_18_fabric_hat,0.2,3,100,random48_1,0.4,48,0.000219282813
obj_18_fabric_hat,0.2,3,100,random48_1,0.6,48,0.000219282813
obj_18_fabric_hat,0.2,3,100,random48_1,0.8,48,0.000219282813
obj_18_fabric_hat,0.2,3,100,random48_2,0.1,14,0.0107805573
obj_18_fabric_hat,0.2,3,100,random48_2,0.2,28,0.0124659785
obj_18_fabric_hat,0.2,3,100,random48_2,0.4,48,0.000219282813
obj_18_fabric_hat,0.2,3,100,random48_2,0.6,48,0.000219282813
obj_18_fabric_hat,0.2,3,100,random48_2,0.8,48,0.000219282813
obj_18_fabric_hat,0.2,3,100,random48_3,0.1,14,0.00568247379
obj_18_fabric_hat,0.2,3,100,random48_3,0.2,28,0.00393840003
obj_18_fabric_hat,0.2,3,100,random48_3,0.4,48,0.000219282813
obj_18_fabric_hat,0.2,3,100,random48_3,0.6,48,0.000219282813
obj_18_fabric_hat,0.2,3,100,random48_3,0.8,48,0.000219282813
obj_18_fabric_hat,0.2,3,100,random48_4,0.1,14,0.0111490363
obj_18_fabric_hat,0.2,3,100,random48_4,0.2,28,0.000944976408
obj_18_fabric_hat,0.2,3,100,random48_4,0.4,48,0.000219282813
obj_18_fabric_hat,0.2,3,100,random48_4,0.6,48,0.000219282813
obj_18_fabric_hat,0.2,3,100,random48_4,0.8,48,0.000219282813
obj_18_fabric_hat,0.2,4,10,random48_0,0.1,14,0.0273526862
obj_18_fabric_hat,0.2,4,10,random48_0,0.2,28,0.0143359849
obj_18_fabric_hat,0.2,4,10,random48_0,0.4,48,0.00198963209
obj_18_fabric_hat,0.2,4,10,random48_0,0.6,48,0.00198963209
obj_18_fabric_hat,0.2,4,10,random48_0,0.8,48,0.00198963209
obj_18_fabric_hat,0.2,4,10,random48_1,0.1,14,0.0105575622
obj_18_fabric_hat,0.2,4,10,random48_1,0.2,28,0.00894755178
obj_18_fabric_hat,0.2,4,10,random48_1,0.4,48,0.00198963209
obj_18_fabric_hat,0.2,4,10,random48_1,0.6,48,0.00198963209
obj_18_fabric_hat,0.2,4,10,random48_1,0.8,48,0.00198963209
obj_18_fabric_hat,0.2,4,10,random48_2,0.1,14,0.0124740812
obj_18_fabric_hat,0.2,4,10,random48_2,0.2,28,0.00428285986
obj_18_fabric_hat,0.2,4,10,random48_2,0.4,48,0.00198963209
obj_18_fabric_hat,0.2,4,10,random48_2,0.6,48,0.00198963209
obj_18_fabric_hat,0.2,4,10,random48_2,0.8,48,0.00198963209
obj_18_fabric_hat,0.2,4,10,random48_3,0.1,14,0.0144078573
obj_18_fabric_hat,0.2,4,10,random48_3,0.2,28,0.00337291058
obj_18_fabric_hat,0.2,4,10,random48_3,0.4,48,0.00198963209
obj_18_fabric_hat,0.2,4,10,random48_3,0.6,48,0.00198963209
obj_18_fabric_hat,0.2,4,10,random48_3,0.8,48,0.00198963209
obj_18_fabric_hat,0.2,4,10,random48_4,0.1,14,0.0113080368
obj_18_fabric_hat,0.2,4,10,random48_4,0.2,28,0.0079357078
obj_18_fabric_hat,0.2,4,10,random48_4,0.4,48,0.00198963209
obj_18_fabric_hat,0.2,4,10,random48_4,0.6,48,0.00198963209
obj_18_fabric_hat,0.2,4,10,random48_4,0.8,48,0.00198963209
obj_18_fabric_hat,0.2,4,100,random48_0,0.1,14,0.0231786282
obj_18_fabric_hat,0.2,4,100,random48_0,0.2,28,0.0194128464
obj_18_fabric_hat,0.2,4,100,random48_0,0.4,48,0.000209234463
obj_18_fabric_hat,0.2,4,100,random48_0,0.6,48,0.000209234463
obj_18_fabric_hat,0.2,4,100,random48_0,0.8,48,0.000209234463
obj_18_fabric_hat,0.2,4,100,random48_1,0.1,14,0.0171013799
obj_18_fabric_hat,0.2,4,100,random48_1,0.2,28,0.0179720696
obj_18_fabric_hat,0.2,4,100,random48_1,0.4,48,0.000209234463
obj_18_fabric_hat,0.2,4,100,random48_1,0.6,48,0.000209234463
obj_18_fabric_hat,0.2,4,100,random48_1,0.8,48,0.000209234463
obj_18_fabric_hat,0.2,4,100,random48_2,0.1,14,0.0125499994
obj_18_fabric_hat,0.2,4,100,random48_2,0.2,28,0.00769243477
obj_18_fabric_hat,0.2,4,100,random48_2,0.4,48,0.000209234463
obj_18_fabric_hat,0.2,4,100,random48_2,0.6,48,0.000209234463
obj_18_fabric_hat,0.2,4,100,random48_2,0.8,48,0.000209234463
obj_18_fabric_hat,0.2,4,100,random48_3,0.1,14,0.00736920194
obj_18_fabric_hat,0.2,4,100,random48_3,0.2,28,0.00623198591
obj_18_fabric_hat,0.2,4,100,random48_3,0.4,48,0.000209234463
obj_18_fabric_hat,0.2,4,100,random48_3,0.6,48,0.000209234463
obj_18_fabric_hat,0.2,4,100,random48_3,0.8,48,0.000209234463
obj_18_fabric_hat,0.2,4,100,random48_4,0.1,14,0.00792715999
obj_18_fabric_hat,0.2,4,100,random48_4,0.2,28,0.00531269607
obj_18_fabric_hat,0.2,4,100,random48_4,0.4,48,0.000209234463
obj_18_fabric_hat,0.2,4,100,random48_4,0.6,48,0.000209234463
obj_18_fabric_hat,0.2,4,100,random48_4,0.8,48,0.000209234463
obj_18_fabric_hat,0.2,5,10,random48_0,0.1,14,0.0284214295
obj_18_fabric_hat,0.2,5,10,random48_0,0.2,28,0.013891701
obj_18_fabric_hat,0.2,5,10,random48_0,0.4,48,0.0034990728
obj_18_fabric_hat,0.2,5,10,random48_0,0.6,48,0.0034990728
obj_18_fabric_hat,0.2,5,10,random48_0,0.8,48,0.0034990728
obj_18_fabric_hat,0.2,5,10,random48_1,0.1,14,0.0169396003
obj_18_fabric_hat,0.2,5,10,random48_1,0.2,28,0.0071377753
obj_18_fabric_hat,0.2,5,10,random48_1,0.4,48,0.0034990728
obj_18_fabric_hat,0.2,5,10,random48_1,0.6,48,0.0034990728
obj_18_fabric_hat,0.2,5,10,random48_1,0.8,48,0.0034990728
obj_18_fabric_hat,0.2,5,10,random48_2,0.1,14,0.0126562341
obj_18_fabric_hat,0.2,5,10,random48_2,0.2,28,0.0103639319
obj_18_fabric_hat,0.2,5,10,random48_2,0.4,48,0.0034990728
obj_18_fabric_hat,0.2,5,10,random48_2,0.6,48,0.0034990728
obj_18_fabric_hat,0.2,5,10,random48_2,0.8,48,0.0034990728
obj_18_fabric_hat,0.2,5,10,random48_3,0.1,14,0.00653867562
obj_18_fabric_hat,0.2,5,10,random48_3,0.2,28,0.00406268928
obj_18_fabric_hat,0.2,5,10,random48_3,0.4,48,0.0034990728
obj_18_fabric_hat,0.2,5,10,random48_3,0.6,48,0.0034990728
obj_18_fabric_hat,0.2,5,10,random48_3,0.8,48,0.0034990728
obj_18_fabric_hat,0.2,5,10,random48_4,0.1,14,0.0237301799
obj_18_fabric_hat,0.2,5,10,random48_4,0.2,28,0.00575899375
obj_18_fabric_hat,0.2,5,10,random48_4,0.4,48,0.0034990728
obj_18_fabric_hat,0.2,5,10,random48_4,0.6,48,0.0034990728
obj_18_fabric_hat,0.2,5,10,random48_4,0.8,48,0.0034990728
obj_18_fabric_hat,0.2,5,100,random48_0,0.1,14,0.0230890403
obj_18_fabric_hat,0.2,5,100,random48_0,0.2,28,0.022071095
obj_18_fabric_hat,0.2,5,100,random48_0,0.4,48,0.000414966678
obj_18_fabric_hat,0.2,5,100,random48_0,0.6,48,0.000414966678
obj_18_fabric_hat,0.2,5,100,random48_0,0.8,48,0.000414966678
obj_18_fabric_hat,0.2,5,100,random48_1,0.1,14,0.015405072
obj_18_fabric_hat,0.2,5,100,random48_1,0.2,28,0.00752840305
obj_18_fabric_hat,0.2,5,100,random48_1,0.4,48,0.000414966678
obj_18_fabric_hat,0.2,5,100,random48_1,0.6,48,0.000414966678
obj_18_fabric_hat,0.2,5,100,random48_1,0.8,48,0.000414966678
obj_18_fabric_hat,0.2,5,100,random48_2,0.1,14,0.0146789022
obj_18_fabric_hat,0.2,5,100,random48_2,0.2,28,0.0142478127
obj_18_fabric_hat,0.2,5,100,random48_2,0.4,48,0.000414966678
obj_18_fabric_hat,0.2,5,100,random48_2,0.6,48,0.000414966678
obj_18_fabric_hat,0.2,5,100,random48_2,0.8,48,0.000414966678
obj_18_fabric_hat,0.2,5,100,random48_3,0.1,14,0.0242785554
obj_18_fabric_hat,0.2,5,100,random48_3,0.2,28,0.00960726368
obj_18_fabric_hat,0.2,5,100,random48_3,0.4,48,0.000414966678
obj_18_fabric_hat,0.2,5,100,random48_3,0.6,48,0.000414966678
obj_18_fabric_hat,0.2,5,100,random48_3,0.8,48,0.000414966678
obj_18_fabric_hat,0.2,5,100,random48_4,0.1,14,0.019912049
obj_18_fabric_hat,0.2,5,100,random48_4,0.2,28,0.0148136917
obj_18_fabric_hat,0.2,5,100,random48_4,0.4,48,0.000414966678
obj_18_fabric_hat,0.2,5,100,random48_4,0.6,48,0.000414966678
obj_18_fabric_hat,0.2,5,100,random48_4,0.8,48,0.000414966678
obj_18_fabric_hat,0.2,6,10,random48_0,0.1,14,0.00616262355
obj_18_fabric_hat,0.2,6,10,random48_0,0.2,28,0.00214824687
obj_18_fabric_hat,0.2,6,10,random48_0,0.4,48,0.00121779533
obj_18_fabric_hat,0.2,6,10,random48_0,0.6,48,0.00121779533
obj_18_fabric_hat,0.2,6,10,random48_0,0.8,48,0.00121779533
obj_18_fabric_hat,0.2,6,10,random48_1,0.1,14,0.0181460839
obj_18_fabric_hat,0.2,6,10,random48_1,0.2,28,0.00870067265
obj_18_fabric_hat,0.2,6,10,random48_1,0.4,48,0.00121779533
obj_18_fabric_hat,0.2,6,10,random48_1,0.6,48,0.00121779533
obj_18_fabric_hat,0.2,6,10,random48_1,0.8,48,0.00121779533
obj_18_fabric_hat,0.2,6,10,random48_2,0.1,14,0.0203346424
obj_18_fabric_hat,0.2,6,10,random48_2,0.2,28,0.0178161299
obj_18_fabric_hat,0.2,6,10,random48_2,0.4,48,0.00121779533
obj_18_fabric_hat,0.2,6,10,random48_2,0.6,48,0.00121779533
obj_18_fabric_hat,0.2,6,10,random48_2,0.8,48,0.00121779533
obj_18_fabric_hat,0.2,6,10,random48_3,0.1,14,0.0107805901
obj_18_fabric_hat,0.2,6,10,random48_3,0.2,28,0.0138790752
obj_18_fabric_hat,0.2,6,10,random48_3,0.4,48,0.00121779533
obj_18_fabric_hat,0.2,6,10,random48_3,0.6,48,0.00121779533
obj_18_fabric_hat,0.2,6,10,random48_3,0.8,48,0.00121779533
obj_18_fabric_hat,0.2,6,10,random48_4,0.1,14,0.0131049701
obj_18_fabric_hat,0.2,6,10,random48_4,0.2,28,0.00471521744
obj_18_fabric_hat,0.2,6,10,random48_4,0.4,48,0.00121779533
obj_18_fabric_hat,0.2,6,10,random48_4,0.6,48,0.00121779533
obj_18_fabric_hat,0.2,6,10,random48_4,0.8,48,0.00121779533
obj_18_fabric_hat,0.2,6,100,random48_0,0.1,14,0.0191604544
obj_18_fabric_hat,0.2,6,100,random48_0,0.2,28,0.00663182145
obj_18_fabric_hat,0.2,6,100,random48_0,0.4,48,9.70258635e-05
obj_18_fabric_hat,0.2,6,100,random48_0,0.6,48,9.70258635e-05
obj_18_fabric_hat,0.2,6,100,random48_0,0.8,48,9.70258635e-05
obj_18_fabric_hat,0.2,6,100,random48_1,0.1,14,0.00527019027
obj_18_fabric_hat,0.2,6,100,random48_1,0.2,28,0.00435328064
obj_18_fabric_hat,0.2,6,100,random48_1,0.4,48,9.70258635e-05
obj_18_fabric_hat,0.2,6,100,random48_1,0.6,48,9.70258635e-05
obj_18_fabric_hat,0.2,6,100,random48_1,0.8,48,9.70258635e-05
obj_18_fabric_hat,0.2,6,100,random48_2,0.1,14,0.0211525835
obj_18_fabric_hat,0.2,6,100,random48_2,0.2,28,0.0105165454
obj_18_fabric_hat,0.2,6,100,random48_2,0.4,48,9.70258635e-05
obj_18_fabric_hat,0.2,6,100,random48_2,0.6,48,9.70258635e-05
obj_18_fabric_hat,0.2,6,100,random48_2,0.8,48,9.70258635e-05
obj_18_fabric_hat,0.2,6,100,random48_3,0.1,14,0.0148675845
obj_18_fabric_hat,0.2,6,100,random48_3,0.2,28,0.00559511965
obj_18_fabric_hat,0.2,6,100,random48_3,0.4,48,9.70258635e-05
obj_18_fabric_hat,0.2,6,100,random48_3,0.6,48,9.70258635e-05
obj_18_fabric_hat,0.2,6,100,random48_3,0.8,48,9.70258635e-05
obj_18_fabric_hat,0.2,6,100,random48_4,0.1,14,0.0171304603
obj_18_fabric_hat,0.2,6,100,random48_4,0.2,28,0.00628014619
obj_18_fabric_hat,0.2,6,100,random48_4,0.4,48,9.70258635e-05
obj_18_fabric_hat,0.2,6,100,random48_4,0.6,48,9.70258635e-05
obj_18_fabric_hat,0.2,6,100,random48_4,0.8,48,9.70258635e-05
obj_18_fabric_hat,0.2,7,10,random48_0,0.1,14,0.0193849646
obj_18_fabric_hat,0.2,7,10,random48_0,0.2,28,0.0161331286
obj_18_fabric_hat,0.2,7,10,random48_0,0.4,48,0.00216745863
obj_18_fabric_hat,0.2,7,10,random48_0,0.6,48,0.00216745863
obj_18_fabric_hat,0.2,7,10,random48_0,0.8,48,0.00216745863
obj_18_fabric_hat,0.2,7,10,random48_1,0.1,14,0.0217191095
obj_18_fabric_hat,0.2,7,10,random48_1,0.2,28,0.0198498695
obj_18_fabric_hat,0.2,7,10,random48_1,0.4,48,0.00216745863
obj_18_fabric_hat,0.2,7,10,random48_1,0.6,48,0.00216745863
obj_18_fabric_hat,0.2,7,10,random48_1,0.8,48,0.00216745863
obj_18_fabric_hat,0.2,7,10,random48_2,0.1,14,0.00925155631
obj_18_fabric_hat,0.2,7,10,random48_2,0.2,28,0.00752187697
obj_18_fabric_hat,0.2,7,10,random48_2,0.4,48,0.00216745863
obj_18_fabric_hat,0.2,7,10,random48_2,0.6,48,0.00216745863
obj_18_fabric_hat,0.2,7,10,random48_2,0.8,48,0.00216745863
obj_18_fabric_hat,0.2,7,10,random48_3,0.1,14,0.0188804608
obj_18_fabric_hat,0.2,7,10,random48_3,0.2,28,0.0133991882
obj_18_fabric_hat,0.2,7,10,random48_3,0.4,48,0.00216745863
obj_18_fabric_hat,0.2,7,10,random48_3,0.6,48,0.00216745863
obj_18_fabric_hat,0.2,7,10,random48_3,0.8,48,0.00216745863
obj_18_fabric_hat,0.2,7,10,random48_4,0.1,14,0.0130451109
obj_18_fabric_hat,0.2,7,10,random48_4,0.2,28,0.0103727452
obj_18_fabric_hat,0.2,7,10,random48_4,0.4,48,0.00216745863
obj_18_fabric_hat,0.2,7,10,random48_4,0.6,48,0.00216745863
obj_18_fabric_hat,0.2,7,10,random48_4,0.8,48,0.00216745863
obj_18_fabric_hat,0.2,7,100,random48_0,0.1,14,0.0137832811
obj_18_fabric_hat,0.2,7,100,random48_0,0.2,28,0.0177289997
obj_18_fabric_hat,0.2,7,100,random48_0,0.4,48,0.000213600154
obj_18_fabric_hat,0.2,7,100,random48_0,0.6,48,0.000213600154
obj_18_fabric_hat,0.2,7,100,random48_0,0.8,48,0.000213600154
obj_18_fabric_hat,0.2,7,100,random48_1,0.1,14,0.0265101322
obj_18_fabric_hat,0.2,7,100,random48_1,0.2,28,0.0233214268
obj_18_fabric_hat,0.2,7,100,random48_1,0.4,48,0.000213600154
obj_18_fabric_hat,0.2,7,100,random48_1,0.6,48,0.000213600154
obj_18_fabric_hat,0.2,7,100,random48_1,0.8,48,0.000213600154
obj_18_fabric_hat,0.2,7,100,random48_2,0.1,14,0.0134875724
obj_18_fabric_hat,0.2,7,100,random48_2,0.2,28,0.0124792695
obj_18_fabric_hat,0.2,7,100,random48_2,0.4,48,0.000213600154
obj_18_fabric_hat,0.2,7,100,random48_2,0.6,48,0.000213600154
obj_18_fabric_hat,0.2,7,100,random48_2,0.8,48,0.000213600154
obj_18_fabric_hat,0.2,7,100,random48_3,0.1,14,0.0219918604
obj_18_fabric_hat,0.2,7,100,random48_3,0.2,28,0.0171981069
obj_18_fabric_hat,0.2,7,100,random48_3,0.4,48,0.000213600154
obj_18_fabric_hat,0.2,7,100,random48_3,0.6,48,0.000213600154
obj_18_fabric_hat,0.2,7,100,random48_3,0.8,48,0.000213600154
obj_18_fabric_hat,0.2,7,100,random48_4,0.1,14,0.0129676871
obj_18_fabric_hat,0.2,7,100,random48_4,0.2,28,0.0095075824
obj_18_fabric_hat,0.2,7,100,random48_4,0.4,48,0.000213600154
obj_18_fabric_hat,0.2,7,100,random48_4,0.6,48,0.000213600154
obj_18_fabric_hat,0.2,7,100,random48_4,0.8,48,0.000213600154
obj_18_fabric_hat,0.2,8,10,random48_0,0.1,14,0.0292577325
obj_18_fabric_hat,0.2,8,10,random48_0,0.2,28,0.017703728
obj_18_fabric_hat,0.2,8,10,random48_0,0.4,48,0.00142884061
obj_18_fabric_hat,0.2,8,10,random48_0,0.6,48,0.00142884061
obj_18_fabric_hat,0.2,8,10,random48_0,0.8,48,0.00142884061
obj_18_fabric_hat,0.2,8,10,random48_1,0.1,14,0.0213368443
obj_18_fabric_hat,0.2,8,10,random48_1,0.2,28,0.00121481301
obj_18_fabric_hat,0.2,8,10,random48_1,0.4,48,0.00142884061
obj_18_fabric_hat,0.2,8,10,random48_1,0.6,48,0.00142884061
obj_18_fabric_hat,0.2,8,10,random48_1,0.8,48,0.00142884061
obj_18_fabric_hat,0.2,8,10,random48_2,0.1,14,0.018404999
obj_18_fabric_hat,0.2,8,10,random48_2,0.2,28,0.00359246771
obj_18_fabric_hat,0.2,8,10,random48_2,0.4,48,0.00142884061
obj_18_fabric_hat,0.2,8,10,random48_2,0.6,48,0.00142884061
obj_18_fabric_hat,0.2,8,10,random48_2,0.8,48,0.00142884061
obj_18_fabric_hat,0.2,8,10,random48_3,0.1,14,0.00663414286
obj_18_fabric_hat,0.2,8,10,random48_3,0.2,28,0.00136889381
obj_18_fabric_hat,0.2,8,10,random48_3,0.4,48,0.00142884061
obj_18_fabric_hat,0.2,8,10,random48_3,0.6,48,0.00142884061
obj_18_fabric_hat,0.2,8,10,random48_3,0.8,48,0.00142884061
obj_18_fabric_hat,0.2,8,10,random48_4,0.1,14,0.0257533538
obj_18_fabric_hat,0.2,8,10,random48_4,0.2,28,0.0178363251
obj_18_fabric_hat,0.2,8,10,random48_4,0.4,48,0.00142884061
obj_18_fabric_hat,0.2,8,10,random48_4,0.6,48,0.00142884061
obj_18_fabric_hat,0.2,8,10,random48_4,0.8,48,0.00142884061
obj_18_fabric_hat,0.2,8,100,random48_0,0.1,14,0.0275672346
obj_18_fabric_hat,0.2,8,100,random48_0,0.2,28,0.020972187
obj_18_fabric_hat,0.2,8,100,random48_0,0.4,48,0.000129837555
obj_18_fabric_hat,0.2,8,100,random48_0,0.6,48,0.000129837555
obj_18_fabric_hat,0.2,8,100,random48_0,0.8,48,0.000129837555
obj_18_fabric_hat,0.2,8,100,random48_1,0.1,14,0.0303366142
obj_18_fabric_hat,0.2,8,100,random48_1,0.2,28,0.00987401267
obj_18_fabric_hat,0.2,8,100,random48_1,0.4,48,0.000129837555
obj_18_fabric_hat,0.2,8,100,random48_1,0.6,48,0.000129837555
obj_18_fabric_hat,0.2,8,100,random48_1,0.8,48,0.000129837555
obj_18_fabric_hat,0.2,8,100,random48_2,0.1,14,0.0267733101
obj_18_fabric_hat,0.2,8,100,random48_2,0.2,28,0.0109709644
obj_18_fabric_hat,0.2,8,100,random48_2,0.4,48,0.000129837555
obj_18_fabric_hat,0.2,8,100,random48_2,0.6,48,0.000129837555
obj_18_fabric_hat,0.2,8,100,random48_2,0.8,48,0.000129837555
obj_18_fabric_hat,0.2,8,100,random48_3,0.1,14,0.0178381038
obj_18_fabric_hat,0.2,8,100,random48_3,0.2,28,0.016040122
obj_18_fabric_hat,0.2,8,100,random48_3,0.4,48,0.000129837555
obj_18_fabric_hat,0.2,8,100,random48_3,0.6,48,0.000129837555
obj_18_fabric_hat,0.2,8,100,random48_3,0.8,48,0.000129837555
obj_18_fabric_hat,0.2,8,100,random48_4,0.1,14,0.0192463817
obj_18_fabric_hat,0.2,8,100,random48_4,0.2,28,0.0145507283
obj_18_fabric_hat,0.2,8,100,random48_4,0.4,48,0.000129837555
obj_18_fabric_hat,0.2,8,100,random48_4,0.6,48,0.000129837555
obj_18_fabric_hat,0.2,8,100,random48_4,0.8,48,0.000129837555
obj_18_fabric_hat,0.2,9,10,random48_0,0.1,14,0.00742529898
obj_18_fabric_hat,0.2,9,10,random48_0,0.2,28,0.00631086884
obj_18_fabric_hat,0.2,9,10,random48_0,0.4,48,0.000842084831
obj_18_fabric_hat,0.2,9,10,random48_0,0.6,48,0.000842084831
obj_18_fabric_hat,0.2,9,10,random48_0,0.8,48,0.000842084831
obj_18_fabric_hat,0.2,9,10,random48_1,0.1,14,0.00160742217
obj_18_fabric_hat,0.2,9,10,random48_1,0.2,28,0.00196253883
obj_18_fabric_hat,0.2,9,10,random48_1,0.4,48,0.000842084831
obj_18_fabric_hat,0.2,9,10,random48_1,0.6,48,0.000842084831
obj_18_fabric_hat,0.2,9,10,random48_1,0.8,48,0.000842084831
obj_18_fabric_hat,0.2,9,10,random48_2,0.1,14,0.00177351303
obj_18_fabric_hat,0.2,9,10,random48_2,0.2,28,0.00358721881
obj_18_fabric_hat,0.2,9,10,random48_2,0.4,48,0.000842084831
obj_18_fabric_hat,0.2,9,10,random48_2,0.6,48,0.000842084831
obj_18_fabric_hat,0.2,9,10,random48_2,0.8,48,0.000842084831
obj_18_fabric_hat,0.2,9,10,random48_3,0.1,14,0.00371187507
obj_18_fabric_hat,0.2,9,10,random48_3,0.2,28,0.00190178603
obj_18_fabric_hat,0.2,9,10,random48_3,0.4,48,0.000842084831
obj_18_fabric_hat,0.2,9,10,random48_3,0.6,48,0.000842084831
obj_18_fabric_hat,0.2,9,10,random48_3,0.8,48,0.000842084831
obj_18_fabric_hat,0.2,9,10,random48_4,0.1,14,0.00343963286
obj_18_fabric_hat,0.2,9,10,random48_4,0.2,28,0.0132181438
obj_18_fabric_hat,0.2,9,10,random48_4,0.4,48,0.000842084831
obj_18_fabric_hat,0.2,9,10,random48_4,0.6,48,0.000842084831
obj_18_fabric_hat,0.2,9,10,random48_4,0.8,48,0.000842084831
obj_18_fabric_hat,0.2,9,100,random48_0,0.1,14,0.00341273633
obj_18_fabric_hat,0.2,9,100,random48_0,0.2,28,0.00203307646
obj_18_fabric_hat,0.2,9,100,random48_0,0.4,48,0.000110335702
obj_18_fabric_hat,0.2,9,100,random48_0,0.6,48,0.000110335702
obj_18_fabric_hat,0.2,9,100,random48_0,0.8,48,0.000110335702
obj_18_fabric_hat,0.2,9,100,random48_1,0.1,14,0.00142376296
obj_18_fabric_hat,0.2,9,100,random48_1,0.2,28,0.00245668105
obj_18_fabric_hat,0.2,9,100,random48_1,0.4,48,0.000110335702
obj_18_fabric_hat,0.2,9,100,random48_1,0.6,48,0.000110335702
obj_18_fabric_hat,0.2,9,100,random48_1,0.8,48,0.000110335702
obj_18_fabric_hat,0.2,9,100,random48_2,0.1,14,0.00960968997
obj_18_fabric_hat,0.2,9,100,random48_2,0.2,28,0.00799843956
obj_18_fabric_hat,0.2,9,100,random48_2,0.4,48,0.000110335702
obj_18_fabric_hat,0.2,9,100,random48_2,0.6,48,0.000110335702
obj_18_fabric_hat,0.2,9,100,random48_2,0.8,48,0.000110335702
obj_18_fabric_hat,0.2,9,100,random48_3,0.1,14,0.0102723074
obj_18_fabric_hat,0.2,9,100,random48_3,0.2,28,0.00675192126
obj_18_fabric_hat,0.2,9,100,random48_3,0.4,48,0.000110335702
obj_18_fabric_hat,0.2,9,100,random48_3,0.6,48,0.000110335702
obj_18_fabric_hat,0.2,9,100,random48_3,0.8,48,0.000110335702
obj_18_fabric_hat,0.2,9,100,random48_4,0.1,14,0.00222561521
obj_18_fabric_hat,0.2,9,100,random48_4,0.2,28,0.00796390928
obj_18_fabric_hat,0.2,9,100,random48_4,0.4,48,0.000110335702
obj_18_fabric_hat,0.2,9,100,random48_4,0.6,48,0.000110335702
obj_18_fabric_hat,0.2,9,100,random48_4,0.8,48,0.000110335702
obj_18_fabric_hat,0.5,0,10,random48_0,0.1,14,0.0276765046
obj_18_fabric_hat,0.5,0,10,random48_0,0.2,28,0.00287464249
obj_18_fabric_hat,0.5,0,10,random48_0,0.4,48,0.00366562691
obj_18_fabric_hat,0.5,0,10,random48_0,0.6,48,0.00366562691
obj_18_fabric_hat,0.5,0,10,random48_0,0.8,48,0.00366562691
obj_18_fabric_hat,0.5,0,10,random48_1,0.1,14,0.0045921166
obj_18_fabric_hat,0.5,0,10,random48_1,0.2,28,0.03289893
obj_18_fabric_hat,0.5,0,10,random48_1,0.4,48,0.00366562691
obj_18_fabric_hat,0.5,0,10,random48_1,0.6,48,0.00366562691
obj_18_fabric_hat,0.5,0,10,random48_1,0.8,48,0.00366562691
obj_18_fabric_hat,0.5,0,10,random48_2,0.1,14,0.0215930915
obj_18_fabric_hat,0.5,0,10,random48_2,0.2,28,0.01042787
obj_18_fabric_hat,0.5,0,10,random48_2,0.4,48,0.00366562691
obj_18_fabric_hat,0.5,0,10,random48_2,0.6,48,0.00366562691
obj_18_fabric_hat,0.5,0,10,random48_2,0.8,48,0.00366562691
obj_18_fabric_hat,0.5,0,10,random48_3,0.1,14,0.0230011095
obj_18_fabric_hat,0.5,0,10,random48_3,0.2,28,0.0167605169
obj_18_fabric_hat,0.5,0,10,random48_3,0.4,48,0.00366562691
obj_18_fabric_hat,0.5,0,10,random48_3,0.6,48,0.00366562691
obj_18_fabric_hat,0.5,0,10,random48_3,0.8,48,0.00366562691
obj_18_fabric_hat,0.5,0,10,random48_4,0.1,14,0.00112658472
obj_18_fabric_hat,0.5,0,10,random48_4,0.2,28,0.0373670976
obj_18_fabric_hat,0.5,0,10,random48_4,0.4,48,0.00366562691
obj_18_fabric_hat,0.5,0,10,random48_4,0.6,48,0.00366562691
obj_18_fabric_hat,0.5,0,10,random48_4,0.8,48,0.00366562691
obj_18_fabric_hat,0.5,0,100,random48_0,0.1,14,0.0116718496
obj_18_fabric_hat,0.5,0,100,random48_0,0.2,28,0.0196681227
obj_18_fabric_hat,0.5,0,100,random48_0,0.4,48,0.000664240498
obj_18_fabric_hat,0.5,0,100,random48_0,0.6,48,0.000664240498
obj_18_fabric_hat,0.5,0,100,random48_0,0.8,48,0.000664240498
obj_18_fabric_hat,0.5,0,100,random48_1,0.1,14,0.0464578557
obj_18_fabric_hat,0.5,0,100,random48_1,0.2,28,0.046560088
obj_18_fabric_hat,0.5,0,100,random48_1,0.4,48,0.000664240498
obj_18_fabric_hat,0.5,0,100,random48_1,0.6,48,0.000664240498
obj_18_fabric_hat,0.5,0,100,random48_1,0.8,48,0.000664240498
obj_18_fabric_hat,0.5,0,100,random48_2,0.1,14,0.018187806
obj_18_fabric_hat,0.5,0,100,random48_2,0.2,28,0.00579527868
obj_18_fabric_hat,0.5,0,100,random48_2,0.4,48,0.000664240498
obj_18_fabric_hat,0.5,0,100,random48_2,0.6,48,0.000664240498
obj_18_fabric_hat,0.5,0,100,random48_2,0.8,48,0.000664240498
obj_18_fabric_hat,0.5,0,100,random48_3,0.1,14,0.00622958628
obj_18_fabric_hat,0.5,0,100,random48_3,0.2,28,0.0440071032
obj_18_fabric_hat,0.5,0,100,random48_3,0.4,48,0.000664240498
obj_18_fabric_hat,0.5,0,100,random48_3,0.6,48,0.000664240498
obj_18_fabric_hat,0.5,0,100,random48_3,0.8,48,0.000664240498
obj_18_fabric_hat,0.5,0,100,random48_4,0.1,14,0.0327021007
obj_18_fabric_hat,0.5,0,100,random48_4,0.2,28,0.00893789547
obj_18_fabric_hat,0.5,0,100,random48_4,0.4,48,0.000664240498
obj_18_fabric_hat,0.5,0,100,random48_4,0.6,48,0.000664240498
obj_18_fabric_hat,0.5,0,100,random48_4,0.8,48,0.000664240498
obj_18_fabric_hat,0.5,1,10,random48_0,0.1,14,0.062816283
obj_18_fabric_hat,0.5,1,10,random48_0,0.2,28,0.152819173
obj_18_fabric_hat,0.5,1,10,random48_0,0.4,48,0.0100358581
obj_18_fabric_hat,0.5,1,10,random48_0,0.6,48,0.0100358581
obj_18_fabric_hat,0.5,1,10,random48_0,0.8,48,0.0100358581
obj_18_fabric_hat,0.5,1,10,random48_1,0.1,14,0.0712219182
obj_18_fabric_hat,0.5,1,10,random48_1,0.2,28,0.0821359708
obj_18_fabric_hat,0.5,1,10,random48_1,0.4,48,0.0100358581
obj_18_fabric_hat,0.5,1,10,random48_1,0.6,48,0.0100358581
obj_18_fabric_hat,0.5,1,10,random48_1,0.8,48,0.0100358581
obj_18_fabric_hat,0.5,1,10,random48_2,0.1,14,0.113568371
obj_18_fabric_hat,0.5,1,10,random48_2,0.2,28,0.0678908842
obj_18_fabric_hat,0.5,1,10,random48_2,0.4,48,0.0100358581
obj_18_fabric_hat,0.5,1,10,random48_2,0.6,48,0.0100358581
obj_18_fabric_hat,0.5,1,10,random48_2,0.8,48,0.0100358581
obj_18_fabric_hat,0.5,1,10,random48_3,0.1,14,0.142153016
obj_18_fabric_hat,0.5,1,10,random48_3,0.2,28,0.0422239807
obj_18_fabric_hat,0.5,1,10,random48_3,0.4,48,0.0100358581
obj_18_fabric_hat,0.5,1,10,random48_3,0.6,48,0.0100358581
obj_18_fabric_hat,0.5,1,10,random48_3,0.8,48,0.0100358581
obj_18_fabric_hat,0.5,1,10,random48_4,0.1,14,0.0992226274
obj_18_fabric_hat,0.5,1,10,random48_4,0.2,28,0.0763387583
obj_18_fabric_hat,0.5,1,10,random48_4,0.4,48,0.0100358581
obj_18_fabric_hat,0.5,1,10,random48_4,0.6,48,0.0100358581
obj_18_fabric_hat,0.5,1,10,random48_4,0.8,48,0.0100358581
obj_18_fabric_hat,0.5,1,100,random48_0,0.1,14,0.0387231571
obj_18_fabric_hat,0.5,1,100,random48_0,0.2,28,0.0203889308
obj_18_fabric_hat,0.5,1,100,random48_0,0.4,48,0.00105023757
obj_18_fabric_hat,0.5,1,100,random48_0,0.6,48,0.00105023757
obj_18_fabric_hat,0.5,1,100,random48_0,0.8,48,0.00105023757
obj_18_fabric_hat,0.5,1,100,random48_1,0.1,14,0.147968322
obj_18_fabric_hat,0.5,1,100,random48_1,0.2,28,0.10226298
obj_18_fabric_hat,0.5,1,100,random48_1,0.4,48,0.00105023757
obj_18_fabric_hat,0.5,1,100,random48_1,0.6,48,0.00105023757
obj_18_fabric_hat,0.5,1,100,random48_1,0.8,48,0.00105023757
obj_18_fabric_hat,0.5,1,100,random48_2,0.1,14,0.058345132
obj_18_fabric_hat,0.5,1,100,random48_2,0.2,28,0.149870478
obj_18_fabric_hat,0.5,1,100,random48_2,0.4,48,0.00105023757
obj_18_fabric_hat,0.5,1,100,random48_2,0.6,48,0.00105023757
obj_18_fabric_hat,0.5,1,100,random48_2,0.8,48,0.00105023757
obj_18_fabric_hat,0.5,1,100,random48_3,0.1,14,0.0848724915
obj_18_fabric_hat,0.5,1,100,random48_3,0.2,28,0.0884092171
obj_18_fabric_hat,0.5,1,100,random48_3,0.4,48,0.00105023757
obj_18_fabric_hat,0.5,1,100,random48_3,0.6,48,0.00105023757
obj_18_fabric_hat,0.5,1,100,random48_3,0.8,48,0.00105023757
obj_18_fabric_hat,0.5,1,100,random48_4,0.1,14,0.0802442282
obj_18_fabric_hat,0.5,1,100,random48_4,0.2,28,0.0734395237
obj_18_fabric_hat,0.5,1,100,random48_4,0.4,48,0.00105023757
obj_18_fabric_hat,0.5,1,100,random48_4,0.6,48,0.00105023757
obj_18_fabric_hat,0.5,1,100,random48_4,0.8,48,0.00105023757
obj_18_fabric_hat,0.5,2,10,random48_0,0.1,14,0.0780179056
obj_18_fabric_hat,0.5,2,10,random48_0,0.2,28,0.0191340036
obj_18_fabric_hat,0.5,2,10,random48_0,0.4,48,0.00324537371
obj_18_fabric_hat,0.5,2,10,random48_0,0.6,48,0.00324537371
obj_18_fabric_hat,0.5,2,10,random48_0,0.8,48,0.00324537371
obj_18_fabric_hat,0.5,2,10,random48_1,0.1,14,0.0926919644
obj_18_fabric_hat,0.5,2,10,random48_1,0.2,28,0.0661672427
obj_18_fabric_hat,0.5,2,10,random48_1,0.4,48,0.00324537371
obj_18_fabric_hat,0.5,2,10,random48_1,0.6,48,0.00324537371
obj_18_fabric_hat,0.5,2,10,random48_1,0.8,48,0.00324537371
obj_18_fabric_hat,0.5,2,10,random48_2,0.1,14,0.0565622498
obj_18_fabric_hat,0.5,2,10,random48_2,0.2,28,0.0712560826
obj_18_fabric_hat,0.5,2,10,random48_2,0.4,48,0.00324537371
obj_18_fabric_hat,0.5,2,10,random48_2,0.6,48,0.00324537371
obj_18_fabric_hat,0.5,2,10,random48_2,0.8,48,0.00324537371
obj_18_fabric_hat,0.5,2,10,random48_3,0.1,14,0.0875707611
obj_18_fabric_hat,0.5,2,10,random48_3,0.2,28,0.00276189404
obj_18_fabric_hat,0.5,2,10,random48_3,0.4,48,0.00324537371
obj_18_fabric_hat,0.5,2,10,random48_3,0.6,48,0.00324537371
obj_18_fabric_hat,0.5,2,10,random48_3,0.8,48,0.00324537371
obj_18_fabric_hat,0.5,2,10,random48_4,0.1,14,0.0932161852
obj_18_fabric_hat,0.5,2,10,random48_4,0.2,28,0.074114185
obj_18_fabric_hat,0.5,2,10,random48_4,0.4,48,0.00324537371
obj_18_fabric_hat,0.5,2,10,random48_4,0.6,48,0.00324537371
obj_18_fabric_hat,0.5,2,10,random48_4,0.8,48,0.00324537371
obj_18_fabric_hat,0.5,2,100,random48_0,0.1,14,0.128907927
obj_18_fabric_hat,0.5,2,100,random48_0,0.2,28,0.180017494
obj_18_fabric_hat,0.5,2,100,random48_0,0.4,48,0.000316485435
obj_18_fabric_hat,0.5,2,100,random48_0,0.6,48,0.000316485435
obj_18_fabric_hat,0.5,2,100,random48_0,0.8,48,0.000316485435
obj_18_fabric_hat,0.5,2,100,random48_1,0.1,14,0.0857546562
obj_18_fabric_hat,0.5,2,100,random48_1,0.2,28,0.06849581
obj_18_fabric_hat,0.5,2,100,random48_1,0.4,48,0.000316485435
obj_18_fabric_hat,0.5,2,100,random48_1,0.6,48,0.000316485435
obj_18_fabric_hat,0.5,2,100,random48_1,0.8,48,0.000316485435
obj_18_fabric_hat,0.5,2,100,random48_2,0.1,14,0.103753281
obj_18_fabric_hat,0.5,2,100,random48_2,0.2,28,0.0241467861
obj_18_fabric_hat,0.5,2,100,random48_2,0.4,48,0.000316485435
obj_18_fabric_hat,0.5,2,100,random48_2,0.6,48,0.000316485435
obj_18_fabric_hat,0.5,2,100,random48_2,0.8,48,0.000316485435
obj_18_fabric_hat,0.5,2,100,random48_3,0.1,14,0.046460657
obj_18_fabric_hat,0.5,2,100,random48_3,0.2,28,0.0293106188
obj_18_fabric_hat,0.5,2,100,random48_3,0.4,48,0.000316485435
obj_18_fabric_hat,0.5,2,100,random48_3,0.6,48,0.000316485435
obj_18_fabric_hat,0.5,2,100,random48_3,0.8,48,0.000316485435
obj_18_fabric_hat,0.5,2,100,random48_4,0.1,14,0.0767041278
obj_18_fabric_hat,0.5,2,100,random48_4,0.2,28,0.0927951436
obj_18_fabric_hat,0.5,2,100,random48_4,0.4,48,0.000316485435
obj_18_fabric_hat,0.5,2,100,random48_4,0.6,48,0.000316485435
obj_18_fabric_hat,0.5,2,100,random48_4,0.8,48,0.000316485435
obj_18_fabric_hat,0.5,3,10,random48_0,0.1,14,0.0428160017
obj_18_fabric_hat,0.5,3,10,random48_0,0.2,28,0.00425590274
obj_18_fabric_hat,0.5,3,10,random48_0,0.4,48,0.0092403587
obj_18_fabric_hat,0.5,3,10,random48_0,0.6,48,0.0092403587
obj_18_fabric_hat,0.5,3,10,random48_0,0.8,48,0.0092403587
obj_18_fabric_hat,0.5,3,10,random48_1,0.1,14,0.0953080984
obj_18_fabric_hat,0.5,3,10,random48_1,0.2,28,0.0337665271
obj_18_fabric_hat,0.5,3,10,random48_1,0.4,48,0.0092403587
obj_18_fabric_hat,0.5,3,10,random48_1,0.6,48,0.0092403587
obj_18_fabric_hat,0.5,3,10,random48_1,0.8,48,0.0092403587
obj_18_fabric_hat,0.5,3,10,random48_2,0.1,14,0.0219748216
obj_18_fabric_hat,0.5,3,10,random48_2,0.2,28,0.026838599
obj_18_fabric_hat,0.5,3,10,random48_2,0.4,48,0.0092403587
obj_18_fabric_hat,0.5,3,10,random48_2,0.6,48,0.0092403587
obj_18_fabric_hat,0.5,3,10,random48_2,0.8,48,0.0092403587
obj_18_fabric_hat,0.5,3,10,random48_3,0.1,14,0.00304990838
obj_18_fabric_hat,0.5,3,10,random48_3,0.2,28,0.0402211995
obj_18_fabric_hat,0.5,3,10,random48_3,0.4,48,0.0092403587
obj_18_fabric_hat,0.5,3,10,random48_3,0.6,48,0.0092403587
obj_18_fabric_hat,0.5,3,10,random48_3,0.8,48,0.0092403587
obj_18_fabric_hat,0.5,3,10,random48_4,0.1,14,0.0832225658
obj_18_fabric_hat,0.5,3,10,random48_4,0.2,28,0.0890918992
obj_18_fabric_hat,0.5,3,10,random48_4,0.4,48,0.0092403587
obj_18_fabric_hat,0.5,3,10,random48_4,0.6,48,0.0092403587
obj_18_fabric_hat,0.5,3,10,random48_4,0.8,48,0.0092403587
obj_18_fabric_hat,0.5,3,100,random48_0,0.1,14,0.059376657
obj_18_fabric_hat,0.5,3,100,random48_0,0.2,28,0.0682755169
obj_18_fabric_hat,0.5,3,100,random48_0,0.4,48,0.00105371206
obj_18_fabric_hat,0.5,3,100,random48_0,0.6,48,0.00105371206
obj_18_fabric_hat,0.5,3,100,random48_0,0.8,48,0.00105371206
obj_18_fabric_hat,0.5,3,100,random48_1,0.1,14,0.129479633
obj_18_fabric_hat,0.5,3,100,random48_1,0.2,28,0.117934026
obj_18_fabric_hat,0.5,3,100,random48_1,0.4,48,0.00105371206
obj_18_fabric_hat,0.5,3,100,random48_1,0.6,48,0.00105371206
obj_18_fabric_hat,0.5,3,100,random48_1,0.8,48,0.00105371206
obj_18_fabric_hat,0.5,3,100,random48_2,0.1,14,0.0839978071
obj_18_fabric_hat,0.5,3,100,random48_2,0.2,28,0.03341751
obj_18_fabric_hat,0.5,3,100,random48_2,0.4,48,0.00105371206
obj_18_fabric_hat,0.5,3,100,random48_2,0.6,48,0.00105371206
obj_18_fabric_hat,0.5,3,100,random48_2,0.8,48,0.00105371206
obj_18_fabric_hat,0.5,3,100,random48_3,0.1,14,0.0631902256
obj_18_fabric_hat,0.5,3,100,random48_3,0.2,28,0.0683729816
obj_18_fabric_hat,0.5,3,100,random48_3,0.4,48,0.00105371206
obj_18_fabric_hat,0.5,3,100,random48_3,0.6,48,0.00105371206
obj_18_fabric_hat,0.5,3,100,random48_3,0.8,48,0.00105371206
obj_18_fabric_hat,0.5,3,100,random48_4,0.1,14,0.110373994
obj_18_fabric_hat,0.5,3,100,random48_4,0.2,28,0.215560644
obj_18_fabric_hat,0.5,3,100,random48_4,0.4,48,0.00105371206
obj_18_fabric_hat,0.5,3,100,random48_4,0.6,48,0.00105371206
obj_18_fabric_hat,0.5,3,100,random48_4,0.8,48,0.00105371206
obj_18_fabric_hat,0.5,4,10,random48_0,0.1,14,0.148339985
obj_18_fabric_hat,0.5,4,10,random48_0,0.2,28,0.0124674138
obj_18_fabric_hat,0.5,4,10,random48_0,0.4,48,0.0202313127
obj_18_fabric_hat,0.5,4,10,random48_0,0.6,48,0.0202313127
obj_18_fabric_hat,0.5,4,10,random48_0,0.8,48,0.0202313127
obj_18_fabric_hat,0.5,4,10,random48_1,0.1,14,0.110209676
obj_18_fabric_hat,0.5,4,10,random48_1,0.2,28,0.139787639
obj_18_fabric_hat,0.5,4,10,random48_1,0.4,48,0.0202313127
obj_18_fabric_hat,0.5,4,10,random48_1,0.6,48,0.0202313127
obj_18_fabric_hat,0.5,4,10,random48_1,0.8,48,0.0202313127
obj_18_fabric_hat,0.5,4,10,random48_2,0.1,14,0.0946253788
obj_18_fabric_hat,0.5,4,10,random48_2,0.2,28,0.0665235187
obj_18_fabric_hat,0.5,4,10,random48_2,0.4,48,0.0202313127
obj_18_fabric_hat,0.5,4,10,random48_2,0.6,48,0.0202313127
obj_18_fabric_hat,0.5,4,10,random48_2,0.8,48,0.0202313127
obj_18_fabric_hat,0.5,4,10,random48_3,0.1,14,0.17797067
obj_18_fabric_hat,0.5,4,10,random48_3,0.2,28,0.0863394723
obj_18_fabric_hat,0.5,4,10,random48_3,0.4,48,0.0202313127
obj_18_fabric_hat,0.5,4,10,random48_3,0.6,48,0.0202313127
obj_18_fabric_hat,0.5,4,10,random48_3,0.8,48,0.0202313127
obj_18_fabric_hat,0.5,4,10,random48_4,0.1,14,0.0680467764
obj_18_fabric_hat,0.5,4,10,random48_4,0.2,28,0.10061509
obj_18_fabric_hat,0.5,4,10,random48_4,0.4,48,0.0202313127
obj_18_fabric_hat,0.5,4,10,random48_4,0.6,48,0.0202313127
obj_18_fabric_hat,0.5,4,10,random48_4,0.8,48,0.0202313127
obj_18_fabric_hat,0.5,4,100,random48_0,0.1,14,0.122720276
obj_18_fabric_hat,0.5,4,100,random48_0,0.2,28,0.120739215
obj_18_fabric_hat,0.5,4,100,random48_0,0.4,48,0.00223470202
obj_18_fabric_hat,0.5,4,100,random48_0,0.6,48,0.00223470202
obj_18_fabric_hat,0.5,4,100,random48_0,0.8,48,0.00223470202
obj_18_fabric_hat,0.5,4,100,random48_1,0.1,14,0.100895471
obj_18_fabric_hat,0.5,4,100,random48_1,0.2,28,0.0883810782
obj_18_fabric_hat,0.5,4,100,random48_1,0.4,48,0.00223470202
obj_18_fabric_hat,0.5,4,100,random48_1,0.6,48,0.00223470202
obj_18_fabric_hat,0.5,4,100,random48_1,0.8,48,0.00223470202
obj_18_fabric_hat,0.5,4,100,random48_2,0.1,14,0.165396466
obj_18_fabric_hat,0.5,4,100,random48_2,0.2,28,0.189464264
obj_18_fabric_hat,0.5,4,100,random48_2,0.4,48,0.00223470202
obj_18_fabric_hat,0.5,4,100,random48_2,0.6,48,0.00223470202
obj_18_fabric_hat,0.5,4,100,random48_2,0.8,48,0.00223470202
obj_18_fabric_hat,0.5,4,100,random48_3,0.1,14,0.153906736
obj_18_fabric_hat,0.5,4,100,random48_3,0.2,28,0.185046215
obj_18_fabric_hat,0.5,4,100,random48_3,0.4,48,0.00223470202
obj_18_fabric_hat,0.5,4,100,random48_3,0.6,48,0.00223470202
obj_18_fabric_hat,0.5,4,100,random48_3,0.8,48,0.00223470202
obj_18_fabric_hat,0.5,4,100,random48_4,0.1,14,0.0834497559
obj_18_fabric_hat,0.5,4,100,random48_4,0.2,28,0.0213459178
obj_18_fabric_hat,0.5,4,100,random48_4,0.4,48,0.00223470202
obj_18_fabric_hat,0.5,4,100,random48_4,0.6,48,0.00223470202
obj_18_fabric_hat,0.5,4,100,random48_4,0.8,48,0.00223470202
obj_18_fabric_hat,0.5,5,10,random48_0,0.1,14,0.107380343
obj_18_fabric_hat,0.5,5,10,random48_0,0.2,28,0.106771214
obj_18_fabric_hat,0.5,5,10,random48_0,0.4,48,0.0145738084
obj_18_fabric_hat,0.5,5,10,random48_0,0.6,48,0.0145738084
obj_18_fabric_hat,0.5,5,10,random48_0,0.8,48,0.0145738084
obj_18_fabric_hat,0.5,5,10,random48_1,0.1,14,0.106851936
obj_18_fabric_hat,0.5,5,10,random48_1,0.2,28,0.0464268605
obj_18_fabric_hat,0.5,5,10,random48_1,0.4,48,0.0145738084
obj_18_fabric_hat,0.5,5,10,random48_1,0.6,48,0.0145738084
obj_18_fabric_hat,0.5,5,10,random48_1,0.8,48,0.0145738084
obj_18_fabric_hat,0.5,5,10,random48_2,0.1,14,0.0403883957
obj_18_fabric_hat,0.5,5,10,random48_2,0.2,28,0.0401626361
obj_18_fabric_hat,0.5,5,10,random48_2,0.4,48,0.0145738084
obj_18_fabric_hat,0.5,5,10,random48_2,0.6,48,0.0145738084
obj_18_fabric_hat,0.5,5,10,random48_2,0.8,48,0.0145738084
obj_18_fabric_hat,0.5,5,10,random48_3,0.1,14,0.0871826425
obj_18_fabric_hat,0.5,5,10,random48_3,0.2,28,0.0329395325
obj_18_fabric_hat,0.5,5,10,random48_3,0.4,48,0.0145738084
obj_18_fabric_hat,0.5,5,10,random48_3,0.6,48,0.0145738084
obj_18_fabric_hat,0.5,5,10,random48_3,0.8,48,0.0145738084
obj_18_fabric_hat,0.5,5,10,random48_4,0.1,14,0.108845658
obj_18_fabric_hat,0.5,5,10,random48_4,0.2,28,0.102661082
obj_18_fabric_hat,0.5,5,10,random48_4,0.4,48,0.0145738084
obj_18_fabric_hat,0.5,5,10,random48_4,0.6,48,0.0145738084
obj_18_fabric_hat,0.5,5,10,random48_4,0.8,48,0.0145738084
obj_18_fabric_hat,0.5,5,100,random48_0,0.1,14,0.161174193
obj_18_fabric_hat,0.5,5,100,random48_0,0.2,28,0.0927001173
obj_18_fabric_hat,0.5,5,100,random48_0,0.4,48,0.00140210524
obj_18_fabric_hat,0.5,5,100,random48_0,0.6,48,0.00140210524
obj_18_fabric_hat,0.5,5,100,random48_0,0.8,48,0.00140210524
obj_18_fabric_hat,0.5,5,100,random48_1,0.1,14,0.227955262
obj_18_fabric_hat,0.5,5,100,random48_1,0.2,28,0.121078521
obj_18_fabric_hat,0.5,5,100,random48_1,0.4,48,0.00140210524
obj_18_fabric_hat,0.5,5,100,random48_1,0.6,48,0.00140210524
obj_18_fabric_hat,0.5,5,100,random48_1,0.8,48,0.00140210524
obj_18_fabric_hat,0.5,5,100,random48_2,0.1,14,0.248702396
obj_18_fabric_hat,0.5,5,100,random48_2,0.2,28,0.0571487395
obj_18_fabric_hat,0.5,5,100,random48_2,0.4,48,0.00140210524
obj_18_fabric_hat,0.5,5,100,random48_2,0.6,48,0.00140210524
obj_18_fabric_hat,0.5,5,100,random48_2,0.8,48,0.00140210524
obj_18_fabric_hat,0.5,5,100,random48_3,0.1,14,0.100692862
obj_18_fabric_hat,0.5,5,100,random48_3,0.2,28,0.0492357604
obj_18_fabric_hat,0.5,5,100,random48_3,0.4,48,0.00140210524
obj_18_fabric_hat,0.5,5,100,random48_3,0.6,48,0.00140210524
obj_18_fabric_hat,0.5,5,100,random48_3,0.8,48,0.00140210524
obj_18_fabric_hat,0.5,5,100,random48_4,0.1,14,0.0711665869
obj_18_fabric_hat,0.5,5,100,random48_4,0.2,28,0.0911312277
obj_18_fabric_hat,0.5,5,100,random48_4,0.4,48,0.00140210524
obj_18_fabric_hat,0.5,5,100,random48_4,0.6,48,0.00140210524
obj_18_fabric_hat,0.5,5,100,random48_4,0.8,48,0.00140210524
obj_18_fabric_hat,0.5,6,10,random48_0,0.1,14,0.045818326
obj_18_fabric_hat,0.5,6,10,random48_0,0.2,28,0.000446132749
obj_18_fabric_hat,0.5,6,10,random48_0,0.4,48,0.00137542178
obj_18_fabric_hat,0.5,6,10,random48_0,0.6,48,0.00137542178
obj_18_fabric_hat,0.5,6,10,random48_0,0.8,48,0.00137542178
obj_18_fabric_hat,0.5,6,10,random48_1,0.1,14,0.0877743689
obj_18_fabric_hat,0.5,6,10,random48_1,0.2,28,0.114677927
obj_18_fabric_hat,0.5,6,10,random48_1,0.4,48,0.00137542178
obj_18_fabric_hat,0.5,6,10,random48_1,0.6,48,0.00137542178
obj_18_fabric_hat,0.5,6,10,random48_1,0.8,48,0.00137542178
obj_18_fabric_hat,0.5,6,10,random48_2,0.1,14,0.0777357803
obj_18_fabric_hat,0.5,6,10,random48_2,0.2,28,0.148424092
obj_18_fabric_hat,0.5,6,10,random48_2,0.4,48,0.00137542178
obj_18_fabric_hat,0.5,6,10,random48_2,0.6,48,0.00137542178
obj_18_fabric_hat,0.5,6,10,random48_2,0.8,48,0.00137542178
obj_18_fabric_hat,0.5,6,10,random48_3,0.1,14,0.0915912822
obj_18_fabric_hat,0.5,6,10,random48_3,0.2,28,0.133864698
obj_18_fabric_hat,0.5,6,10,random48_3,0.4,48,0.00137542178
obj_18_fabric_hat,0.5,6,10,random48_3,0.6,48,0.00137542178
obj_18_fabric_hat,0.5,6,10,random48_3,0.8,48,0.00137542178
obj_18_fabric_hat,0.5,6,10,random48_4,0.1,14,0.0878045521
obj_18_fabric_hat,0.5,6,10,random48_4,0.2,28,0.0255360506
obj_18_fabric_hat,0.5,6,10,random48_4,0.4,48,0.00137542178
obj_18_fabric_hat,0.5,6,10,random48_4,0.6,48,0.00137542178
obj_18_fabric_hat,0.5,6,10,random48_4,0.8,48,0.00137542178
obj_18_fabric_hat,0.5,6,100,random48_0,0.1,14,0.163820672
obj_18_fabric_hat,0.5,6,100,random48_0,0.2,28,0.0596299014
obj_18_fabric_hat,0.5,6,100,random48_0,0.4,48,0.000215303523
obj_18_fabric_hat,0.5,6,100,random48_0,0.6,48,0.000215303523
obj_18_fabric_hat,0.5,6,100,random48_0,0.8,48,0.000215303523
obj_18_fabric_hat,0.5,6,100,random48_1,0.1,14,0.0972263785
obj_18_fabric_hat,0.5,6,100,random48_1,0.2,28,0.0811437582
obj_18_fabric_hat,0.5,6,100,random48_1,0.4,48,0.000215303523
obj_18_fabric_hat,0.5,6,100,random48_1,0.6,48,0.000215303523
obj_18_fabric_hat,0.5,6,100,random48_1,0.8,48,0.000215303523
obj_18_fabric_hat,0.5,6,100,random48_2,0.1,14,0.12513232
obj_18_fabric_hat,0.5,6,100,random48_2,0.2,28,0.1336886
obj_18_fabric_hat,0.5,6,100,random48_2,0.4,48,0.000215303523
obj_18_fabric_hat,0.5,6,100,random48_2,0.6,48,0.000215303523
obj_18_fabric_hat,0.5,6,100,random48_2,0.8,48,0.000215303523
obj_18_fabric_hat,0.5,6,100,random48_3,0.1,14,0.0944420277
obj_18_fabric_hat,0.5,6,100,random48_3,0.2,28,0.197809578
obj_18_fabric_hat,0.5,6,100,random48_3,0.4,48,0.000215303523
obj_18_fabric_hat,0.5,6,100,random48_3,0.6,48,0.000215303523
obj_18_fabric_hat,0.5,6,100,random48_3,0.8,48,0.000215303523
obj_18_fabric_hat,0.5,6,100,random48_4,0.1,14,0.118736607
obj_18_fabric_hat,0.5,6,100,random48_4,0.2,28,0.208572385
obj_18_fabric_hat,0.5,6,100,random48_4,0.4,48,0.000215303523
obj_18_fabric_hat,0.5,6,100,random48_4,0.6,48,0.000215303523
obj_18_fabric_hat,0.5,6,100,random48_4,0.8,48,0.000215303523
obj_18_fabric_hat,0.5,7,10,random48_0,0.1,14,0.100270142
obj_18_fabric_hat,0.5,7,10,random48_0,0.2,28,0.0250780996
obj_18_fabric_hat,0.5,7,10,random48_0,0.4,48,0.00952263149
obj_18_fabric_hat,0.5,7,10,random48_0,0.6,48,0.00952263149
obj_18_fabric_hat,0.5,7,10,random48_0,0.8,48,0.00952263149
obj_18_fabric_hat,0.5,7,10,random48_1,0.1,14,0.159000905
obj_18_fabric_hat,0.5,7,10,random48_1,0.2,28,0.173892994
obj_18_fabric_hat,0.5,7,10,random48_1,0.4,48,0.00952263149
obj_18_fabric_hat,0.5,7,10,random48_1,0.6,48,0.00952263149
obj_18_fabric_hat,0.5,7,10,random48_1,0.8,48,0.00952263149
obj_18_fabric_hat,0.5,7,10,random48_2,0.1,14,0.0817362853
obj_18_fabric_hat,0.5,7,10,random48_2,0.2,28,0.119246085
obj_18_fabric_hat,0.5,7,10,random48_2,0.4,48,0.00952263149
obj_18_fabric_hat,0.5,7,10,random48_2,0.6,48,0.00952263149
obj_18_fabric_hat,0.5,7,10,random48_2,0.8,48,0.00952263149
obj_18_fabric_hat,0.5,7,10,random48_3,0.1,14,0.135659124
obj_18_fabric_hat,0.5,7,10,random48_3,0.2,28,0.0655030628
obj_18_fabric_hat,0.5,7,10,random48_3,0.4,48,0.00952263149
obj_18_fabric_hat,0.5,7,10,random48_3,0.6,48,0.00952263149
obj_18_fabric_hat,0.5,7,10,random48_3,0.8,48,0.00952263149
obj_18_fabric_hat,0.5,7,10,random48_4,0.1,14,0.0760670547
obj_18_fabric_hat,0.5,7,10,random48_4,0.2,28,0.120685244
obj_18_fabric_hat,0.5,7,10,random48_4,0.4,48,0.00952263149
obj_18_fabric_hat,0.5,7,10,random48_4,0.6,48,0.00952263149
obj_18_fabric_hat,0.5,7,10,random48_4,0.8,48,0.00952263149
obj_18_fabric_hat,0.5,7,100,random48_0,0.1,14,0.123267603
obj_18_fabric_hat,0.5,7,100,random48_0,0.2,28,0.0109925121
obj_18_fabric_hat,0.5,7,100,random48_0,0.4,48,0.000841298291
obj_18_fabric_hat,0.5,7,100,random48_0,0.6,48,0.000841298291
obj_18_fabric_hat,0.5,7,100,random48_0,0.8,48,0.000841298291
obj_18_fabric_hat,0.5,7,100,random48_1,0.1,14,0.0782633376
obj_18_fabric_hat,0.5,7,100,random48_1,0.2,28,0.228389973
obj_18_fabric_hat,0.5,7,100,random48_1,0.4,48,0.000841298291
obj_18_fabric_hat,0.5,7,100,random48_1,0.6,48,0.000841298291
obj_18_fabric_hat,0.5,7,100,random48_1,0.8,48,0.000841298291
obj_18_fabric_hat,0.5,7,100,random48_2,0.1,14,0.0846679424
obj_18_fabric_hat,0.5,7,100,random48_2,0.2,28,0.0722773793
obj_18_fabric_hat,0.5,7,100,random48_2,0.4,48,0.000841298291
obj_18_fabric_hat,0.5,7,100,random48_2,0.6,48,0.000841298291
obj_18_fabric_hat,0.5,7,100,random48_2,0.8,48,0.000841298291
obj_18_fabric_hat,0.5,7,100,random48_3,0.1,14,0.168380179
obj_18_fabric_hat,0.5,7,100,random48_3,0.2,28,0.196708742
obj_18_fabric_hat,0.5,7,100,random48_3,0.4,48,0.000841298291
obj_18_fabric_hat,0.5,7,100,random48_3,0.6,48,0.000841298291
obj_18_fabric_hat,0.5,7,100,random48_3,0.8,48,0.000841298291
obj_18_fabric_hat,0.5,7,100,random48_4,0.1,14,0.267853849
obj_18_fabric_hat,0.5,7,100,random48_4,0.2,28,0.192374166
obj_18_fabric_hat,0.5,7,100,random48_4,0.4,48,0.000841298291
obj_18_fabric_hat,0.5,7,100,random48_4,0.6,48,0.000841298291
obj_18_fabric_hat,0.5,7,100,random48_4,0.8,48,0.000841298291
obj_18_fabric_hat,0.5,8,10,random48_0,0.1,14,0.216132945
obj_18_fabric_hat,0.5,8,10,random48_0,0.2,28,0.245739423
obj_18_fabric_hat,0.5,8,10,random48_0,0.4,48,0.017746023
obj_18_fabric_hat,0.5,8,10,random48_0,0.6,48,0.017746023
obj_18_fabric_hat,0.5,8,10,random48_0,0.8,48,0.017746023
obj_18_fabric_hat,0.5,8,10,random48_1,0.1,14,0.182173838
obj_18_fabric_hat,0.5,8,10,random48_1,0.2,28,0.182325073
obj_18_fabric_hat,0.5,8,10,random48_1,0.4,48,0.017746023
obj_18_fabric_hat,0.5,8,10,random48_1,0.6,48,0.017746023
obj_18_fabric_hat,0.5,8,10,random48_1,0.8,48,0.017746023
obj_18_fabric_hat,0.5,8,10,random48_2,0.1,14,0.131016668
obj_18_fabric_hat,0.5,8,10,random48_2,0.2,28,0.191786657
obj_18_fabric_hat,0.5,8,10,random48_2,0.4,48,0.017746023
obj_18_fabric_hat,0.5,8,10,random48_2,0.6,48,0.017746023
obj_18_fabric_hat,0.5,8,10,random48_2,0.8,48,0.017746023
obj_18_fabric_hat,0.5,8,10,random48_3,0.1,14,0.0332045668
obj_18_fabric_hat,0.5,8,10,random48_3,0.2,28,0.0304519683
obj_18_fabric_hat,0.5,8,10,random48_3,0.4,48,0.017746023
obj_18_fabric_hat,0.5,8,10,random48_3,0.6,48,0.017746023
obj_18_fabric_hat,0.5,8,10,random48_3,0.8,48,0.017746023
obj_18_fabric_hat,0.5,8,10,random48_4,0.1,14,0.0693517449
obj_18_fabric_hat,0.5,8,10,random48_4,0.2,28,0.0409922607
obj_18_fabric_hat,0.5,8,10,random48_4,0.4,48,0.017746023
obj_18_fabric_hat,0.5,8,10,random48_4,0.6,48,0.017746023
obj_18_fabric_hat,0.5,8,10,random48_4,0.8,48,0.017746023
obj_18_fabric_hat,0.5,8,100,random48_0,0.1,14,0.136484654
obj_18_fabric_hat,0.5,8,100,random48_0,0.2,28,0.250019325
obj_18_fabric_hat,0.5,8,100,random48_0,0.4,48,0.00139748399
obj_18_fabric_hat,0.5,8,100,random48_0,0.6,48,0.00139748399
obj_18_fabric_hat,0.5,8,100,random48_0,0.8,48,0.00139748399
obj_18_fabric_hat,0.5,8,100,random48_1,0.1,14,0.133644599
obj_18_fabric_hat,0.5,8,100,random48_1,0.2,28,0.195224779
obj_18_fabric_hat,0.5,8,100,random48_1,0.4,48,0.00139748399
obj_18_fabric_hat,0.5,8,100,random48_1,0.6,48,0.00139748399
obj_18_fabric_hat,0.5,8,100,random48_1,0.8,48,0.00139748399
obj_18_fabric_hat,0.5,8,100,random48_2,0.1,14,0.203235951
obj_18_fabric_hat,0.5,8,100,random48_2,0.2,28,0.22419615
obj_18_fabric_hat,0.5,8,100,random48_2,0.4,48,0.00139748399
obj_18_fabric_hat,0.5,8,100,random48_2,0.6,48,0.00139748399
obj_18_fabric_hat,0.5,8,100,random48_2,0.8,48,0.00139748399
obj_18_fabric_hat,0.5,8,100,random48_3,0.1,14,0.0710295632
obj_18_fabric_hat,0.5,8,100,random48_3,0.2,28,0.0877010981
obj_18_fabric_hat,0.5,8,100,random48_3,0.4,48,0.00139748399
obj_18_fabric_hat,0.5,8,100,random48_3,0.6,48,0.00139748399
obj_18_fabric_hat,0.5,8,100,random48_3,0.8,48,0.00139748399
obj_18_fabric_hat,0.5,8,100,random48_4,0.1,14,0.0200264139
obj_18_fabric_hat,0.5,8,100,random48_4,0.2,28,0.00967806995
obj_18_fabric_hat,0.5,8,100,random48_4,0.4,48,0.00139748399
obj_18_fabric_hat,0.5,8,100,random48_4,0.6,48,0.00139748399
obj_18_fabric_hat,0.5,8,100,random48_4,0.8,48,0.00139748399
obj_18_fabric_hat,0.5,9,10,random48_0,0.1,14,0.0443624882
obj_18_fabric_hat,0.5,9,10,random48_0,0.2,28,0.0111125559
obj_18_fabric_hat,0.5,9,10,random48_0,0.4,48,0.0170337935
obj_18_fabric_hat,0.5,9,10,random48_0,0.6,48,0.0170337935
obj_18_fabric_hat,0.5,9,10,random48_0,0.8,48,0.0170337935
obj_18_fabric_hat,0.5,9,10,random48_1,0.1,14,0.0521792796
obj_18_fabric_hat,0.5,9,10,random48_1,0.2,28,0.0364942655
obj_18_fabric_hat,0.5,9,10,random48_1,0.4,48,0.0170337935
obj_18_fabric_hat,0.5,9,10,random48_1,0.6,48,0.0170337935
obj_18_fabric_hat,0.5,9,10,random48_1,0.8,48,0.0170337935
obj_18_fabric_hat,0.5,9,10,random48_2,0.1,14,0.0293999106
obj_18_fabric_hat,0.5,9,10,random48_2,0.2,28,0.120537551
obj_18_fabric_hat,0.5,9,10,random48_2,0.4,48,0.0170337935
obj_18_fabric_hat,0.5,9,10,random48_2,0.6,48,0.0170337935
obj_18_fabric_hat,0.5,9,10,random48_2,0.8,48,0.0170337935
obj_18_fabric_hat,0.5,9,10,random48_3,0.1,14,0.0162443553
obj_18_fabric_hat,0.5,9,10,random48_3,0.2,28,0.0344726726
obj_18_fabric_hat,0.5,9,10,random48_3,0.4,48,0.0170337935
obj_18_fabric_hat,0.5,9,10,random48_3,0.6,48,0.0170337935
obj_18_fabric_hat,0.5,9,10,random48_3,0.8,48,0.0170337935
obj_18_fabric_hat,0.5,9,10,random48_4,0.1,14,0.0402605741
obj_18_fabric_hat,0.5,9,10,random48_4,0.2,28,0.0183799688
obj_18_fabric_hat,0.5,9,10,random48_4,0.4,48,0.0170337935
obj_18_fabric_hat,0.5,9,10,random48_4,0.6,48,0.0170337935
obj_18_fabric_hat,0.5,9,10,random48_4,0.8,48,0.0170337935
obj_18_fabric_hat,0.5,9,100,random48_0,0.1,14,0.0802256664
obj_18_fabric_hat,0.5,9,100,random48_0,0.2,28,0.0979326842
obj_18_fabric_hat,0.5,9,100,random48_0,0.4,48,0.00236380603
obj_18_fabric_hat,0.5,9,100,random48_0,0.6,48,0.00236380603
obj_18_fabric_hat,0.5,9,100,random48_0,0.8,48,0.00236380603
obj_18_fabric_hat,0.5,9,100,random48_1,0.1,14,0.0694371309
obj_18_fabric_hat,0.5,9,100,random48_1,0.2,28,0.103643068
obj_18_fabric_hat,0.5,9,100,random48_1,0.4,48,0.00236380603
obj_18_fabric_hat,0.5,9,100,random48_1,0.6,48,0.00236380603
obj_18_fabric_hat,0.5,9,100,random48_1,0.8,48,0.00236380603
obj_18_fabric_hat,0.5,9,100,random48_2,0.1,14,0.0488420489
obj_18_fabric_hat,0.5,9,100,random48_2,0.2,28,0.0188555304
obj_18_fabric_hat,0.5,9,100,random48_2,0.4,48,0.00236380603
obj_18_fabric_hat,0.5,9,100,random48_2,0.6,48,0.00236380603
obj_18_fabric_hat,0.5,9,100,random48_2,0.8,48,0.00236380603
obj_18_fabric_hat,0.5,9,100,random48_3,0.1,14,0.0662968564
obj_18_fabric_hat,0.5,9,100,random48_3,0.2,28,0.0847855941
obj_18_fabric_hat,0.5,9,100,random48_3,0.4,48,0.00236380603
obj_18_fabric_hat,0.5,9,100,random48_3,0.6,48,0.00236380603
obj_18_fabric_hat,0.5,9,100,random48_3,0.8,48,0.00236380603
obj_18_fabric_hat,0.5,9,100,random48_4,0.1,14,0.0702123361
obj_18_fabric_hat,0.5,9,100,random48_4,0.2,28,0.0782985763
obj_18_fabric_hat,0.5,9,100,random48_4,0.4,48,0.00236380603
obj_18_fabric_hat,0.5,9,100,random48_4,0.6,48,0.00236380603
obj_18_fabric_hat,0.5,9,100,random48_4,0.8,48,0.00236380603
obj_18_fabric_hat,1.0,0,10,random48_0,0.1,14,0.691712382
obj_18_fabric_hat,1.0,0,10,random48_0,0.2,28,1.00149975
obj_18_fabric_hat,1.0,0,10,random48_0,0.4,48,0.122954726
obj_18_fabric_hat,1.0,0,10,random48_0,0.6,48,0.122954726
obj_18_fabric_hat,1.0,0,10,random48_0,0.8,48,0.122954726
obj_18_fabric_hat,1.0,0,10,random48_1,0.1,14,0.769368323
obj_18_fabric_hat,1.0,0,10,random48_1,0.2,28,1.66447959
obj_18_fabric_hat,1.0,0,10,random48_1,0.4,48,0.122954726
obj_18_fabric_hat,1.0,0,10,random48_1,0.6,48,0.122954726
obj_18_fabric_hat,1.0,0,10,random48_1,0.8,48,0.122954726
obj_18_fabric_hat,1.0,0,10,random48_2,0.1,14,0.229188775
obj_18_fabric_hat,1.0,0,10,random48_2,0.2,28,0.763890377
obj_18_fabric_hat,1.0,0,10,random48_2,0.4,48,0.122954726
obj_18_fabric_hat,1.0,0,10,random48_2,0.6,48,0.122954726
obj_18_fabric_hat,1.0,0,10,random48_2,0.8,48,0.122954726
obj_18_fabric_hat,1.0,0,10,random48_3,0.1,14,0.603891802
obj_18_fabric_hat,1.0,0,10,random48_3,0.2,28,0.818819685
obj_18_fabric_hat,1.0,0,10,random48_3,0.4,48,0.122954726
obj_18_fabric_hat,1.0,0,10,random48_3,0.6,48,0.122954726
obj_18_fabric_hat,1.0,0,10,random48_3,0.8,48,0.122954726
obj_18_fabric_hat,1.0,0,10,random48_4,0.1,14,0.355720551
obj_18_fabric_hat,1.0,0,10,random48_4,0.2,28,0.782356747
obj_18_fabric_hat,1.0,0,10,random48_4,0.4,48,0.122954726
obj_18_fabric_hat,1.0,0,10,random48_4,0.6,48,0.122954726
obj_18_fabric_hat,1.0,0,10,random48_4,0.8,48,0.122954726
obj_18_fabric_hat,1.0,0,100,random48_0,0.1,14,0.186737176
obj_18_fabric_hat,1.0,0,100,random48_0,0.2,28,0.674038673
obj_18_fabric_hat,1.0,0,100,random48_0,0.4,48,0.0123501398
obj_18_fabric_hat,1.0,0,100,random48_0,0.6,48,0.0123501398
obj_18_fabric_hat,1.0,0,100,random48_0,0.8,48,0.0123501398
obj_18_fabric_hat,1.0,0,100,random48_1,0.1,14,0.29355661
obj_18_fabric_hat,1.0,0,100,random48_1,0.2,28,0.758869365
obj_18_fabric_hat,1.0,0,100,random48_1,0.4,48,0.0123501398
obj_18_fabric_hat,1.0,0,100,random48_1,0.6,48,0.0123501398
obj_18_fabric_hat,1.0,0,100,random48_1,0.8,48,0.0123501398
obj_18_fabric_hat,1.0,0,100,random48_2,0.1,14,0.354671491
obj_18_fabric_hat,1.0,0,100,random48_2,0.2,28,0.436026908
obj_18_fabric_hat,1.0,0,100,random48_2,0.4,48,0.0123501398
obj_18_fabric_hat,1.0,0,100,random48_2,0.6,48,0.0123501398
obj_18_fabric_hat,1.0,0,100,random48_2,0.8,48,0.0123501398
obj_18_fabric_hat,1.0,0,100,random48_3,0.1,14,0.313885714
obj_18_fabric_hat,1.0,0,100,random48_3,0.2,28,0.362439854
obj_18_fabric_hat,1.0,0,100,random48_3,0.4,48,0.0123501398
obj_18_fabric_hat,1.0,0,100,random48_3,0.6,48,0.0123501398
obj_18_fabric_hat,1.0,0,100,random48_3,0.8,48,0.0123501398
obj_18_fabric_hat,1.0,0,100,random48_4,0.1,14,1.19259095
obj_18_fabric_hat,1.0,0,100,random48_4,0.2,28,0.47869793
obj_18_fabric_hat,1.0,0,100,random48_4,0.4,48,0.0123501398
obj_18_fabric_hat,1.0,0,100,random48_4,0.6,48,0.0123501398
obj_18_fabric_hat,1.0,0,100,random48_4,0.8,48,0.0123501398
obj_18_fabric_hat,1.0,1,10,random48_0,0.1,14,0.293149744
obj_18_fabric_hat,1.0,1,10,random48_0,0.2,28,0.202576675
obj_18_fabric_hat,1.0,1,10,random48_0,0.4,48,0.0324907902
obj_18_fabric_hat,1.0,1,10,random48_0,0.6,48,0.0324907902
obj_18_fabric_hat,1.0,1,10,random48_0,0.8,48,0.0324907902
obj_18_fabric_hat,1.0,1,10,random48_1,0.1,14,0.250756941
obj_18_fabric_hat,1.0,1,10,random48_1,0.2,28,0.343139636
obj_18_fabric_hat,1.0,1,10,random48_1,0.4,48,0.0324907902
obj_18_fabric_hat,1.0,1,10,random48_1,0.6,48,0.0324907902
obj_18_fabric_hat,1.0,1,10,random48_1,0.8,48,0.0324907902
obj_18_fabric_hat,1.0,1,10,random48_2,0.1,14,0.0813708316
obj_18_fabric_hat,1.0,1,10,random48_2,0.2,28,0.162899684
obj_18_fabric_hat,1.0,1,10,random48_2,0.4,48,0.0324907902
obj_18_fabric_hat,1.0,1,10,random48_2,0.6,48,0.0324907902
obj_18_fabric_hat,1.0,1,10,random48_2,0.8,48,0.0324907902
obj_18_fabric_hat,1.0,1,10,random48_3,0.1,14,0.154800398
obj_18_fabric_hat,1.0,1,10,random48_3,0.2,28,0.044103483
obj_18_fabric_hat,1.0,1,10,random48_3,0.4,48,0.0324907902
obj_18_fabric_hat,1.0,1,10,random48_3,0.6,48,0.0324907902
obj_18_fabric_hat,1.0,1,10,random48_3,0.8,48,0.0324907902
obj_18_fabric_hat,1.0,1,10,random48_4,0.1,14,0.0711059132
obj_18_fabric_hat,1.0,1,10,random48_4,0.2,28,0.195593997
obj_18_fabric_hat,1.0,1,10,random48_4,0.4,48,0.0324907902
obj_18_fabric_hat,1.0,1,10,random48_4,0.6,48,0.0324907902
obj_18_fabric_hat,1.0,1,10,random48_4,0.8,48,0.0324907902
obj_18_fabric_hat,1.0,1,100,random48_0,0.1,14,0.177973362
obj_18_fabric_hat,1.0,1,100,random48_0,0.2,28,0.38726558
obj_18_fabric_hat,1.0,1,100,random48_0,0.4,48,0.00394563994
obj_18_fabric_hat,1.0,1,100,random48_0,0.6,48,0.00394563994
obj_18_fabric_hat,1.0,1,100,random48_0,0.8,48,0.00394563994
obj_18_fabric_hat,1.0,1,100,random48_1,0.1,14,0.246735048
obj_18_fabric_hat,1.0,1,100,random48_1,0.2,28,0.536783881
obj_18_fabric_hat,1.0,1,100,random48_1,0.4,48,0.00394563994
obj_18_fabric_hat,1.0,1,100,random48_1,0.6,48,0.00394563994
obj_18_fabric_hat,1.0,1,100,random48_1,0.8,48,0.00394563994
obj_18_fabric_hat,1.0,1,100,random48_2,0.1,14,0.196751842
obj_18_fabric_hat,1.0,1,100,random48_2,0.2,28,0.183421613
obj_18_fabric_hat,1.0,1,100,random48_2,0.4,48,0.00394563994
obj_18_fabric_hat,1.0,1,100,random48_2,0.6,48,0.00394563994
obj_18_fabric_hat,1.0,1,100,random48_2,0.8,48,0.00394563994
obj_18_fabric_hat,1.0,1,100,random48_3,0.1,14,0.110827046
obj_18_fabric_hat,1.0,1,100,random48_3,0.2,28,0.446138527
obj_18_fabric_hat,1.0,1,100,random48_3,0.4,48,0.00394563994
obj_18_fabric_hat,1.0,1,100,random48_3,0.6,48,0.00394563994
obj_18_fabric_hat,1.0,1,100,random48_3,0.8,48,0.00394563994
obj_18_fabric_hat,1.0,1,100,random48_4,0.1,14,0.399220428
obj_18_fabric_hat,1.0,1,100,random48_4,0.2,28,0.531255309
obj_18_fabric_hat,1.0,1,100,random48_4,0.4,48,0.00394563994
obj_18_fabric_hat,1.0,1,100,random48_4,0.6,48,0.00394563994
obj_18_fabric_hat,1.0,1,100,random48_4,0.8,48,0.00394563994
obj_18_fabric_hat,1.0,2,10,random48_0,0.1,14,0.0666111567
obj_18_fabric_hat,1.0,2,10,random48_0,0.2,28,0.109694738
obj_18_fabric_hat,1.0,2,10,random48_0,0.4,48,0.00962812916
obj_18_fabric_hat,1.0,2,10,random48_0,0.6,48,0.00962812916
obj_18_fabric_hat,1.0,2,10,random48_0,0.8,48,0.00962812916
obj_18_fabric_hat,1.0,2,10,random48_1,0.1,14,0.0476241667
obj_18_fabric_hat,1.0,2,10,random48_1,0.2,28,0.197054903
obj_18_fabric_hat,1.0,2,10,random48_1,0.4,48,0.00962812916
obj_18_fabric_hat,1.0,2,10,random48_1,0.6,48,0.00962812916
obj_18_fabric_hat,1.0,2,10,random48_1,0.8,48,0.00962812916
obj_18_fabric_hat,1.0,2,10,random48_2,0.1,14,0.0653178357
obj_18_fabric_hat,1.0,2,10,random48_2,0.2,28,0.148579973
obj_18_fabric_hat,1.0,2,10,random48_2,0.4,48,0.00962812916
obj_18_fabric_hat,1.0,2,10,random48_2,0.6,48,0.00962812916
obj_18_fabric_hat,1.0,2,10,random48_2,0.8,48,0.00962812916
obj_18_fabric_hat,1.0,2,10,random48_3,0.1,14,0.0878186891
obj_18_fabric_hat,1.0,2,10,random48_3,0.2,28,0.137751649
obj_18_fabric_hat,1.0,2,10,random48_3,0.4,48,0.00962812916
obj_18_fabric_hat,1.0,2,10,random48_3,0.6,48,0.00962812916
obj_18_fabric_hat,1.0,2,10,random48_3,0.8,48,0.00962812916
obj_18_fabric_hat,1.0,2,10,random48_4,0.1,14,0.0472887719
obj_18_fabric_hat,1.0,2,10,random48_4,0.2,28,0.0953374132
obj_18_fabric_hat,1.0,2,10,random48_4,0.4,48,0.00962812916
obj_18_fabric_hat,1.0,2,10,random48_4,0.6,48,0.00962812916
obj_18_fabric_hat,1.0,2,10,random48_4,0.8,48,0.00962812916
obj_18_fabric_hat,1.0,2,100,random48_0,0.1,14,0.133544333
obj_18_fabric_hat,1.0,2,100,random48_0,0.2,28,0.191016886
obj_18_fabric_hat,1.0,2,100,random48_0,0.4,48,0.00593559471
obj_18_fabric_hat,1.0,2,100,random48_0,0.6,48,0.00593559471
obj_18_fabric_hat,1.0,2,100,random48_0,0.8,48,0.00593559471
obj_18_fabric_hat,1.0,2,100,random48_1,0.1,14,0.12187362
obj_18_fabric_hat,1.0,2,100,random48_1,0.2,28,0.0277701929
obj_18_fabric_hat,1.0,2,100,random48_1,0.4,48,0.00593559471
obj_18_fabric_hat,1.0,2,100,random48_1,0.6,48,0.00593559471
obj_18_fabric_hat,1.0,2,100,random48_1,0.8,48,0.00593559471
obj_18_fabric_hat,1.0,2,100,random48_2,0.1,14,0.0775592972
obj_18_fabric_hat,1.0,2,100,random48_2,0.2,28,0.184551151
obj_18_fabric_hat,1.0,2,100,random48_2,0.4,48,0.00593559471
obj_18_fabric_hat,1.0,2,100,random48_2,0.6,48,0.00593559471
obj_18_fabric_hat,1.0,2,100,random48_2,0.8,48,0.00593559471
obj_18_fabric_hat,1.0,2,100,random48_3,0.1,14,0.0410983881
obj_18_fabric_hat,1.0,2,100,random48_3,0.2,28,0.0323190155
obj_18_fabric_hat,1.0,2,100,random48_3,0.4,48,0.00593559471
obj_18_fabric_hat,1.0,2,100,random48_3,0.6,48,0.00593559471
obj_18_fabric_hat,1.0,2,100,random48_3,0.8,48,0.00593559471
obj_18_fabric_hat,1.0,2,100,random48_4,0.1,14,0.0660274163
obj_18_fabric_hat,1.0,2,100,random48_4,0.2,28,0.340341177
obj_18_fabric_hat,1.0,2,100,random48_4,0.4,48,0.00593559471
obj_18_fabric_hat,1.0,2,100,random48_4,0.6,48,0.00593559471
obj_18_fabric_hat,1.0,2,100,random48_4,0.8,48,0.00593559471
obj_18_fabric_hat,1.0,3,10,random48_0,0.1,14,0.131208769
obj_18_fabric_hat,1.0,3,10,random48_0,0.2,28,0.0744559933
obj_18_fabric_hat,1.0,3,10,random48_0,0.4,48,0.0215414349
obj_18_fabric_hat,1.0,3,10,random48_0,0.6,48,0.0215414349
obj_18_fabric_hat,1.0,3,10,random48_0,0.8,48,0.0215414349
obj_18_fabric_hat,1.0,3,10,random48_1,0.1,14,0.0415633886
obj_18_fabric_hat,1.0,3,10,random48_1,0.2,28,0.195999717
obj_18_fabric_hat,1.0,3,10,random48_1,0.4,48,0.0215414349
obj_18_fabric_hat,1.0,3,10,random48_1,0.6,48,0.0215414349
obj_18_fabric_hat,1.0,3,10,random48_1,0.8,48,0.0215414349
obj_18_fabric_hat,1.0,3,10,random48_2,0.1,14,0.0514054399
obj_18_fabric_hat,1.0,3,10,random48_2,0.2,28,0.194449338
obj_18_fabric_hat,1.0,3,10,random48_2,0.4,48,0.0215414349
obj_18_fabric_hat,1.0,3,10,random48_2,0.6,48,0.0215414349
obj_18_fabric_hat,1.0,3,10,random48_2,0.8,48,0.0215414349
obj_18_fabric_hat,1.0,3,10,random48_3,0.1,14,0.157486002
obj_18_fabric_hat,1.0,3,10,random48_3,0.2,28,0.456738296
obj_18_fabric_hat,1.0,3,10,random48_3,0.4,48,0.0215414349
obj_18_fabric_hat,1.0,3,10,random48_3,0.6,48,0.0215414349
obj_18_fabric_hat,1.0,3,10,random48_3,0.8,48,0.0215414349
obj_18_fabric_hat,1.0,3,10,random48_4,0.1,14,0.0160990699
obj_18_fabric_hat,1.0,3,10,random48_4,0.2,28,0.113659311
obj_18_fabric_hat,1.0,3,10,random48_4,0.4,48,0.0215414349
obj_18_fabric_hat,1.0,3,10,random48_4,0.6,48,0.0215414349
obj_18_fabric_hat,1.0,3,10,random48_4,0.8,48,0.0215414349
obj_18_fabric_hat,1.0,3,100,random48_0,0.1,14,0.0893703572
obj_18_fabric_hat,1.0,3,100,random48_0,0.2,28,0.108664279
obj_18_fabric_hat,1.0,3,100,random48_0,0.4,48,0.00304966714
obj_18_fabric_hat,1.0,3,100,random48_0,0.6,48,0.00304966714
obj_18_fabric_hat,1.0,3,100,random48_0,0.8,48,0.00304966714
obj_18_fabric_hat,1.0,3,100,random48_1,0.1,14,0.185612869
obj_18_fabric_hat,1.0,3,100,random48_1,0.2,28,0.519397082
obj_18_fabric_hat,1.0,3,100,random48_1,0.4,48,0.00304966714
obj_18_fabric_hat,1.0,3,100,random48_1,0.6,48,0.00304966714
obj_18_fabric_hat,1.0,3,100,random48_1,0.8,48,0.00304966714
obj_18_fabric_hat,1.0,3,100,random48_2,0.1,14,0.136212709
obj_18_fabric_hat,1.0,3,100,random48_2,0.2,28,0.366490788
obj_18_fabric_hat,1.0,3,100,random48_2,0.4,48,0.00304966714
obj_18_fabric_hat,1.0,3,100,random48_2,0.6,48,0.00304966714
obj_18_fabric_hat,1.0,3,100,random48_2,0.8,48,0.00304966714
obj_18_fabric_hat,1.0,3,100,random48_3,0.1,14,0.107410516
obj_18_fabric_hat,1.0,3,100,random48_3,0.2,28,0.522357858
obj_18_fabric_hat,1.0,3,100,random48_3,0.4,48,0.00304966714
obj_18_fabric_hat,1.0,3,100,random48_3,0.6,48,0.00304966714
obj_18_fabric_hat,1.0,3,100,random48_3,0.8,48,0.00304966714
obj_18_fabric_hat,1.0,3,100,random48_4,0.1,14,0.0711126137
obj_18_fabric_hat,1.0,3,100,random48_4,0.2,28,0.379707055
obj_18_fabric_hat,1.0,3,100,random48_4,0.4,48,0.00304966714
obj_18_fabric_hat,1.0,3,100,random48_4,0.6,48,0.00304966714
obj_18_fabric_hat,1.0,3,100,random48_4,0.8,48,0.00304966714
obj_18_fabric_hat,1.0,4,10,random48_0,0.1,14,0.648913912
obj_18_fabric_hat,1.0,4,10,random48_0,0.2,28,1.00225846
obj_18_fabric_hat,1.0,4,10,random48_0,0.4,48,0.198979645
obj_18_fabric_hat,1.0,4,10,random48_0,0.6,48,0.198979645
obj_18_fabric_hat,1.0,4,10,random48_0,0.8,48,0.198979645
obj_18_fabric_hat,1.0,4,10,random48_1,0.1,14,0.367580978
obj_18_fabric_hat,1.0,4,10,random48_1,0.2,28,0.486030223
obj_18_fabric_hat,1.0,4,10,random48_1,0.4,48,0.198979645
obj_18_fabric_hat,1.0,4,10,random48_1,0.6,48,0.198979645
obj_18_fabric_hat,1.0,4,10,random48_1,0.8,48,0.198979645
obj_18_fabric_hat,1.0,4,10,random48_2,0.1,14,0.54564874
obj_18_fabric_hat,1.0,4,10,random48_2,0.2,28,0.459673579
obj_18_fabric_hat,1.0,4,10,random48_2,0.4,48,0.198979645
obj_18_fabric_hat,1.0,4,10,random48_2,0.6,48,0.198979645
obj_18_fabric_hat,1.0,4,10,random48_2,0.8,48,0.198979645
obj_18_fabric_hat,1.0,4,10,random48_3,0.1,14,1.08811229
obj_18_fabric_hat,1.0,4,10,random48_3,0.2,28,1.25215473
obj_18_fabric_hat,1.0,4,10,random48_3,0.4,48,0.198979645
obj_18_fabric_hat,1.0,4,10,random48_3,0.6,48,0.198979645
obj_18_fabric_hat,1.0,4,10,random48_3,0.8,48,0.198979645
obj_18_fabric_hat,1.0,4,10,random48_4,0.1,14,0.355135767
obj_18_fabric_hat,1.0,4,10,random48_4,0.2,28,0.422559613
obj_18_fabric_hat,1.0,4,10,random48_4,0.4,48,0.198979645
obj_18_fabric_hat,1.0,4,10,random48_4,0.6,48,0.198979645
obj_18_fabric_hat,1.0,4,10,random48_4,0.8,48,0.198979645
obj_18_fabric_hat,1.0,4,100,random48_0,0.1,14,0.519945766
obj_18_fabric_hat,1.0,4,100,random48_0,0.2,28,0.33453031
obj_18_fabric_hat,1.0,4,100,random48_0,0.4,48,0.025433494
obj_18_fabric_hat,1.0,4,100,random48_0,0.6,48,0.025433494
obj_18_fabric_hat,1.0,4,100,random48_0,0.8,48,0.025433494
obj_18_fabric_hat,1.0,4,100,random48_1,0.1,14,0.401817669
obj_18_fabric_hat,1.0,4,100,random48_1,0.2,28,0.252362664
obj_18_fabric_hat,1.0,4,100,random48_1,0.4,48,0.025433494
obj_18_fabric_hat,1.0,4,100,random48_1,0.6,48,0.025433494
obj_18_fabric_hat,1.0,4,100,random48_1,0.8,48,0.025433494
obj_18_fabric_hat,1.0,4,100,random48_2,0.1,14,0.871345205
obj_18_fabric_hat,1.0,4,100,random48_2,0.2,28,0.827083413
obj_18_fabric_hat,1.0,4,100,random48_2,0.4,48,0.025433494
obj_18_fabric_hat,1.0,4,100,random48_2,0.6,48,0.025433494
obj_18_fabric_hat,1.0,4,100,random48_2,0.8,48,0.025433494
obj_18_fabric_hat,1.0,4,100,random48_3,0.1,14,0.773898753
obj_18_fabric_hat,1.0,4,100,random48_3,0.2,28,1.51081571
obj_18_fabric_hat,1.0,4,100,random48_3,0.4,48,0.025433494
obj_18_fabric_hat,1.0,4,100,random48_3,0.6,48,0.025433494
obj_18_fabric_hat,1.0,4,100,random48_3,0.8,48,0.025433494
obj_18_fabric_hat,1.0,4,100,random48_4,0.1,14,0.477463109
obj_18_fabric_hat,1.0,4,100,random48_4,0.2,28,0.709087796
obj_18_fabric_hat,1.0,4,100,random48_4,0.4,48,0.025433494
obj_18_fabric_hat,1.0,4,100,random48_4,0.6,48,0.025433494
obj_18_fabric_hat,1.0,4,100,random48_4,0.8,48,0.025433494
obj_18_fabric_hat,1.0,5,10,random48_0,0.1,14,0.210039246
obj_18_fabric_hat,1.0,5,10,random48_0,0.2,28,0.195855037
obj_18_fabric_hat,1.0,5,10,random48_0,0.4,48,0.020625491
obj_18_fabric_hat,1.0,5,10,random48_0,0.6,48,0.020625491
obj_18_fabric_hat,1.0,5,10,random48_0,0.8,48,0.020625491
obj_18_fabric_hat,1.0,5,10,random48_1,0.1,14,0.0114081361
obj_18_fabric_hat,1.0,5,10,random48_1,0.2,28,0.148687833
obj_18_fabric_hat,1.0,5,10,random48_1,0.4,48,0.020625491
obj_18_fabric_hat,1.0,5,10,random48_1,0.6,48,0.020625491
obj_18_fabric_hat,1.0,5,10,random48_1,0.8,48,0.020625491
obj_18_fabric_hat,1.0,5,10,random48_2,0.1,14,0.049890228
obj_18_fabric_hat,1.0,5,10,random48_2,0.2,28,0.103819196
obj_18_fabric_hat,1.0,5,10,random48_2,0.4,48,0.020625491
obj_18_fabric_hat,1.0,5,10,random48_2,0.6,48,0.020625491
obj_18_fabric_hat,1.0,5,10,random48_2,0.8,48,0.020625491
obj_18_fabric_hat,1.0,5,10,random48_3,0.1,14,0.256548355
obj_18_fabric_hat,1.0,5,10,random48_3,0.2,28,0.237454394
obj_18_fabric_hat,1.0,5,10,random48_3,0.4,48,0.020625491
obj_18_fabric_hat,1.0,5,10,random48_3,0.6,48,0.020625491
obj_18_fabric_hat,1.0,5,10,random48_3,0.8,48,0.020625491
obj_18_fabric_hat,1.0,5,10,random48_4,0.1,14,0.0249932855
obj_18_fabric_hat,1.0,5,10,random48_4,0.2,28,0.0942932331
obj_18_fabric_hat,1.0,5,10,random48_4,0.4,48,0.020625491
obj_18_fabric_hat,1.0,5,10,random48_4,0.6,48,0.020625491
obj_18_fabric_hat,1.0,5,10,random48_4,0.8,48,0.020625491
obj_18_fabric_hat,1.0,5,100,random48_0,0.1,14,0.0154913947
obj_18_fabric_hat,1.0,5,100,random48_0,0.2,28,0.125727266
obj_18_fabric_hat,1.0,5,100,random48_0,0.4,48,0.00484963318
obj_18_fabric_hat,1.0,5,100,random48_0,0.6,48,0.00484963318
obj_18_fabric_hat,1.0,5,100,random48_0,0.8,48,0.00484963318
obj_18_fabric_hat,1.0,5,100,random48_1,0.1,14,0.111057872
obj_18_fabric_hat,1.0,5,100,random48_1,0.2,28,0.212525142
obj_18_fabric_hat,1.0,5,100,random48_1,0.4,48,0.00484963318
obj_18_fabric_hat,1.0,5,100,random48_1,0.6,48,0.00484963318
obj_18_fabric_hat,1.0,5,100,random48_1,0.8,48,0.00484963318
obj_18_fabric_hat,1.0,5,100,random48_2,0.1,14,0.175119396
obj_18_fabric_hat,1.0,5,100,random48_2,0.2,28,0.135082666
obj_18_fabric_hat,1.0,5,100,random48_2,0.4,48,0.00484963318
obj_18_fabric_hat,1.0,5,100,random48_2,0.6,48,0.00484963318
obj_18_fabric_hat,1.0,5,100,random48_2,0.8,48,0.00484963318
obj_18_fabric_hat,1.0,5,100,random48_3,0.1,14,0.0724194998
obj_18_fabric_hat,1.0,5,100,random48_3,0.2,28,0.12208373
obj_18_fabric_hat,1.0,5,100,random48_3,0.4,48,0.00484963318
obj_18_fabric_hat,1.0,5,100,random48_3,0.6,48,0.00484963318
obj_18_fabric_hat,1.0,5,100,random48_3,0.8,48,0.00484963318
obj_18_fabric_hat,1.0,5,100,random48_4,0.1,14,0.029312163
obj_18_fabric_hat,1.0,5,100,random48_4,0.2,28,0.287819398
obj_18_fabric_hat,1.0,5,100,random48_4,0.4,48,0.00484963318
obj_18_fabric_hat,1.0,5,100,random48_4,0.6,48,0.00484963318
obj_18_fabric_hat,1.0,5,100,random48_4,0.8,48,0.00484963318
obj_18_fabric_hat,1.0,6,10,random48_0,0.1,14,0.0343323011
obj_18_fabric_hat,1.0,6,10,random48_0,0.2,28,0.128545938
obj_18_fabric_hat,1.0,6,10,random48_0,0.4,48,0.0412871683
obj_18_fabric_hat,1.0,6,10,random48_0,0.6,48,0.0412871683
obj_18_fabric_hat,1.0,6,10,random48_0,0.8,48,0.0412871683
obj_18_fabric_hat,1.0,6,10,random48_1,0.1,14,0.294692628
obj_18_fabric_hat,1.0,6,10,random48_1,0.2,28,0.415285198
obj_18_fabric_hat,1.0,6,10,random48_1,0.4,48,0.0412871683
obj_18_fabric_hat,1.0,6,10,random48_1,0.6,48,0.0412871683
obj_18_fabric_hat,1.0,6,10,random48_1,0.8,48,0.0412871683
obj_18_fabric_hat,1.0,6,10,random48_2,0.1,14,0.218132672
obj_18_fabric_hat,1.0,6,10,random48_2,0.2,28,0.237366022
obj_18_fabric_hat,1.0,6,10,random48_2,0.4,48,0.0412871683
obj_18_fabric_hat,1.0,6,10,random48_2,0.6,48,0.0412871683
obj_18_fabric_hat,1.0,6,10,random48_2,0.8,48,0.0412871683
obj_18_fabric_hat,1.0,6,10,random48_3,0.1,14,0.10004708
obj_18_fabric_hat,1.0,6,10,random48_3,0.2,28,0.361848023
obj_18_fabric_hat,1.0,6,10,random48_3,0.4,48,0.0412871683
obj_18_fabric_hat,1.0,6,10,random48_3,0.6,48,0.0412871683
obj_18_fabric_hat,1.0,6,10,random48_3,0.8,48,0.0412871683
obj_18_fabric_hat,1.0,6,10,random48_4,0.1,14,0.117298687
obj_18_fabric_hat,1.0,6,10,random48_4,0.2,28,0.425829387
obj_18_fabric_hat,1.0,6,10,random48_4,0.4,48,0.0412871683
obj_18_fabric_hat,1.0,6,10,random48_4,0.6,48,0.0412871683
obj_18_fabric_hat,1.0,6,10,random48_4,0.8,48,0.0412871683
obj_18_fabric_hat,1.0,6,100,random48_0,0.1,14,0.1057754
obj_18_fabric_hat,1.0,6,100,random48_0,0.2,28,0.0843157647
obj_18_fabric_hat,1.0,6,100,random48_0,0.4,48,0.00297922673
obj_18_fabric_hat,1.0,6,100,random48_0,0.6,48,0.00297922673
obj_18_fabric_hat,1.0,6,100,random48_0,0.8,48,0.00297922673
obj_18_fabric_hat,1.0,6,100,random48_1,0.1,14,0.0650757402
obj_18_fabric_hat,1.0,6,100,random48_1,0.2,28,0.208359749
obj_18_fabric_hat,1.0,6,100,random48_1,0.4,48,0.00297922673
obj_18_fabric_hat,1.0,6,100,random48_1,0.6,48,0.00297922673
obj_18_fabric_hat,1.0,6,100,random48_1,0.8,48,0.00297922673
obj_18_fabric_hat,1.0,6,100,random48_2,0.1,14,0.122569998
obj_18_fabric_hat,1.0,6,100,random48_2,0.2,28,0.0710597694
obj_18_fabric_hat,1.0,6,100,random48_2,0.4,48,0.00297922673
obj_18_fabric_hat,1.0,6,100,random48_2,0.6,48,0.00297922673
obj_18_fabric_hat,1.0,6,100,random48_2,0.8,48,0.00297922673
obj_18_fabric_hat,1.0,6,100,random48_3,0.1,14,0.0243466979
obj_18_fabric_hat,1.0,6,100,random48_3,0.2,28,0.109072866
obj_18_fabric_hat,1.0,6,100,random48_3,0.4,48,0.00297922673
obj_18_fabric_hat,1.0,6,100,random48_3,0.6,48,0.00297922673
obj_18_fabric_hat,1.0,6,100,random48_3,0.8,48,0.00297922673
obj_18_fabric_hat,1.0,6,100,random48_4,0.1,14,0.154798776
obj_18_fabric_hat,1.0,6,100,random48_4,0.2,28,0.541919966
obj_18_fabric_hat,1.0,6,100,random48_4,0.4,48,0.00297922673
obj_18_fabric_hat,1.0,6,100,random48_4,0.6,48,0.00297922673
obj_18_fabric_hat,1.0,6,100,random48_4,0.8,48,0.00297922673
obj_18_fabric_hat,1.0,7,10,random48_0,0.1,14,0.19020037
obj_18_fabric_hat,1.0,7,10,random48_0,0.2,28,0.695776185
obj_18_fabric_hat,1.0,7,10,random48_0,0.4,48,0.0155968943
obj_18_fabric_hat,1.0,7,10,random48_0,0.6,48,0.0155968943
obj_18_fabric_hat,1.0,7,10,random48_0,0.8,48,0.0155968943
obj_18_fabric_hat,1.0,7,10,random48_1,0.1,14,0.0129210977
obj_18_fabric_hat,1.0,7,10,random48_1,0.2,28,0.141419236
obj_18_fabric_hat,1.0,7,10,random48_1,0.4,48,0.0155968943
obj_18_fabric_hat,1.0,7,10,random48_1,0.6,48,0.0155968943
obj_18_fabric_hat,1.0,7,10,random48_1,0.8,48,0.0155968943
obj_18_fabric_hat,1.0,7,10,random48_2,0.1,14,0.0135677044
obj_18_fabric_hat,1.0,7,10,random48_2,0.2,28,0.524706217
obj_18_fabric_hat,1.0,7,10,random48_2,0.4,48,0.0155968943
obj_18_fabric_hat,1.0,7,10,random48_2,0.6,48,0.0155968943
obj_18_fabric_hat,1.0,7,10,random48_2,0.8,48,0.0155968943
obj_18_fabric_hat,1.0,7,10,random48_3,0.1,14,0.25547319
obj_18_fabric_hat,1.0,7,10,random48_3,0.2,28,0.323652141
obj_18_fabric_hat,1.0,7,10,random48_3,0.4,48,0.0155968943
obj_18_fabric_hat,1.0,7,10,random48_3,0.6,48,0.0155968943
obj_18_fabric_hat,1.0,7,10,random48_3,0.8,48,0.0155968943
obj_18_fabric_hat,1.0,7,10,random48_4,0.1,14,0.0123624001
obj_18_fabric_hat,1.0,7,10,random48_4,0.2,28,0.0888455777
obj_18_fabric_hat,1.0,7,10,random48_4,0.4,48,0.0155968943
obj_18_fabric_hat,1.0,7,10,random48_4,0.6,48,0.0155968943
obj_18_fabric_hat,1.0,7,10,random48_4,0.8,48,0.0155968943
obj_18_fabric_hat,1.0,7,100,random48_0,0.1,14,0.0217605149
obj_18_fabric_hat,1.0,7,100,random48_0,0.2,28,0.0255777915
obj_18_fabric_hat,1.0,7,100,random48_0,0.4,48,0.0025927818
obj_18_fabric_hat,1.0,7,100,random48_0,0.6,48,0.0025927818
obj_18_fabric_hat,1.0,7,100,random48_0,0.8,48,0.0025927818
obj_18_fabric_hat,1.0,7,100,random48_1,0.1,14,0.0234814557
obj_18_fabric_hat,1.0,7,100,random48_1,0.2,28,0.0682253813
obj_18_fabric_hat,1.0,7,100,random48_1,0.4,48,0.0025927818
obj_18_fabric_hat,1.0,7,100,random48_1,0.6,48,0.0025927818
obj_18_fabric_hat,1.0,7,100,random48_1,0.8,48,0.0025927818
obj_18_fabric_hat,1.0,7,100,random48_2,0.1,14,0.0122396392
obj_18_fabric_hat,1.0,7,100,random48_2,0.2,28,0.552781074
obj_18_fabric_hat,1.0,7,100,random48_2,0.4,48,0.0025927818
obj_18_fabric_hat,1.0,7,100,random48_2,0.6,48,0.0025927818
obj_18_fabric_hat,1.0,7,100,random48_2,0.8,48,0.0025927818
obj_18_fabric_hat,1.0,7,100,random48_3,0.1,14,0.0119514227
obj_18_fabric_hat,1.0,7,100,random48_3,0.2,28,0.446532367
obj_18_fabric_hat,1.0,7,100,random48_3,0.4,48,0.0025927818
obj_18_fabric_hat,1.0,7,100,random48_3,0.6,48,0.0025927818
obj_18_fabric_hat,1.0,7,100,random48_3,0.8,48,0.0025927818
obj_18_fabric_hat,1.0,7,100,random48_4,0.1,14,0.199839177
obj_18_fabric_hat,1.0,7,100,random48_4,0.2,28,0.191142643
obj_18_fabric_hat,1.0,7,100,random48_4,0.4,48,0.0025927818
obj_18_fabric_hat,1.0,7,100,random48_4,0.6,48,0.0025927818
obj_18_fabric_hat,1.0,7,100,random48_4,0.8,48,0.0025927818
obj_18_fabric_hat,1.0,8,10,random48_0,0.1,14,0.12068025
obj_18_fabric_hat,1.0,8,10,random48_0,0.2,28,0.124873532
obj_18_fabric_hat,1.0,8,10,random48_0,0.4,48,0.0314992469
obj_18_fabric_hat,1.0,8,10,random48_0,0.6,48,0.0314992469
obj_18_fabric_hat,1.0,8,10,random48_0,0.8,48,0.0314992469
obj_18_fabric_hat,1.0,8,10,random48_1,0.1,14,0.0817421888
obj_18_fabric_hat,1.0,8,10,random48_1,0.2,28,0.300203061
obj_18_fabric_hat,1.0,8,10,random48_1,0.4,48,0.0314992469
obj_18_fabric_hat,1.0,8,10,random48_1,0.6,48,0.0314992469
obj_18_fabric_hat,1.0,8,10,random48_1,0.8,48,0.0314992469
obj_18_fabric_hat,1.0,8,10,random48_2,0.1,14,0.0718733756
obj_18_fabric_hat,1.0,8,10,random48_2,0.2,28,0.284824266
obj_18_fabric_hat,1.0,8,10,random48_2,0.4,48,0.0314992469
obj_18_fabric_hat,1.0,8,10,random48_2,0.6,48,0.0314992469
obj_18_fabric_hat,1.0,8,10,random48_2,0.8,48,0.0314992469
obj_18_fabric_hat,1.0,8,10,random48_3,0.1,14,0.178211773
obj_18_fabric_hat,1.0,8,10,random48_3,0.2,28,0.402835419
obj_18_fabric_hat,1.0,8,10,random48_3,0.4,48,0.0314992469
obj_18_fabric_hat,1.0,8,10,random48_3,0.6,48,0.0314992469
obj_18_fabric_hat,1.0,8,10,random48_3,0.8,48,0.0314992469
obj_18_fabric_hat,1.0,8,10,random48_4,0.1,14,0.118641188
obj_18_fabric_hat,1.0,8,10,random48_4,0.2,28,0.163440396
obj_18_fabric_hat,1.0,8,10,random48_4,0.4,48,0.0314992469
obj_18_fabric_hat,1.0,8,10,random48_4,0.6,48,0.0314992469
obj_18_fabric_hat,1.0,8,10,random48_4,0.8,48,0.0314992469
obj_18_fabric_hat,1.0,8,100,random48_0,0.1,14,0.0948309929
obj_18_fabric_hat,1.0,8,100,random48_0,0.2,28,0.141026074
obj_18_fabric_hat,1.0,8,100,random48_0,0.4,48,0.00241672221
obj_18_fabric_hat,1.0,8,100,random48_0,0.6,48,0.00241672221
obj_18_fabric_hat,1.0,8,100,random48_0,0.8,48,0.00241672221
obj_18_fabric_hat,1.0,8,100,random48_1,0.1,14,0.0168429157
obj_18_fabric_hat,1.0,8,100,random48_1,0.2,28,0.0111494059
obj_18_fabric_hat,1.0,8,100,random48_1,0.4,48,0.00241672221
obj_18_fabric_hat,1.0,8,100,random48_1,0.6,48,0.00241672221
obj_18_fabric_hat,1.0,8,100,random48_1,0.8,48,0.00241672221
obj_18_fabric_hat,1.0,8,100,random48_2,0.1,14,0.0788453255
obj_18_fabric_hat,1.0,8,100,random48_2,0.2,28,0.0882966211
obj_18_fabric_hat,1.0,8,100,random48_2,0.4,48,0.00241672221
obj_18_fabric_hat,1.0,8,100,random48_2,0.6,48,0.00241672221
obj_18_fabric_hat,1.0,8,100,random48_2,0.8,48,0.00241672221
obj_18_fabric_hat,1.0,8,100,random48_3,0.1,14,0.166485123
obj_18_fabric_hat,1.0,8,100,random48_3,0.2,28,0.352569096
obj_18_fabric_hat,1.0,8,100,random48_3,0.4,48,0.00241672221
obj_18_fabric_hat,1.0,8,100,random48_3,0.6,48,0.00241672221
obj_18_fabric_hat,1.0,8,100,random48_3,0.8,48,0.00241672221
obj_18_fabric_hat,1.0,8,100,random48_4,0.1,14,0.0239785701
obj_18_fabric_hat,1.0,8,100,random48_4,0.2,28,0.0540178059
obj_18_fabric_hat,1.0,8,100,random48_4,0.4,48,0.00241672221
obj_18_fabric_hat,1.0,8,100,random48_4,0.6,48,0.00241672221
obj_18_fabric_hat,1.0,8,100,random48_4,0.8,48,0.00241672221
obj_18_fabric_hat,1.0,9,10,random48_0,0.1,14,0.317636765
obj_18_fabric_hat,1.0,9,10,random48_0,0.2,28,1.13132525
obj_18_fabric_hat,1.0,9,10,random48_0,0.4,48,0.0685337697
obj_18_fabric_hat,1.0,9,10,random48_0,0.6,48,0.0685337697
obj_18_fabric_hat,1.0,9,10,random48_0,0.8,48,0.0685337697
obj_18_fabric_hat,1.0,9,10,random48_1,0.1,14,0.174129528
obj_18_fabric_hat,1.0,9,10,random48_1,0.2,28,0.202129189
obj_18_fabric_hat,1.0,9,10,random48_1,0.4,48,0.0685337697
obj_18_fabric_hat,1.0,9,10,random48_1,0.6,48,0.0685337697
obj_18_fabric_hat,1.0,9,10,random48_1,0.8,48,0.0685337697
obj_18_fabric_hat,1.0,9,10,random48_2,0.1,14,0.21822825
obj_18_fabric_hat,1.0,9,10,random48_2,0.2,28,0.230511284
obj_18_fabric_hat,1.0,9,10,random48_2,0.4,48,0.0685337697
obj_18_fabric_hat,1.0,9,10,random48_2,0.6,48,0.0685337697
obj_18_fabric_hat,1.0,9,10,random48_2,0.8,48,0.0685337697
obj_18_fabric_hat,1.0,9,10,random48_3,0.1,14,0.308561034
obj_18_fabric_hat,1.0,9,10,random48_3,0.2,28,0.54152547
obj_18_fabric_hat,1.0,9,10,random48_3,0.4,48,0.0685337697
obj_18_fabric_hat,1.0,9,10,random48_3,0.6,48,0.0685337697
obj_18_fabric_hat,1.0,9,10,random48_3,0.8,48,0.0685337697
obj_18_fabric_hat,1.0,9,10,random48_4,0.1,14,0.232013668
obj_18_fabric_hat,1.0,9,10,random48_4,0.2,28,0.0367304349
obj_18_fabric_hat,1.0,9,10,random48_4,0.4,48,0.0685337697
obj_18_fabric_hat,1.0,9,10,random48_4,0.6,48,0.0685337697
obj_18_fabric_hat,1.0,9,10,random48_4,0.8,48,0.0685337697
obj_18_fabric_hat,1.0,9,100,random48_0,0.1,14,0.207829915
obj_18_fabric_hat,1.0,9,100,random48_0,0.2,28,0.226301142
obj_18_fabric_hat,1.0,9,100,random48_0,0.4,48,0.001892077
obj_18_fabric_hat,1.0,9,100,random48_0,0.6,48,0.001892077
obj_18_fabric_hat,1.0,9,100,random48_0,0.8,48,0.001892077
obj_18_fabric_hat,1.0,9,100,random48_1,0.1,14,0.310581197
obj_18_fabric_hat,1.0,9,100,random48_1,0.2,28,0.83919167
obj_18_fabric_hat,1.0,9,100,random48_1,0.4,48,0.001892077
obj_18_fabric_hat,1.0,9,100,random48_1,0.6,48,0.001892077
obj_18_fabric_hat,1.0,9,100,random48_1,0.8,48,0.001892077
obj_18_fabric_hat,1.0,9,100,random48_2,0.1,14,0.305590449
obj_18_fabric_hat,1.0,9,100,random48_2,0.2,28,0.329535539
obj_18_fabric_hat,1.0,9,100,random48_2,0.4,48,0.001892077
obj_18_fabric_hat,1.0,9,100,random48_2,0.6,48,0.001892077
obj_18_fabric_hat,1.0,9,100,random48_2,0.8,48,0.001892077
obj_18_fabric_hat,1.0,9,100,random48_3,0.1,14,0.1855746
obj_18_fabric_hat,1.0,9,100,random48_3,0.2,28,0.862985511
obj_18_fabric_hat,1.0,9,100,random48_3,0.4,48,0.001892077
obj_18_fabric_hat,1.0,9,100,random48_3,0.6,48,0.001892077
obj_18_fabric_hat,1.0,9,100,random48_3,0.8,48,0.001892077
obj_18_fabric_hat,1.0,9,100,random48_4,0.1,14,0.20711677
obj_18_fabric_hat,1.0,9,100,random48_4,0.2,28,0.101918999
obj_18_fabric_hat,1.0,9,100,random48_4,0.4,48,0.001892077
obj_18_fabric_hat,1.0,9,100,random48_4,0.6,48,0.001892077
obj_18_fabric_hat,1.0,9,100,random48_4,0.8,48,0.001892077
obj_19_cylinder,0.2,0,10,random48_0,0.1,14,0.0105860853
obj_19_cylinder,0.2,0,10,random48_0,0.2,28,0.00950099577
obj_19_cylinder,0.2,0,10,random48_0,0.4,48,0.00153425146
obj_19_cylinder,0.2,0,10,random48_0,0.6,48,0.00153425146
obj_19_cylinder,0.2,0,10,random48_0,0.8,48,0.00153425146
obj_19_cylinder,0.2,0,10,random48_1,0.1,14,0.00868058312
obj_19_cylinder,0.2,0,10,random48_1,0.2,28,0.00601328881
obj_19_cylinder,0.2,0,10,random48_1,0.4,48,0.00153425146
obj_19_cylinder,0.2,0,10,random48_1,0.6,48,0.00153425146
obj_19_cylinder,0.2,0,10,random48_1,0.8,48,0.00153425146
obj_19_cylinder,0.2,0,10,random48_2,0.1,14,0.00590661847
obj_19_cylinder,0.2,0,10,random48_2,0.2,28,0.00461426635
obj_19_cylinder,0.2,0,10,random48_2,0.4,48,0.00153425146
obj_19_cylinder,0.2,0,10,random48_2,0.6,48,0.00153425146
obj_19_cylinder,0.2,0,10,random48_2,0.8,48,0.00153425146
obj_19_cylinder,0.2,0,10,random48_3,0.1,14,0.0164881411
obj_19_cylinder,0.2,0,10,random48_3,0.2,28,0.0134167887
obj_19_cylinder,0.2,0,10,random48_3,0.4,48,0.00153425146
obj_19_cylinder,0.2,0,10,random48_3,0.6,48,0.00153425146
obj_19_cylinder,0.2,0,10,random48_3,0.8,48,0.00153425146
obj_19_cylinder,0.2,0,10,random48_4,0.1,14,0.0242238359
obj_19_cylinder,0.2,0,10,random48_4,0.2,28,0.0182107536
obj_19_cylinder,0.2,0,10,random48_4,0.4,48,0.00153425146
obj_19_cylinder,0.2,0,10,random48_4,0.6,48,0.00153425146
obj_19_cylinder,0.2,0,10,random48_4,0.8,48,0.00153425146
obj_19_cylinder,0.2,0,100,random48_0,0.1,14,0.00408160947
obj_19_cylinder,0.2,0,100,random48_0,0.2,28,0.00505476562
obj_19_cylinder,0.2,0,100,random48_0,0.4,48,0.000130327106
obj_19_cylinder,0.2,0,100,random48_0,0.6,48,0.000130327106
obj_19_cylinder,0.2,0,100,random48_0,0.8,48,0.000130327106
obj_19_cylinder,0.2,0,100,random48_1,0.1,14,0.00714740781
obj_19_cylinder,0.2,0,100,random48_1,0.2,28,0.00138934763
obj_19_cylinder,0.2,0,100,random48_1,0.4,48,0.000130327106
obj_19_cylinder,0.2,0,100,random48_1,0.6,48,0.000130327106
obj_19_cylinder,0.2,0,100,random48_1,0.8,48,0.000130327106
obj_19_cylinder,0.2,0,100,random48_2,0.1,14,0.00920557787
obj_19_cylinder,0.2,0,100,random48_2,0.2,28,0.00932105348
obj_19_cylinder,0.2,0,100,random48_2,0.4,48,0.000130327106
obj_19_cylinder,0.2,0,100,random48_2,0.6,48,0.000130327106
obj_19_cylinder,0.2,0,100,random48_2,0.8,48,0.000130327106
obj_19_cylinder,0.2,0,100,random48_3,0.1,14,0.00965139703
obj_19_cylinder,0.2,0,100,random48_3,0.2,28,0.00320497872
obj_19_cylinder,0.2,0,100,random48_3,0.4,48,0.000130327106
obj_19_cylinder,0.2,0,100,random48_3,0.6,48,0.000130327106
obj_19_cylinder,0.2,0,100,random48_3,0.8,48,0.000130327106
obj_19_cylinder,0.2,0,100,random48_4,0.1,14,0.0173185618
obj_19_cylinder,0.2,0,100,random48_4,0.2,28,0.0183446188
obj_19_cylinder,0.2,0,100,random48_4,0.4,48,0.000130327106
obj_19_cylinder,0.2,0,100,random48_4,0.6,48,0.000130327106
obj_19_cylinder,0.2,0,100,random48_4,0.8,48,0.000130327106
obj_19_cylinder,0.2,1,10,random48_0,0.1,14,0.00885034257
obj_19_cylinder,0.2,1,10,random48_0,0.2,28,0.00314627732
obj_19_cylinder,0.2,1,10,random48_0,0.4,48,0.00219809647
obj_19_cylinder,0.2,1,10,random48_0,0.6,48,0.00219809647
obj_19_cylinder,0.2,1,10,random48_0,0.8,48,0.00219809647
obj_19_cylinder,0.2,1,10,random48_1,0.1,14,0.0224508453
obj_19_cylinder,0.2,1,10,random48_1,0.2,28,0.0127452866
obj_19_cylinder,0.2,1,10,random48_1,0.4,48,0.00219809647
obj_19_cylinder,0.2,1,10,random48_1,0.6,48,0.00219809647
obj_19_cylinder,0.2,1,10,random48_1,0.8,48,0.00219809647
obj_19_cylinder,0.2,1,10,random48_2,0.1,14,0.0164929979
obj_19_cylinder,0.2,1,10,random48_2,0.2,28,0.00421977986
obj_19_cylinder,0.2,1,10,random48_2,0.4,48,0.00219809647
obj_19_cylinder,0.2,1,10,random48_2,0.6,48,0.00219809647
obj_19_cylinder,0.2,1,10,random48_2,0.8,48,0.00219809647
obj_19_cylinder,0.2,1,10,random48_3,0.1,14,0.0255258545
obj_19_cylinder,0.2,1,10,random48_3,0.2,28,0.00480893491
obj_19_cylinder,0.2,1,10,random48_3,0.4,48,0.00219809647
obj_19_cylinder,0.2,1,10,random48_3,0.6,48,0.00219809647
obj_19_cylinder,0.2,1,10,random48_3,0.8,48,0.00219809647
obj_19_cylinder,0.2,1,10,random48_4,0.1,14,0.0111102272
obj_19_cylinder,0.2,1,10,random48_4,0.2,28,0.0126466426
obj_19_cylinder,0.2,1,10,random48_4,0.4,48,0.00219809647
obj_19_cylinder,0.2,1,10,random48_4,0.6,48,0.00219809647
obj_19_cylinder,0.2,1,10,random48_4,0.8,48,0.00219809647
obj_19_cylinder,0.2,1,100,random48_0,0.1,14,0.0119864173
obj_19_cylinder,0.2,1,100,random48_0,0.2,28,0.0160545532
obj_19_cylinder,0.2,1,100,random48_0,0.4,48,0.000232141856
obj_19_cylinder,0.2,1,100,random48_0,0.6,48,0.000232141856
obj_19_cylinder,0.2,1,100,random48_0,0.8,48,0.000232141856
obj_19_cylinder,0.2,1,100,random48_1,0.1,14,0.012291671
obj_19_cylinder,0.2,1,100,random48_1,0.2,28,0.00912057108
obj_19_cylinder,0.2,1,100,random48_1,0.4,48,0.000232141856
obj_19_cylinder,0.2,1,100,random48_1,0.6,48,0.000232141856
obj_19_cylinder,0.2,1,100,random48_1,0.8,48,0.000232141856
obj_19_cylinder,0.2,1,100,random48_2,0.1,14,0.00212558609
obj_19_cylinder,0.2,1,100,random48_2,0.2,28,0.00340778907
obj_19_cylinder,0.2,1,100,random48_2,0.4,48,0.000232141856
obj_19_cylinder,0.2,1,100,random48_2,0.6,48,0.000232141856
obj_19_cylinder,0.2,1,100,random48_2,0.8,48,0.000232141856
obj_19_cylinder,0.2,1,100,random48_3,0.1,14,0.00415552668
obj_19_cylinder,0.2,1,100,random48_3,0.2,28,0.000900004904
obj_19_cylinder,0.2,1,100,random48_3,0.4,48,0.000232141856
obj_19_cylinder,0.2,1,100,random48_3,0.6,48,0.000232141856
obj_19_cylinder,0.2,1,100,random48_3,0.8,48,0.000232141856
obj_19_cylinder,0.2,1,100,random48_4,0.1,14,0.0049595599
obj_19_cylinder,0.2,1,100,random48_4,0.2,28,0.00229417554
obj_19_cylinder,0.2,1,100,random48_4,0.4,48,0.000232141856
obj_19_cylinder,0.2,1,100,random48_4,0.6,48,0.000232141856
obj_19_cylinder,0.2,1,100,random48_4,0.8,48,0.000232141856
obj_19_cylinder,0.2,2,10,random48_0,0.1,14,0.0127841319
obj_19_cylinder,0.2,2,10,random48_0,0.2,28,0.0150642262
obj_19_cylinder,0.2,2,10,random48_0,0.4,48,0.00032889299
obj_19_cylinder,0.2,2,10,random48_0,0.6,48,0.00032889299
obj_19_cylinder,0.2,2,10,random48_0,0.8,48,0.00032889299
obj_19_cylinder,0.2,2,10,random48_1,0.1,14,0.0277695454
obj_19_cylinder,0.2,2,10,random48_1,0.2,28,0.0169718829
obj_19_cylinder,0.2,2,10,random48_1,0.4,48,0.00032889299
obj_19_cylinder,0.2,2,10,random48_1,0.6,48,0.00032889299
obj_19_cylinder,0.2,2,10,random48_1,0.8,48,0.00032889299
obj_19_cylinder,0.2,2,10,random48_2,0.1,14,0.0057959614
obj_19_cylinder,0.2,2,10,random48_2,0.2,28,0.00528429018
obj_19_cylinder,0.2,2,10,random48_2,0.4,48,0.00032889299
obj_19_cylinder,0.2,2,10,random48_2,0.6,48,0.00032889299
obj_19_cylinder,0.2,2,10,random48_2,0.8,48,0.00032889299
obj_19_cylinder,0.2,2,10,random48_3,0.1,14,0.00416831545
obj_19_cylinder,0.2,2,10,random48_3,0.2,28,0.00473012292
obj_19_cylinder,0.2,2,10,random48_3,0.4,48,0.00032889299
obj_19_cylinder,0.2,2,10,random48_3,0.6,48,0.00032889299
obj_19_cylinder,0.2,2,10,random48_3,0.8,48,0.00032889299
obj_19_cylinder,0.2,2,10,random48_4,0.1,14,0.0384808248
obj_19_cylinder,0.2,2,10,random48_4,0.2,28,0.0183003611
obj_19_cylinder,0.2,2,10,random48_4,0.4,48,0.00032889299
obj_19_cylinder,0.2,2,10,random48_4,0.6,48,0.00032889299
obj_19_cylinder,0.2,2,10,random48_4,0.8,48,0.00032889299
obj_19_cylinder,0.2,2,100,random48_0,0.1,14,0.0175585543
obj_19_cylinder,0.2,2,100,random48_0,0.2,28,0.0112335509
obj_19_cylinder,0.2,2,100,random48_0,0.4,48,1.26436894e-05
obj_19_cylinder,0.2,2,100,random48_0,0.6,48,1.26436894e-05
obj_19_cylinder,0.2,2,100,random48_0,0.8,48,1.26436894e-05
obj_19_cylinder,0.2,2,100,random48_1,0.1,14,0.014369044
obj_19_cylinder,0.2,2,100,random48_1,0.2,28,0.00713638039
obj_19_cylinder,0.2,2,100,random48_1,0.4,48,1.26436894e-05
obj_19_cylinder,0.2,2,100,random48_1,0.6,48,1.26436894e-05
obj_19_cylinder,0.2,2,100,random48_1,0.8,48,1.26436894e-05
obj_19_cylinder,0.2,2,100,random48_2,0.1,14,0.02468122
obj_19_cylinder,0.2,2,100,random48_2,0.2,28,0.00221615148
obj_19_cylinder,0.2,2,100,random48_2,0.4,48,1.26436894e-05
obj_19_cylinder,0.2,2,100,random48_2,0.6,48,1.26436894e-05
obj_19_cylinder,0.2,2,100,random48_2,0.8,48,1.26436894e-05
obj_19_cylinder,0.2,2,100,random48_3,0.1,14,0.0127800145
obj_19_cylinder,0.2,2,100,random48_3,0.2,28,0.00577197146
obj_19_cylinder,0.2,2,100,random48_3,0.4,48,1.26436894e-05
obj_19_cylinder,0.2,2,100,random48_3,0.6,48,1.26436894e-05
obj_19_cylinder,0.2,2,100,random48_3,0.8,48,1.26436894e-05
obj_19_cylinder,0.2,2,100,random48_4,0.1,14,0.0171106087
obj_19_cylinder,0.2,2,100,random48_4,0.2,28,0.000263030024
obj_19_cylinder,0.2,2,100,random48_4,0.4,48,1.26436894e-05
obj_19_cylinder,0.2,2,100,random48_4,0.6,48,1.26436894e-05
obj_19_cylinder,0.2,2,100,random48_4,0.8,48,1.26436894e-05
obj_19_cylinder,0.2,3,10,random48_0,0.1,14,0.00428560398
obj_19_cylinder,0.2,3,10,random48_0,0.2,28,0.00773797047
obj_19_cylinder,0.2,3,10,random48_0,0.4,48,0.000859438388
obj_19_cylinder,0.2,3,10,random48_0,0.6,48,0.000859438388
obj_19_cylinder,0.2,3,10,random48_0,0.8,48,0.000859438388
obj_19_cylinder,0.2,3,10,random48_1,0.1,14,0.00594602413
obj_19_cylinder,0.2,3,10,random48_1,0.2,28,0.00760745816
obj_19_cylinder,0.2,3,10,random48_1,0.4,48,0.000859438388
obj_19_cylinder,0.2,3,10,random48_1,0.6,48,0.000859438388
obj_19_cylinder,0.2,3,10,random48_1,0.8,48,0.000859438388
obj_19_cylinder,0.2,3,10,random48_2,0.1,14,0.00463244951
obj_19_cylinder,0.2,3,10,random48_2,0.2,28,0.00282207741
obj_19_cylinder,0.2,3,10,random48_2,0.4,48,0.000859438388
obj_19_cylinder,0.2,3,10,random48_2,0.6,48,0.000859438388
obj_19_cylinder,0.2,3,10,random48_2,0.8,48,0.000859438388
obj_19_cylinder,0.2,3,10,random48_3,0.1,14,0.00881252153
obj_19_cylinder,0.2,3,10,random48_3,0.2,28,0.00358249175
obj_19_cylinder,0.2,3,10,random48_3,0.4,48,0.000859438388
obj_19_cylinder,0.2,3,10,random48_3,0.6,48,0.000859438388
obj_19_cylinder,0.2,3,10,random48_3,0.8,48,0.000859438388
obj_19_cylinder,0.2,3,10,random48_4,0.1,14,0.00287041947
obj_19_cylinder,0.2,3,10,random48_4,0.2,28,0.00943769208
obj_19_cylinder,0.2,3,10,random48_4,0.4,48,0.000859438388
obj_19_cylinder,0.2,3,10,random48_4,0.6,48,0.000859438388
obj_19_cylinder,0.2,3,10,random48_4,0.8,48,0.000859438388
obj_19_cylinder,0.2,3,100,random48_0,0.1,14,0.00506571888
obj_19_cylinder,0.2,3,100,random48_0,0.2,28,0.00367715834
obj_19_cylinder,0.2,3,100,random48_0,0.4,48,0.000110199845
obj_19_cylinder,0.2,3,100,random48_0,0.6,48,0.000110199845
obj_19_cylinder,0.2,3,100,random48_0,0.8,48,0.000110199845
obj_19_cylinder,0.2,3,100,random48_1,0.1,14,0.00347338313
obj_19_cylinder,0.2,3,100,random48_1,0.2,28,0.000875696712
obj_19_cylinder,0.2,3,100,random48_1,0.4,48,0.000110199845
obj_19_cylinder,0.2,3,100,random48_1,0.6,48,0.000110199845
obj_19_cylinder,0.2,3,100,random48_1,0.8,48,0.000110199845
obj_19_cylinder,0.2,3,100,random48_2,0.1,14,0.0119429438
obj_19_cylinder,0.2,3,100,random48_2,0.2,28,0.000647612509
obj_19_cylinder,0.2,3,100,random48_2,0.4,48,0.000110199845
obj_19_cylinder,0.2,3,100,random48_2,0.6,48,0.000110199845
obj_19_cylinder,0.2,3,100,random48_2,0.8,48,0.000110199845
obj_19_cylinder,0.2,3,100,random48_3,0.1,14,0.0129171133
obj_19_cylinder,0.2,3,100,random48_3,0.2,28,0.0146153283
obj_19_cylinder,0.2,3,100,random48_3,0.4,48,0.000110199845
obj_19_cylinder,0.2,3,100,random48_3,0.6,48,0.000110199845
obj_19_cylinder,0.2,3,100,random48_3,0.8,48,0.000110199845
obj_19_cylinder,0.2,3,100,random48_4,0.1,14,0.00464504841
obj_19_cylinder,0.2,3,100,random48_4,0.2,28,0.00698000733
obj_19_cylinder,0.2,3,100,random48_4,0.4,48,0.000110199845
obj_19_cylinder,0.2,3,100,random48_4,0.6,48,0.000110199845
obj_19_cylinder,0.2,3,100,random48_4,0.8,48,0.000110199845
obj_19_cylinder,0.2,4,10,random48_0,0.1,14,0.0241625079
obj_19_cylinder,0.2,4,10,random48_0,0.2,28,0.015987256
obj_19_cylinder,0.2,4,10,random48_0,0.4,48,0.00319077826
obj_19_cylinder,0.2,4,10,random48_0,0.6,48,0.00319077826
obj_19_cylinder,0.2,4,10,random48_0,0.8,48,0.00319077826
obj_19_cylinder,0.2,4,10,random48_1,0.1,14,0.0260970242
obj_19_cylinder,0.2,4,10,random48_1,0.2,28,0.0144795771
obj_19_cylinder,0.2,4,10,random48_1,0.4,48,0.00319077826
obj_19_cylinder,0.2,4,10,random48_1,0.6,48,0.00319077826
obj_19_cylinder,0.2,4,10,random48_1,0.8,48,0.00319077826
obj_19_cylinder,0.2,4,10,random48_2,0.1,14,0.0184082866
obj_19_cylinder,0.2,4,10,random48_2,0.2,28,0.00921037868
obj_19_cylinder,0.2,4,10,random48_2,0.4,48,0.00319077826
obj_19_cylinder,0.2,4,10,random48_2,0.6,48,0.00319077826
obj_19_cylinder,0.2,4,10,random48_2,0.8,48,0.00319077826
obj_19_cylinder,0.2,4,10,random48_3,0.1,14,0.0248095004
obj_19_cylinder,0.2,4,10,random48_3,0.2,28,0.0295170239
obj_19_cylinder,0.2,4,10,random48_3,0.4,48,0.00319077826
obj_19_cylinder,0.2,4,10,random48_3,0.6,48,0.00319077826
obj_19_cylinder,0.2,4,10,random48_3,0.8,48,0.00319077826
obj_19_cylinder,0.2,4,10,random48_4,0.1,14,0.0243068501
obj_19_cylinder,0.2,4,10,random48_4,0.2,28,0.0208342704
obj_19_cylinder,0.2,4,10,random48_4,0.4,48,0.00319077826
obj_19_cylinder,0.2,4,10,random48_4,0.6,48,0.00319077826
obj_19_cylinder,0.2,4,10,random48_4,0.8,48,0.00319077826
obj_19_cylinder,0.2,4,100,random48_0,0.1,14,0.0247812983
obj_19_cylinder,0.2,4,100,random48_0,0.2,28,0.00308271468
obj_19_cylinder,0.2,4,100,random48_0,0.4,48,0.000317009389
obj_19_cylinder,0.2,4,100,random48_0,0.6,48,0.000317009389
obj_19_cylinder,0.2,4,100,random48_0,0.8,48,0.000317009389
obj_19_cylinder,0.2,4,100,random48_1,0.1,14,0.0102936954
obj_19_cylinder,0.2,4,100,random48_1,0.2,28,0.00656294872
obj_19_cylinder,0.2,4,100,random48_1,0.4,48,0.000317009389
obj_19_cylinder,0.2,4,100,random48_1,0.6,48,0.000317009389
obj_19_cylinder,0.2,4,100,random48_1,0.8,48,0.000317009389
obj_19_cylinder,0.2,4,100,random48_2,0.1,14,0.0185269082
obj_19_cylinder,0.2,4,100,random48_2,0.2,28,0.00284441563
obj_19_cylinder,0.2,4,100,random48_2,0.4,48,0.000317009389
obj_19_cylinder,0.2,4,100,random48_2,0.6,48,0.000317009389
obj_19_cylinder,0.2,4,100,random48_2,0.8,48,0.000317009389
obj_19_cylinder,0.2,4,100,random48_3,0.1,14,0.0164122594
obj_19_cylinder,0.2,4,100,random48_3,0.2,28,0.0197277445
obj_19_cylinder,0.2,4,100,random48_3,0.4,48,0.000317009389
obj_19_cylinder,0.2,4,100,random48_3,0.6,48,0.000317009389
obj_19_cylinder,0.2,4,100,random48_3,0.8,48,0.000317009389
obj_19_cylinder,0.2,4,100,random48_4,0.1,14,0.0351212683
obj_19_cylinder,0.2,4,100,random48_4,0.2,28,0.0193281312
obj_19_cylinder,0.2,4,100,random48_4,0.4,48,0.000317009389
obj_19_cylinder,0.2,4,100,random48_4,0.6,48,0.000317009389
obj_19_cylinder,0.2,4,100,random48_4,0.8,48,0.000317009389
obj_19_cylinder,0.2,5,10,random48_0,0.1,14,0.0077618091
obj_19_cylinder,0.2,5,10,random48_0,0.2,28,0.00766119417
obj_19_cylinder,0.2,5,10,random48_0,0.4,48,0.00176272565
obj_19_cylinder,0.2,5,10,random48_0,0.6,48,0.00176272565
obj_19_cylinder,0.2,5,10,random48_0,0.8,48,0.00176272565
obj_19_cylinder,0.2,5,10,random48_1,0.1,14,0.0078376754
obj_19_cylinder,0.2,5,10,random48_1,0.2,28,0.00436172186
obj_19_cylinder,0.2,5,10,random48_1,0.4,48,0.00176272565
obj_19_cylinder,0.2,5,10,random48_1,0.6,48,0.00176272565
obj_19_cylinder,0.2,5,10,random48_1,0.8,48,0.00176272565
obj_19_cylinder,0.2,5,10,random48_2,0.1,14,0.00671926472
obj_19_cylinder,0.2,5,10,random48_2,0.2,28,0.00338113348
obj_19_cylinder,0.2,5,10,random48_2,0.4,48,0.00176272565
obj_19_cylinder,0.2,5,10,random48_2,0.6,48,0.00176272565
obj_19_cylinder,0.2,5,10,random48_2,0.8,48,0.00176272565
obj_19_cylinder,0.2,5,10,random48_3,0.1,14,0.00991485151
obj_19_cylinder,0.2,5,10,random48_3,0.2,28,0.0102616391
obj_19_cylinder,0.2,5,10,random48_3,0.4,48,0.00176272565
obj_19_cylinder,0.2,5,10,random48_3,0.6,48,0.00176272565
obj_19_cylinder,0.2,5,10,random48_3,0.8,48,0.00176272565
obj_19_cylinder,0.2,5,10,random48_4,0.1,14,0.0137175336
obj_19_cylinder,0.2,5,10,random48_4,0.2,28,0.0105442065
obj_19_cylinder,0.2,5,10,random48_4,0.4,48,0.00176272565
obj_19_cylinder,0.2,5,10,random48_4,0.6,48,0.00176272565
obj_19_cylinder,0.2,5,10,random48_4,0.8,48,0.00176272565
obj_19_cylinder,0.2,5,100,random48_0,0.1,14,0.00803750823
obj_19_cylinder,0.2,5,100,random48_0,0.2,28,0.00585704032
obj_19_cylinder,0.2,5,100,random48_0,0.4,48,0.000202206195
obj_19_cylinder,0.2,5,100,random48_0,0.6,48,0.000202206195
obj_19_cylinder,0.2,5,100,random48_0,0.8,48,0.000202206195
obj_19_cylinder,0.2,5,100,random48_1,0.1,14,0.00754575091
obj_19_cylinder,0.2,5,100,random48_1,0.2,28,0.00351478208
obj_19_cylinder,0.2,5,100,random48_1,0.4,48,0.000202206195
obj_19_cylinder,0.2,5,100,random48_1,0.6,48,0.000202206195
obj_19_cylinder,0.2,5,100,random48_1,0.8,48,0.000202206195
obj_19_cylinder,0.2,5,100,random48_2,0.1,14,0.00800340171
obj_19_cylinder,0.2,5,100,random48_2,0.2,28,0.00317418461
obj_19_cylinder,0.2,5,100,random48_2,0.4,48,0.000202206195
obj_19_cylinder,0.2,5,100,random48_2,0.6,48,0.000202206195
obj_19_cylinder,0.2,5,100,random48_2,0.8,48,0.000202206195
obj_19_cylinder,0.2,5,100,random48_3,0.1,14,0.0118851953
obj_19_cylinder,0.2,5,100,random48_3,0.2,28,0.00322653736
obj_19_cylinder,0.2,5,100,random48_3,0.4,48,0.000202206195
obj_19_cylinder,0.2,5,100,random48_3,0.6,48,0.000202206195
obj_19_cylinder,0.2,5,100,random48_3,0.8,48,0.000202206195
obj_19_cylinder,0.2,5,100,random48_4,0.1,14,0.0162772065
obj_19_cylinder,0.2,5,100,random48_4,0.2,28,0.0114483256
obj_19_cylinder,0.2,5,100,random48_4,0.4,48,0.000202206195
obj_19_cylinder,0.2,5,100,random48_4,0.6,48,0.000202206195
obj_19_cylinder,0.2,5,100,random48_4,0.8,48,0.000202206195
obj_19_cylinder,0.2,6,10,random48_0,0.1,14,0.010353041
obj_19_cylinder,0.2,6,10,random48_0,0.2,28,0.01428724
obj_19_cylinder,0.2,6,10,random48_0,0.4,48,0.00096578558
obj_19_cylinder,0.2,6,10,random48_0,0.6,48,0.00096578558
obj_19_cylinder,0.2,6,10,random48_0,0.8,48,0.00096578558
obj_19_cylinder,0.2,6,10,random48_1,0.1,14,0.00896466757
obj_19_cylinder,0.2,6,10,random48_1,0.2,28,0.00712938423
obj_19_cylinder,0.2,6,10,random48_1,0.4,48,0.00096578558
obj_19_cylinder,0.2,6,10,random48_1,0.6,48,0.00096578558
obj_19_cylinder,0.2,6,10,random48_1,0.8,48,0.00096578558
obj_19_cylinder,0.2,6,10,random48_2,0.1,14,0.00752784908
obj_19_cylinder,0.2,6,10,random48_2,0.2,28,0.00305618104
obj_19_cylinder,0.2,6,10,random48_2,0.4,48,0.00096578558
obj_19_cylinder,0.2,6,10,random48_2,0.6,48,0.00096578558
obj_19_cylinder,0.2,6,10,random48_2,0.8,48,0.00096578558
obj_19_cylinder,0.2,6,10,random48_3,0.1,14,0.00958570453
obj_19_cylinder,0.2,6,10,random48_3,0.2,28,0.00349289204
obj_19_cylinder,0.2,6,10,random48_3,0.4,48,0.00096578558
obj_19_cylinder,0.2,6,10,random48_3,0.6,48,0.00096578558
obj_19_cylinder,0.2,6,10,random48_3,0.8,48,0.00096578558
obj_19_cylinder,0.2,6,10,random48_4,0.1,14,0.00730097804
obj_19_cylinder,0.2,6,10,random48_4,0.2,28,0.00848869896
obj_19_cylinder,0.2,6,10,random48_4,0.4,48,0.00096578558
obj_19_cylinder,0.2,6,10,random48_4,0.6,48,0.00096578558
obj_19_cylinder,0.2,6,10,random48_4,0.8,48,0.00096578558
obj_19_cylinder,0.2,6,100,random48_0,0.1,14,0.00396374198
obj_19_cylinder,0.2,6,100,random48_0,0.2,28,0.00352039424
obj_19_cylinder,0.2,6,100,random48_0,0.4,48,9.74383604e-05
obj_19_cylinder,0.2,6,100,random48_0,0.6,48,9.74383604e-05
obj_19_cylinder,0.2,6,100,random48_0,0.8,48,9.74383604e-05
obj_19_cylinder,0.2,6,100,random48_1,0.1,14,0.0061601683
obj_19_cylinder,0.2,6,100,random48_1,0.2,28,0.00752737226
obj_19_cylinder,0.2,6,100,random48_1,0.4,48,9.74383604e-05
obj_19_cylinder,0.2,6,100,random48_1,0.6,48,9.74383604e-05
obj_19_cylinder,0.2,6,100,random48_1,0.8,48,9.74383604e-05
obj_19_cylinder,0.2,6,100,random48_2,0.1,14,0.0126806781
obj_19_cylinder,0.2,6,100,random48_2,0.2,28,0.00162457323
obj_19_cylinder,0.2,6,100,random48_2,0.4,48,9.74383604e-05
obj_19_cylinder,0.2,6,100,random48_2,0.6,48,9.74383604e-05
obj_19_cylinder,0.2,6,100,random48_2,0.8,48,9.74383604e-05
obj_19_cylinder,0.2,6,100,random48_3,0.1,14,0.00592900406
obj_19_cylinder,0.2,6,100,random48_3,0.2,28,0.00112033829
obj_19_cylinder,0.2,6,100,random48_3,0.4,48,9.74383604e-05
obj_19_cylinder,0.2,6,100,random48_3,0.6,48,9.74383604e-05
obj_19_cylinder,0.2,6,100,random48_3,0.8,48,9.74383604e-05
obj_19_cylinder,0.2,6,100,random48_4,0.1,14,0.0087454531
obj_19_cylinder,0.2,6,100,random48_4,0.2,28,0.00584696222
obj_19_cylinder,0.2,6,100,random48_4,0.4,48,9.74383604e-05
obj_19_cylinder,0.2,6,100,random48_4,0.6,48,9.74383604e-05
obj_19_cylinder,0.2,6,100,random48_4,0.8,48,9.74383604e-05
obj_19_cylinder,0.2,7,10,random48_0,0.1,14,0.00580866016
obj_19_cylinder,0.2,7,10,random48_0,0.2,28,0.00625019696
obj_19_cylinder,0.2,7,10,random48_0,0.4,48,0.000974405608
obj_19_cylinder,0.2,7,10,random48_0,0.6,48,0.000974405608
obj_19_cylinder,0.2,7,10,random48_0,0.8,48,0.000974405608
obj_19_cylinder,0.2,7,10,random48_1,0.1,14,0.00554655555
obj_19_cylinder,0.2,7,10,random48_1,0.2,28,0.00333124469
obj_19_cylinder,0.2,7,10,random48_1,0.4,48,0.000974405608
obj_19_cylinder,0.2,7,10,random48_1,0.6,48,0.000974405608
obj_19_cylinder,0.2,7,10,random48_1,0.8,48,0.000974405608
obj_19_cylinder,0.2,7,10,random48_2,0.1,14,0.00649015497
obj_19_cylinder,0.2,7,10,random48_2,0.2,28,0.00186426295
obj_19_cylinder,0.2,7,10,random48_2,0.4,48,0.000974405608
obj_19_cylinder,0.2,7,10,random48_2,0.6,48,0.000974405608
obj_19_cylinder,0.2,7,10,random48_2,0.8,48,0.000974405608
obj_19_cylinder,0.2,7,10,random48_3,0.1,14,0.00489939354
obj_19_cylinder,0.2,7,10,random48_3,0.2,28,0.00327545191
obj_19_cylinder,0.2,7,10,random48_3,0.4,48,0.000974405608
obj_19_cylinder,0.2,7,10,random48_3,0.6,48,0.000974405608
obj_19_cylinder,0.2,7,10,random48_3,0.8,48,0.000974405608
obj_19_cylinder,0.2,7,10,random48_4,0.1,14,0.0104623886
obj_19_cylinder,0.2,7,10,random48_4,0.2,28,0.00256289992
obj_19_cylinder,0.2,7,10,random48_4,0.4,48,0.000974405608
obj_19_cylinder,0.2,7,10,random48_4,0.6,48,0.000974405608
obj_19_cylinder,0.2,7,10,random48_4,0.8,48,0.000974405608
obj_19_cylinder,0.2,7,100,random48_0,0.1,14,0.00971628148
obj_19_cylinder,0.2,7,100,random48_0,0.2,28,0.0089716174
obj_19_cylinder,0.2,7,100,random48_0,0.4,48,0.00010863416
obj_19_cylinder,0.2,7,100,random48_0,0.6,48,0.00010863416
obj_19_cylinder,0.2,7,100,random48_0,0.8,48,0.00010863416
obj_19_cylinder,0.2,7,100,random48_1,0.1,14,0.0038249766
obj_19_cylinder,0.2,7,100,random48_1,0.2,28,0.00561338307
obj_19_cylinder,0.2,7,100,random48_1,0.4,48,0.00010863416
obj_19_cylinder,0.2,7,100,random48_1,0.6,48,0.00010863416
obj_19_cylinder,0.2,7,100,random48_1,0.8,48,0.00010863416
obj_19_cylinder,0.2,7,100,random48_2,0.1,14,0.00804725219
obj_19_cylinder,0.2,7,100,random48_2,0.2,28,0.00394401013
obj_19_cylinder,0.2,7,100,random48_2,0.4,48,0.00010863416
obj_19_cylinder,0.2,7,100,random48_2,0.6,48,0.00010863416
obj_19_cylinder,0.2,7,100,random48_2,0.8,48,0.00010863416
obj_19_cylinder,0.2,7,100,random48_3,0.1,14,0.0112868334
obj_19_cylinder,0.2,7,100,random48_3,0.2,28,0.00345109571
obj_19_cylinder,0.2,7,100,random48_3,0.4,48,0.00010863416
obj_19_cylinder,0.2,7,100,random48_3,0.6,48,0.00010863416
obj_19_cylinder,0.2,7,100,random48_3,0.8,48,0.00010863416
obj_19_cylinder,0.2,7,100,random48_4,0.1,14,0.0173200058
obj_19_cylinder,0.2,7,100,random48_4,0.2,28,0.0180888956
obj_19_cylinder,0.2,7,100,random48_4,0.4,48,0.00010863416
obj_19_cylinder,0.2,7,100,random48_4,0.6,48,0.00010863416
obj_19_cylinder,0.2,7,100,random48_4,0.8,48,0.00010863416
obj_19_cylinder,0.2,8,10,random48_0,0.1,14,0.00789337742
obj_19_cylinder,0.2,8,10,random48_0,0.2,28,0.00660457129
obj_19_cylinder,0.2,8,10,random48_0,0.4,48,0.000916765641
obj_19_cylinder,0.2,8,10,random48_0,0.6,48,0.000916765641
obj_19_cylinder,0.2,8,10,random48_0,0.8,48,0.000916765641
obj_19_cylinder,0.2,8,10,random48_1,0.1,14,0.00357206637
obj_19_cylinder,0.2,8,10,random48_1,0.2,28,0.00533872829
obj_19_cylinder,0.2,8,10,random48_1,0.4,48,0.000916765641
obj_19_cylinder,0.2,8,10,random48_1,0.6,48,0.000916765641
obj_19_cylinder,0.2,8,10,random48_1,0.8,48,0.000916765641
obj_19_cylinder,0.2,8,10,random48_2,0.1,14,0.00997887094
obj_19_cylinder,0.2,8,10,random48_2,0.2,28,0.00257569515
obj_19_cylinder,0.2,8,10,random48_2,0.4,48,0.000916765641
obj_19_cylinder,0.2,8,10,random48_2,0.6,48,0.000916765641
obj_19_cylinder,0.2,8,10,random48_2,0.8,48,0.000916765641
obj_19_cylinder,0.2,8,10,random48_3,0.1,14,0.00349731618
obj_19_cylinder,0.2,8,10,random48_3,0.2,28,0.00195778582
obj_19_cylinder,0.2,8,10,random48_3,0.4,48,0.000916765641
obj_19_cylinder,0.2,8,10,random48_3,0.6,48,0.000916765641
obj_19_cylinder,0.2,8,10,random48_3,0.8,48,0.000916765641
obj_19_cylinder,0.2,8,10,random48_4,0.1,14,0.0061975606
obj_19_cylinder,0.2,8,10,random48_4,0.2,28,0.00236759088
obj_19_cylinder,0.2,8,10,random48_4,0.4,48,0.000916765641
obj_19_cylinder,0.2,8,10,random48_4,0.6,48,0.000916765641
obj_19_cylinder,0.2,8,10,random48_4,0.8,48,0.000916765641
obj_19_cylinder,0.2,8,100,random48_0,0.1,14,0.0105255767
obj_19_cylinder,0.2,8,100,random48_0,0.2,28,0.00260820089
obj_19_cylinder,0.2,8,100,random48_0,0.4,48,0.000116355701
obj_19_cylinder,0.2,8,100,random48_0,0.6,48,0.000116355701
obj_19_cylinder,0.2,8,100,random48_0,0.8,48,0.000116355701
obj_19_cylinder,0.2,8,100,random48_1,0.1,14,0.00618957495
obj_19_cylinder,0.2,8,100,random48_1,0.2,28,0.00395786216
obj_19_cylinder,0.2,8,100,random48_1,0.4,48,0.000116355701
obj_19_cylinder,0.2,8,100,random48_1,0.6,48,0.000116355701
obj_19_cylinder,0.2,8,100,random48_1,0.8,48,0.000116355701
obj_19_cylinder,0.2,8,100,random48_2,0.1,14,0.00599162479
obj_19_cylinder,0.2,8,100,random48_2,0.2,28,0.0051024357
obj_19_cylinder,0.2,8,100,random48_2,0.4,48,0.000116355701
obj_19_cylinder,0.2,8,100,random48_2,0.6,48,0.000116355701
obj_19_cylinder,0.2,8,100,random48_2,0.8,48,0.000116355701
obj_19_cylinder,0.2,8,100,random48_3,0.1,14,0.00514327758
obj_19_cylinder,0.2,8,100,random48_3,0.2,28,0.000718034915
obj_19_cylinder,0.2,8,100,random48_3,0.4,48,0.000116355701
obj_19_cylinder,0.2,8,100,random48_3,0.6,48,0.000116355701
obj_19_cylinder,0.2,8,100,random48_3,0.8,48,0.000116355701
obj_19_cylinder,0.2,8,100,random48_4,0.1,14,0.00651492643
obj_19_cylinder,0.2,8,100,random48_4,0.2,28,0.0062334124
obj_19_cylinder,0.2,8,100,random48_4,0.4,48,0.000116355701
obj_19_cylinder,0.2,8,100,random48_4,0.6,48,0.000116355701
obj_19_cylinder,0.2,8,100,random48_4,0.8,48,0.000116355701
obj_19_cylinder,0.2,9,10,random48_0,0.1,14,0.0414509825
obj_19_cylinder,0.2,9,10,random48_0,0.2,28,0.0396779016
obj_19_cylinder,0.2,9,10,random48_0,0.4,48,0.0038685237
obj_19_cylinder,0.2,9,10,random48_0,0.6,48,0.0038685237
obj_19_cylinder,0.2,9,10,random48_0,0.8,48,0.0038685237
obj_19_cylinder,0.2,9,10,random48_1,0.1,14,0.0324236723
obj_19_cylinder,0.2,9,10,random48_1,0.2,28,0.0109257183
obj_19_cylinder,0.2,9,10,random48_1,0.4,48,0.0038685237
obj_19_cylinder,0.2,9,10,random48_1,0.6,48,0.0038685237
obj_19_cylinder,0.2,9,10,random48_1,0.8,48,0.0038685237
obj_19_cylinder,0.2,9,10,random48_2,0.1,14,0.0207747493
obj_19_cylinder,0.2,9,10,random48_2,0.2,28,0.0131166108
obj_19_cylinder,0.2,9,10,random48_2,0.4,48,0.0038685237
obj_19_cylinder,0.2,9,10,random48_2,0.6,48,0.0038685237
obj_19_cylinder,0.2,9,10,random48_2,0.8,48,0.0038685237
obj_19_cylinder,0.2,9,10,random48_3,0.1,14,0.0508174227
obj_19_cylinder,0.2,9,10,random48_3,0.2,28,0.0490555588
obj_19_cylinder,0.2,9,10,random48_3,0.4,48,0.0038685237
obj_19_cylinder,0.2,9,10,random48_3,0.6,48,0.0038685237
obj_19_cylinder,0.2,9,10,random48_3,0.8,48,0.0038685237
obj_19_cylinder,0.2,9,10,random48_4,0.1,14,0.047033934
obj_19_cylinder,0.2,9,10,random48_4,0.2,28,0.0460320226
obj_19_cylinder,0.2,9,10,random48_4,0.4,48,0.0038685237
obj_19_cylinder,0.2,9,10,random48_4,0.6,48,0.0038685237
obj_19_cylinder,0.2,9,10,random48_4,0.8,48,0.0038685237
obj_19_cylinder,0.2,9,100,random48_0,0.1,14,0.0212525318
obj_19_cylinder,0.2,9,100,random48_0,0.2,28,0.0204630548
obj_19_cylinder,0.2,9,100,random48_0,0.4,48,0.000368366573
obj_19_cylinder,0.2,9,100,random48_0,0.6,48,0.000368366573
obj_19_cylinder,0.2,9,100,random48_0,0.8,48,0.000368366573
obj_19_cylinder,0.2,9,100,random48_1,0.1,14,0.0346902621
obj_19_cylinder,0.2,9,100,random48_1,0.2,28,0.0259045661
obj_19_cylinder,0.2,9,100,random48_1,0.4,48,0.000368366573
obj_19_cylinder,0.2,9,100,random48_1,0.6,48,0.000368366573
obj_19_cylinder,0.2,9,100,random48_1,0.8,48,0.000368366573
obj_19_cylinder,0.2,9,100,random48_2,0.1,14,0.0182138006
obj_19_cylinder,0.2,9,100,random48_2,0.2,28,0.0141980125
obj_19_cylinder,0.2,9,100,random48_2,0.4,48,0.000368366573
obj_19_cylinder,0.2,9,100,random48_2,0.6,48,0.000368366573
obj_19_cylinder,0.2,9,100,random48_2,0.8,48,0.000368366573
obj_19_cylinder,0.2,9,100,random48_3,0.1,14,0.0138011658
obj_19_cylinder,0.2,9,100,random48_3,0.2,28,4.7392411e-05
obj_19_cylinder,0.2,9,100,random48_3,0.4,48,0.000368366573
obj_19_cylinder,0.2,9,100,random48_3,0.6,48,0.000368366573
obj_19_cylinder,0.2,9,100,random48_3,0.8,48,0.000368366573
obj_19_cylinder,0.2,9,100,random48_4,0.1,14,0.0197717637
obj_19_cylinder,0.2,9,100,random48_4,0.2,28,0.00285919359
obj_19_cylinder,0.2,9,100,random48_4,0.4,48,0.000368366573
obj_19_cylinder,0.2,9,100,random48_4,0.6,48,0.000368366573
obj_19_cylinder,0.2,9,100,random48_4,0.8,48,0.000368366573
obj_19_cylinder,0.5,0,10,random48_0,0.1,14,0.0829167849
obj_19_cylinder,0.5,0,10,random48_0,0.2,28,0.0411573986
obj_19_cylinder,0.5,0,10,random48_0,0.4,48,0.00350534438
obj_19_cylinder,0.5,0,10,random48_0,0.6,48,0.00350534438
obj_19_cylinder,0.5,0,10,random48_0,0.8,48,0.00350534438
obj_19_cylinder,0.5,0,10,random48_1,0.1,14,0.120548972
obj_19_cylinder,0.5,0,10,random48_1,0.2,28,0.0166825878
obj_19_cylinder,0.5,0,10,random48_1,0.4,48,0.00350534438
obj_19_cylinder,0.5,0,10,random48_1,0.6,48,0.00350534438
obj_19_cylinder,0.5,0,10,random48_1,0.8,48,0.00350534438
obj_19_cylinder,0.5,0,10,random48_2,0.1,14,0.0942765568
obj_19_cylinder,0.5,0,10,random48_2,0.2,28,0.114009134
obj_19_cylinder,0.5,0,10,random48_2,0.4,48,0.00350534438
obj_19_cylinder,0.5,0,10,random48_2,0.6,48,0.00350534438
obj_19_cylinder,0.5,0,10,random48_2,0.8,48,0.00350534438
obj_19_cylinder,0.5,0,10,random48_3,0.1,14,0.0491887204
obj_19_cylinder,0.5,0,10,random48_3,0.2,28,0.0294113368
obj_19_cylinder,0.5,0,10,random48_3,0.4,48,0.00350534438
obj_19_cylinder,0.5,0,10,random48_3,0.6,48,0.00350534438
obj_19_cylinder,0.5,0,10,random48_3,0.8,48,0.00350534438
obj_19_cylinder,0.5,0,10,random48_4,0.1,14,0.111666387
obj_19_cylinder,0.5,0,10,random48_4,0.2,28,0.036153614
obj_19_cylinder,0.5,0,10,random48_4,0.4,48,0.00350534438
obj_19_cylinder,0.5,0,10,random48_4,0.6,48,0.00350534438
obj_19_cylinder,0.5,0,10,random48_4,0.8,48,0.00350534438
obj_19_cylinder,0.5,0,100,random48_0,0.1,14,0.125718371
obj_19_cylinder,0.5,0,100,random48_0,0.2,28,0.144471259
obj_19_cylinder,0.5,0,100,random48_0,0.4,48,0.000536651425
obj_19_cylinder,0.5,0,100,random48_0,0.6,48,0.000536651425
obj_19_cylinder,0.5,0,100,random48_0,0.8,48,0.000536651425
obj_19_cylinder,0.5,0,100,random48_1,0.1,14,0.138237596
obj_19_cylinder,0.5,0,100,random48_1,0.2,28,0.0308119596
obj_19_cylinder,0.5,0,100,random48_1,0.4,48,0.000536651425
obj_19_cylinder,0.5,0,100,random48_1,0.6,48,0.000536651425
obj_19_cylinder,0.5,0,100,random48_1,0.8,48,0.000536651425
obj_19_cylinder,0.5,0,100,random48_2,0.1,14,0.125702337
obj_19_cylinder,0.5,0,100,random48_2,0.2,28,0.032734279
obj_19_cylinder,0.5,0,100,random48_2,0.4,48,0.000536651425
obj_19_cylinder,0.5,0,100,random48_2,0.6,48,0.000536651425
obj_19_cylinder,0.5,0,100,random48_2,0.8,48,0.000536651425
obj_19_cylinder,0.5,0,100,random48_3,0.1,14,0.0518423592
obj_19_cylinder,0.5,0,100,random48_3,0.2,28,0.015311884
obj_19_cylinder,0.5,0,100,random48_3,0.4,48,0.000536651425
obj_19_cylinder,0.5,0,100,random48_3,0.6,48,0.000536651425
obj_19_cylinder,0.5,0,100,random48_3,0.8,48,0.000536651425
obj_19_cylinder,0.5,0,100,random48_4,0.1,14,0.105513003
obj_19_cylinder,0.5,0,100,random48_4,0.2,28,0.0953314934
obj_19_cylinder,0.5,0,100,random48_4,0.4,48,0.000536651425
obj_19_cylinder,0.5,0,100,random48_4,0.6,48,0.000536651425
obj_19_cylinder,0.5,0,100,random48_4,0.8,48,0.000536651425
obj_19_cylinder,0.5,1,10,random48_0,0.1,14,0.145042793
obj_19_cylinder,0.5,1,10,random48_0,0.2,28,0.0933146075
obj_19_cylinder,0.5,1,10,random48_0,0.4,48,0.00646427282
obj_19_cylinder,0.5,1,10,random48_0,0.6,48,0.00646427282
obj_19_cylinder,0.5,1,10,random48_0,0.8,48,0.00646427282
obj_19_cylinder,0.5,1,10,random48_1,0.1,14,0.0169779189
obj_19_cylinder,0.5,1,10,random48_1,0.2,28,0.0602687941
obj_19_cylinder,0.5,1,10,random48_1,0.4,48,0.00646427282
obj_19_cylinder,0.5,1,10,random48_1,0.6,48,0.00646427282
obj_19_cylinder,0.5,1,10,random48_1,0.8,48,0.00646427282
obj_19_cylinder,0.5,1,10,random48_2,0.1,14,0.0992525215
obj_19_cylinder,0.5,1,10,random48_2,0.2,28,0.00877281802
obj_19_cylinder,0.5,1,10,random48_2,0.4,48,0.00646427282
obj_19_cylinder,0.5,1,10,random48_2,0.6,48,0.00646427282
obj_19_cylinder,0.5,1,10,random48_2,0.8,48,0.00646427282
obj_19_cylinder,0.5,1,10,random48_3,0.1,14,0.0319822838
obj_19_cylinder,0.5,1,10,random48_3,0.2,28,0.0122957707
obj_19_cylinder,0.5,1,10,random48_3,0.4,48,0.00646427282
obj_19_cylinder,0.5,1,10,random48_3,0.6,48,0.00646427282
obj_19_cylinder,0.5,1,10,random48_3,0.8,48,0.00646427282
obj_19_cylinder,0.5,1,10,random48_4,0.1,14,0.0247795986
obj_19_cylinder,0.5,1,10,random48_4,0.2,28,0.00744242474
obj_19_cylinder,0.5,1,10,random48_4,0.4,48,0.00646427282
obj_19_cylinder,0.5,1,10,random48_4,0.6,48,0.00646427282
obj_19_cylinder,0.5,1,10,random48_4,0.8,48,0.00646427282
obj_19_cylinder,0.5,1,100,random48_0,0.1,14,0.104766695
obj_19_cylinder,0.5,1,100,random48_0,0.2,28,0.134364593
obj_19_cylinder,0.5,1,100,random48_0,0.4,48,0.000743427063
obj_19_cylinder,0.5,1,100,random48_0,0.6,48,0.000743427063
obj_19_cylinder,0.5,1,100,random48_0,0.8,48,0.000743427063
obj_19_cylinder,0.5,1,100,random48_1,0.1,14,0.041931955
obj_19_cylinder,0.5,1,100,random48_1,0.2,28,0.0836271355
obj_19_cylinder,0.5,1,100,random48_1,0.4,48,0.000743427063
obj_19_cylinder,0.5,1,100,random48_1,0.6,48,0.000743427063
obj_19_cylinder,0.5,1,100,random48_1,0.8,48,0.000743427063
obj_19_cylinder,0.5,1,100,random48_2,0.1,14,0.0661047262
obj_19_cylinder,0.5,1,100,random48_2,0.2,28,0.0539820792
obj_19_cylinder,0.5,1,100,random48_2,0.4,48,0.000743427063
obj_19_cylinder,0.5,1,100,random48_2,0.6,48,0.000743427063
obj_19_cylinder,0.5,1,100,random48_2,0.8,48,0.000743427063
obj_19_cylinder,0.5,1,100,random48_3,0.1,14,0.154712905
obj_19_cylinder,0.5,1,100,random48_3,0.2,28,0.0683182462
obj_19_cylinder,0.5,1,100,random48_3,0.4,48,0.000743427063
obj_19_cylinder,0.5,1,100,random48_3,0.6,48,0.000743427063
obj_19_cylinder,0.5,1,100,random48_3,0.8,48,0.000743427063
obj_19_cylinder,0.5,1,100,random48_4,0.1,14,0.00896434732
obj_19_cylinder,0.5,1,100,random48_4,0.2,28,0.00731427003
obj_19_cylinder,0.5,1,100,random48_4,0.4,48,0.000743427063
obj_19_cylinder,0.5,1,100,random48_4,0.6,48,0.000743427063
obj_19_cylinder,0.5,1,100,random48_4,0.8,48,0.000743427063
obj_19_cylinder,0.5,2,10,random48_0,0.1,14,0.0506656155
obj_19_cylinder,0.5,2,10,random48_0,0.2,28,0.0523227998
obj_19_cylinder,0.5,2,10,random48_0,0.4,48,0.0223653975
obj_19_cylinder,0.5,2,10,random48_0,0.6,48,0.0223653975
obj_19_cylinder,0.5,2,10,random48_0,0.8,48,0.0223653975
obj_19_cylinder,0.5,2,10,random48_1,0.1,14,0.118436221
obj_19_cylinder,0.5,2,10,random48_1,0.2,28,0.141376489
obj_19_cylinder,0.5,2,10,random48_1,0.4,48,0.0223653975
obj_19_cylinder,0.5,2,10,random48_1,0.6,48,0.0223653975
obj_19_cylinder,0.5,2,10,random48_1,0.8,48,0.0223653975
obj_19_cylinder,0.5,2,10,random48_2,0.1,14,0.0911235619
obj_19_cylinder,0.5,2,10,random48_2,0.2,28,0.07005352
obj_19_cylinder,0.5,2,10,random48_2,0.4,48,0.0223653975
obj_19_cylinder,0.5,2,10,random48_2,0.6,48,0.0223653975
obj_19_cylinder,0.5,2,10,random48_2,0.8,48,0.0223653975
obj_19_cylinder,0.5,2,10,random48_3,0.1,14,0.136293837
obj_19_cylinder,0.5,2,10,random48_3,0.2,28,0.173489316
obj_19_cylinder,0.5,2,10,random48_3,0.4,48,0.0223653975
obj_19_cylinder,0.5,2,10,random48_3,0.6,48,0.0223653975
obj_19_cylinder,0.5,2,10,random48_3,0.8,48,0.0223653975
obj_19_cylinder,0.5,2,10,random48_4,0.1,14,0.151707899
obj_19_cylinder,0.5,2,10,random48_4,0.2,28,0.184624756
obj_19_cylinder,0.5,2,10,random48_4,0.4,48,0.0223653975
obj_19_cylinder,0.5,2,10,random48_4,0.6,48,0.0223653975
obj_19_cylinder,0.5,2,10,random48_4,0.8,48,0.0223653975
obj_19_cylinder,0.5,2,100,random48_0,0.1,14,0.167884763
obj_19_cylinder,0.5,2,100,random48_0,0.2,28,0.0384696508
obj_19_cylinder,0.5,2,100,random48_0,0.4,48,0.00232495283
obj_19_cylinder,0.5,2,100,random48_0,0.6,48,0.00232495283
obj_19_cylinder,0.5,2,100,random48_0,0.8,48,0.00232495283
obj_19_cylinder,0.5,2,100,random48_1,0.1,14,0.141531905
obj_19_cylinder,0.5,2,100,random48_1,0.2,28,0.210069796
obj_19_cylinder,0.5,2,100,random48_1,0.4,48,0.00232495283
obj_19_cylinder,0.5,2,100,random48_1,0.6,48,0.00232495283
obj_19_cylinder,0.5,2,100,random48_1,0.8,48,0.00232495283
obj_19_cylinder,0.5,2,100,random48_2,0.1,14,0.147995254
obj_19_cylinder,0.5,2,100,random48_2,0.2,28,0.0467245669
obj_19_cylinder,0.5,2,100,random48_2,0.4,48,0.00232495283
obj_19_cylinder,0.5,2,100,random48_2,0.6,48,0.00232495283
obj_19_cylinder,0.5,2,100,random48_2,0.8,48,0.00232495283
obj_19_cylinder,0.5,2,100,random48_3,0.1,14,0.233041764
obj_19_cylinder,0.5,2,100,random48_3,0.2,28,0.0232415266
obj_19_cylinder,0.5,2,100,random48_3,0.4,48,0.00232495283
obj_19_cylinder,0.5,2,100,random48_3,0.6,48,0.00232495283
obj_19_cylinder,0.5,2,100,random48_3,0.8,48,0.00232495283
obj_19_cylinder,0.5,2,100,random48_4,0.1,14,0.136692424
obj_19_cylinder,0.5,2,100,random48_4,0.2,28,0.135186274
obj_19_cylinder,0.5,2,100,random48_4,0.4,48,0.00232495283
obj_19_cylinder,0.5,2,100,random48_4,0.6,48,0.00232495283
obj_19_cylinder,0.5,2,100,random48_4,0.8,48,0.00232495283
obj_19_cylinder,0.5,3,10,random48_0,0.1,14,0.0327700115
obj_19_cylinder,0.5,3,10,random48_0,0.2,28,0.0754900567
obj_19_cylinder,0.5,3,10,random48_0,0.4,48,0.00678534073
obj_19_cylinder,0.5,3,10,random48_0,0.6,48,0.00678534073
obj_19_cylinder,0.5,3,10,random48_0,0.8,48,0.00678534073
obj_19_cylinder,0.5,3,10,random48_1,0.1,14,0.04477486
obj_19_cylinder,0.5,3,10,random48_1,0.2,28,0.0112826266
obj_19_cylinder,0.5,3,10,random48_1,0.4,48,0.00678534073
obj_19_cylinder,0.5,3,10,random48_1,0.6,48,0.00678534073
obj_19_cylinder,0.5,3,10,random48_1,0.8,48,0.00678534073
obj_19_cylinder,0.5,3,10,random48_2,0.1,14,0.00426071669
obj_19_cylinder,0.5,3,10,random48_2,0.2,28,0.00600391733
obj_19_cylinder,0.5,3,10,random48_2,0.4,48,0.00678534073
obj_19_cylinder,0.5,3,10,random48_2,0.6,48,0.00678534073
obj_19_cylinder,0.5,3,10,random48_2,0.8,48,0.00678534073
obj_19_cylinder,0.5,3,10,random48_3,0.1,14,0.0272916078
obj_19_cylinder,0.5,3,10,random48_3,0.2,28,0.00854932265
obj_19_cylinder,0.5,3,10,random48_3,0.4,48,0.00678534073
obj_19_cylinder,0.5,3,10,random48_3,0.6,48,0.00678534073
obj_19_cylinder,0.5,3,10,random48_3,0.8,48,0.00678534073
obj_19_cylinder,0.5,3,10,random48_4,0.1,14,0.0306259269
obj_19_cylinder,0.5,3,10,random48_4,0.2,28,0.0251839989
obj_19_cylinder,0.5,3,10,random48_4,0.4,48,0.00678534073
obj_19_cylinder,0.5,3,10,random48_4,0.6,48,0.00678534073
obj_19_cylinder,0.5,3,10,random48_4,0.8,48,0.00678534073
obj_19_cylinder,0.5,3,100,random48_0,0.1,14,0.0104473258
obj_19_cylinder,0.5,3,100,random48_0,0.2,28,0.00773639496
obj_19_cylinder,0.5,3,100,random48_0,0.4,48,0.000911347037
obj_19_cylinder,0.5,3,100,random48_0,0.6,48,0.000911347037
obj_19_cylinder,0.5,3,100,random48_0,0.8,48,0.000911347037
obj_19_cylinder,0.5,3,100,random48_1,0.1,14,0.023581384
obj_19_cylinder,0.5,3,100,random48_1,0.2,28,0.0159689057
obj_19_cylinder,0.5,3,100,random48_1,0.4,48,0.000911347037
obj_19_cylinder,0.5,3,100,random48_1,0.6,48,0.000911347037
obj_19_cylinder,0.5,3,100,random48_1,0.8,48,0.000911347037
obj_19_cylinder,0.5,3,100,random48_2,0.1,14,0.00629930735
obj_19_cylinder,0.5,3,100,random48_2,0.2,28,0.00530167633
obj_19_cylinder,0.5,3,100,random48_2,0.4,48,0.000911347037
obj_19_cylinder,0.5,3,100,random48_2,0.6,48,0.000911347037
obj_19_cylinder,0.5,3,100,random48_2,0.8,48,0.000911347037
obj_19_cylinder,0.5,3,100,random48_3,0.1,14,0.0258785496
obj_19_cylinder,0.5,3,100,random48_3,0.2,28,0.000991249126
obj_19_cylinder,0.5,3,100,random48_3,0.4,48,0.000911347037
obj_19_cylinder,0.5,3,100,random48_3,0.6,48,0.000911347037
obj_19_cylinder,0.5,3,100,random48_3,0.8,48,0.000911347037
obj_19_cylinder,0.5,3,100,random48_4,0.1,14,0.0465154173
obj_19_cylinder,0.5,3,100,random48_4,0.2,28,0.0033403428
obj_19_cylinder,0.5,3,100,random48_4,0.4,48,0.000911347037
obj_19_cylinder,0.5,3,100,random48_4,0.6,48,0.000911347037
obj_19_cylinder,0.5,3,100,random48_4,0.8,48,0.000911347037
obj_19_cylinder,0.5,4,10,random48_0,0.1,14,0.342165014
obj_19_cylinder,0.5,4,10,random48_0,0.2,28,0.449341262
obj_19_cylinder,0.5,4,10,random48_0,0.4,48,0.0231655252
obj_19_cylinder,0.5,4,10,random48_0,0.6,48,0.0231655252
obj_19_cylinder,0.5,4,10,random48_0,0.8,48,0.0231655252
obj_19_cylinder,0.5,4,10,random48_1,0.1,14,0.270748746
obj_19_cylinder,0.5,4,10,random48_1,0.2,28,0.228300194
obj_19_cylinder,0.5,4,10,random48_1,0.4,48,0.0231655252
obj_19_cylinder,0.5,4,10,random48_1,0.6,48,0.0231655252
obj_19_cylinder,0.5,4,10,random48_1,0.8,48,0.0231655252
obj_19_cylinder,0.5,4,10,random48_2,0.1,14,0.292149278
obj_19_cylinder,0.5,4,10,random48_2,0.2,28,0.223840322
obj_19_cylinder,0.5,4,10,random48_2,0.4,48,0.0231655252
obj_19_cylinder,0.5,4,10,random48_2,0.6,48,0.0231655252
obj_19_cylinder,0.5,4,10,random48_2,0.8,48,0.0231655252
obj_19_cylinder,0.5,4,10,random48_3,0.1,14,0.29734286
obj_19_cylinder,0.5,4,10,random48_3,0.2,28,0.0308544319
obj_19_cylinder,0.5,4,10,random48_3,0.4,48,0.0231655252
obj_19_cylinder,0.5,4,10,random48_3,0.6,48,0.0231655252
obj_19_cylinder,0.5,4,10,random48_3,0.8,48,0.0231655252
obj_19_cylinder,0.5,4,10,random48_4,0.1,14,0.144569024
obj_19_cylinder,0.5,4,10,random48_4,0.2,28,0.0699020582
obj_19_cylinder,0.5,4,10,random48_4,0.4,48,0.0231655252
obj_19_cylinder,0.5,4,10,random48_4,0.6,48,0.0231655252
obj_19_cylinder,0.5,4,10,random48_4,0.8,48,0.0231655252
obj_19_cylinder,0.5,4,100,random48_0,0.1,14,0.272892945
obj_19_cylinder,0.5,4,100,random48_0,0.2,28,0.228430096
obj_19_cylinder,0.5,4,100,random48_0,0.4,48,0.0019414932
obj_19_cylinder,0.5,4,100,random48_0,0.6,48,0.0019414932
obj_19_cylinder,0.5,4,100,random48_0,0.8,48,0.0019414932
obj_19_cylinder,0.5,4,100,random48_1,0.1,14,0.0703685907
obj_19_cylinder,0.5,4,100,random48_1,0.2,28,0.0802614985
obj_19_cylinder,0.5,4,100,random48_1,0.4,48,0.0019414932
obj_19_cylinder,0.5,4,100,random48_1,0.6,48,0.0019414932
obj_19_cylinder,0.5,4,100,random48_1,0.8,48,0.0019414932
obj_19_cylinder,0.5,4,100,random48_2,0.1,14,0.0583242624
obj_19_cylinder,0.5,4,100,random48_2,0.2,28,0.0243706546
obj_19_cylinder,0.5,4,100,random48_2,0.4,48,0.0019414932
obj_19_cylinder,0.5,4,100,random48_2,0.6,48,0.0019414932
obj_19_cylinder,0.5,4,100,random48_2,0.8,48,0.0019414932
obj_19_cylinder,0.5,4,100,random48_3,0.1,14,0.368140401
obj_19_cylinder,0.5,4,100,random48_3,0.2,28,0.297625741
obj_19_cylinder,0.5,4,100,random48_3,0.4,48,0.0019414932
obj_19_cylinder,0.5,4,100,random48_3,0.6,48,0.0019414932
obj_19_cylinder,0.5,4,100,random48_3,0.8,48,0.0019414932
obj_19_cylinder,0.5,4,100,random48_4,0.1,14,0.266518535
obj_19_cylinder,0.5,4,100,random48_4,0.2,28,0.0723863965
obj_19_cylinder,0.5,4,100,random48_4,0.4,48,0.0019414932
obj_19_cylinder,0.5,4,100,random48_4,0.6,48,0.0019414932
obj_19_cylinder,0.5,4,100,random48_4,0.8,48,0.0019414932
obj_19_cylinder,0.5,5,10,random48_0,0.1,14,0.130313161
obj_19_cylinder,0.5,5,10,random48_0,0.2,28,0.0847223436
obj_19_cylinder,0.5,5,10,random48_0,0.4,48,0.0187234677
obj_19_cylinder,0.5,5,10,random48_0,0.6,48,0.0187234677
obj_19_cylinder,0.5,5,10,random48_0,0.8,48,0.0187234677
obj_19_cylinder,0.5,5,10,random48_1,0.1,14,0.0809302495
obj_19_cylinder,0.5,5,10,random48_1,0.2,28,0.00775466697
obj_19_cylinder,0.5,5,10,random48_1,0.4,48,0.0187234677
obj_19_cylinder,0.5,5,10,random48_1,0.6,48,0.0187234677
obj_19_cylinder,0.5,5,10,random48_1,0.8,48,0.0187234677
obj_19_cylinder,0.5,5,10,random48_2,0.1,14,0.121346364
obj_19_cylinder,0.5,5,10,random48_2,0.2,28,0.0554806954
obj_19_cylinder,0.5,5,10,random48_2,0.4,48,0.0187234677
obj_19_cylinder,0.5,5,10,random48_2,0.6,48,0.0187234677
obj_19_cylinder,0.5,5,10,random48_2,0.8,48,0.0187234677
obj_19_cylinder,0.5,5,10,random48_3,0.1,14,0.15130815
obj_19_cylinder,0.5,5,10,random48_3,0.2,28,0.0681861147
obj_19_cylinder,0.5,5,10,random48_3,0.4,48,0.0187234677
obj_19_cylinder,0.5,5,10,random48_3,0.6,48,0.0187234677
obj_19_cylinder,0.5,5,10,random48_3,0.8,48,0.0187234677
obj_19_cylinder,0.5,5,10,random48_4,0.1,14,0.177903098
obj_19_cylinder,0.5,5,10,random48_4,0.2,28,0.105341747
obj_19_cylinder,0.5,5,10,random48_4,0.4,48,0.0187234677
obj_19_cylinder,0.5,5,10,random48_4,0.6,48,0.0187234677
obj_19_cylinder,0.5,5,10,random48_4,0.8,48,0.0187234677
obj_19_cylinder,0.5,5,100,random48_0,0.1,14,0.109368257
obj_19_cylinder,0.5,5,100,random48_0,0.2,28,0.103357728
obj_19_cylinder,0.5,5,100,random48_0,0.4,48,0.0017212575
obj_19_cylinder,0.5,5,100,random48_0,0.6,48,0.0017212575
obj_19_cylinder,0.5,5,100,random48_0,0.8,48,0.0017212575
obj_19_cylinder,0.5,5,100,random48_1,0.1,14,0.106942689
obj_19_cylinder,0.5,5,100,random48_1,0.2,28,0.010754203
obj_19_cylinder,0.5,5,100,random48_1,0.4,48,0.0017212575
obj_19_cylinder,0.5,5,100,random48_1,0.6,48,0.0017212575
obj_19_cylinder,0.5,5,100,random48_1,0.8,48,0.0017212575
obj_19_cylinder,0.5,5,100,random48_2,0.1,14,0.0587709643
obj_19_cylinder,0.5,5,100,random48_2,0.2,28,0.0436596469
obj_19_cylinder,0.5,5,100,random48_2,0.4,48,0.0017212575
obj_19_cylinder,0.5,5,100,random48_2,0.6,48,0.0017212575
obj_19_cylinder,0.5,5,100,random48_2,0.8,48,0.0017212575
obj_19_cylinder,0.5,5,100,random48_3,0.1,14,0.105308599
obj_19_cylinder,0.5,5,100,random48_3,0.2,28,0.0128633049
obj_19_cylinder,0.5,5,100,random48_3,0.4,48,0.0017212575
obj_19_cylinder,0.5,5,100,random48_3,0.6,48,0.0017212575
obj_19_cylinder,0.5,5,100,random48_3,0.8,48,0.0017212575
obj_19_cylinder,0.5,5,100,random48_4,0.1,14,0.0496264449
obj_19_cylinder,0.5,5,100,random48_4,0.2,28,0.032981374
obj_19_cylinder,0.5,5,100,random48_4,0.4,48,0.0017212575
obj_19_cylinder,0.5,5,100,random48_4,0.6,48,0.0017212575
obj_19_cylinder,0.5,5,100,random48_4,0.8,48,0.0017212575
obj_19_cylinder,0.5,6,10,random48_0,0.1,14,0.442395249
obj_19_cylinder,0.5,6,10,random48_0,0.2,28,0.559791068
obj_19_cylinder,0.5,6,10,random48_0,0.4,48,0.0278711118
obj_19_cylinder,0.5,6,10,random48_0,0.6,48,0.0278711118
obj_19_cylinder,0.5,6,10,random48_0,0.8,48,0.0278711118
obj_19_cylinder,0.5,6,10,random48_1,0.1,14,0.409255545
obj_19_cylinder,0.5,6,10,random48_1,0.2,28,0.484398486
obj_19_cylinder,0.5,6,10,random48_1,0.4,48,0.0278711118
obj_19_cylinder,0.5,6,10,random48_1,0.6,48,0.0278711118
obj_19_cylinder,0.5,6,10,random48_1,0.8,48,0.0278711118
obj_19_cylinder,0.5,6,10,random48_2,0.1,14,0.114619059
obj_19_cylinder,0.5,6,10,random48_2,0.2,28,0.0734925637
obj_19_cylinder,0.5,6,10,random48_2,0.4,48,0.0278711118
obj_19_cylinder,0.5,6,10,random48_2,0.6,48,0.0278711118
obj_19_cylinder,0.5,6,10,random48_2,0.8,48,0.0278711118
obj_19_cylinder,0.5,6,10,random48_3,0.1,14,0.380188881
obj_19_cylinder,0.5,6,10,random48_3,0.2,28,0.275978588
obj_19_cylinder,0.5,6,10,random48_3,0.4,48,0.0278711118
obj_19_cylinder,0.5,6,10,random48_3,0.6,48,0.0278711118
obj_19_cylinder,0.5,6,10,random48_3,0.8,48,0.0278711118
obj_19_cylinder,0.5,6,10,random48_4,0.1,14,0.511666622
obj_19_cylinder,0.5,6,10,random48_4,0.2,28,0.498513201
obj_19_cylinder,0.5,6,10,random48_4,0.4,48,0.0278711118
obj_19_cylinder,0.5,6,10,random48_4,0.6,48,0.0278711118
obj_19_cylinder,0.5,6,10,random48_4,0.8,48,0.0278711118
obj_19_cylinder,0.5,6,100,random48_0,0.1,14,0.432294952
obj_19_cylinder,0.5,6,100,random48_0,0.2,28,0.0768567536
obj_19_cylinder,0.5,6,100,random48_0,0.4,48,0.00162448798
obj_19_cylinder,0.5,6,100,random48_0,0.6,48,0.00162448798
obj_19_cylinder,0.5,6,100,random48_0,0.8,48,0.00162448798
obj_19_cylinder,0.5,6,100,random48_1,0.1,14,0.393243388
obj_19_cylinder,0.5,6,100,random48_1,0.2,28,0.105934783
obj_19_cylinder,0.5,6,100,random48_1,0.4,48,0.00162448798
obj_19_cylinder,0.5,6,100,random48_1,0.6,48,0.00162448798
obj_19_cylinder,0.5,6,100,random48_1,0.8,48,0.00162448798
obj_19_cylinder,0.5,6,100,random48_2,0.1,14,0.633889614
obj_19_cylinder,0.5,6,100,random48_2,0.2,28,0.280020442
obj_19_cylinder,0.5,6,100,random48_2,0.4,48,0.00162448798
obj_19_cylinder,0.5,6,100,random48_2,0.6,48,0.00162448798
obj_19_cylinder,0.5,6,100,random48_2,0.8,48,0.00162448798
obj_19_cylinder,0.5,6,100,random48_3,0.1,14,0.240332217
obj_19_cylinder,0.5,6,100,random48_3,0.2,28,0.0708782932
obj_19_cylinder,0.5,6,100,random48_3,0.4,48,0.00162448798
obj_19_cylinder,0.5,6,100,random48_3,0.6,48,0.00162448798
obj_19_cylinder,0.5,6,100,random48_3,0.8,48,0.00162448798
obj_19_cylinder,0.5,6,100,random48_4,0.1,14,0.229706563
obj_19_cylinder,0.5,6,100,random48_4,0.2,28,0.291860116
obj_19_cylinder,0.5,6,100,random48_4,0.4,48,0.00162448798
obj_19_cylinder,0.5,6,100,random48_4,0.6,48,0.00162448798
obj_19_cylinder,0.5,6,100,random48_4,0.8,48,0.00162448798
obj_19_cylinder,0.5,7,10,random48_0,0.1,14,0.0791337226
obj_19_cylinder,0.5,7,10,random48_0,0.2,28,0.145365754
obj_19_cylinder,0.5,7,10,random48_0,0.4,48,0.037626644
obj_19_cylinder,0.5,7,10,random48_0,0.6,48,0.037626644
obj_19_cylinder,0.5,7,10,random48_0,0.8,48,0.037626644
obj_19_cylinder,0.5,7,10,random48_1,0.1,14,0.147142537
obj_19_cylinder,0.5,7,10,random48_1,0.2,28,0.107866659
obj_19_cylinder,0.5,7,10,random48_1,0.4,48,0.037626644
obj_19_cylinder,0.5,7,10,random48_1,0.6,48,0.037626644
obj_19_cylinder,0.5,7,10,random48_1,0.8,48,0.037626644
obj_19_cylinder,0.5,7,10,random48_2,0.1,14,0.0932595933
obj_19_cylinder,0.5,7,10,random48_2,0.2,28,0.0593012946
obj_19_cylinder,0.5,7,10,random48_2,0.4,48,0.037626644
obj_19_cylinder,0.5,7,10,random48_2,0.6,48,0.037626644
obj_19_cylinder,0.5,7,10,random48_2,0.8,48,0.037626644
obj_19_cylinder,0.5,7,10,random48_3,0.1,14,0.142355985
obj_19_cylinder,0.5,7,10,random48_3,0.2,28,0.146179864
obj_19_cylinder,0.5,7,10,random48_3,0.4,48,0.037626644
obj_19_cylinder,0.5,7,10,random48_3,0.6,48,0.037626644
obj_19_cylinder,0.5,7,10,random48_3,0.8,48,0.037626644
obj_19_cylinder,0.5,7,10,random48_4,0.1,14,0.122897624
obj_19_cylinder,0.5,7,10,random48_4,0.2,28,0.140567969
obj_19_cylinder,0.5,7,10,random48_4,0.4,48,0.037626644
obj_19_cylinder,0.5,7,10,random48_4,0.6,48,0.037626644
obj_19_cylinder,0.5,7,10,random48_4,0.8,48,0.037626644
obj_19_cylinder,0.5,7,100,random48_0,0.1,14,0.122851674
obj_19_cylinder,0.5,7,100,random48_0,0.2,28,0.0431967859
obj_19_cylinder,0.5,7,100,random48_0,0.4,48,0.00414999759
obj_19_cylinder,0.5,7,100,random48_0,0.6,48,0.00414999759
obj_19_cylinder,0.5,7,100,random48_0,0.8,48,0.00414999759
obj_19_cylinder,0.5,7,100,random48_1,0.1,14,0.108484635
obj_19_cylinder,0.5,7,100,random48_1,0.2,28,0.0683554864
obj_19_cylinder,0.5,7,100,random48_1,0.4,48,0.00414999759
obj_19_cylinder,0.5,7,100,random48_1,0.6,48,0.00414999759
obj_19_cylinder,0.5,7,100,random48_1,0.8,48,0.00414999759
obj_19_cylinder,0.5,7,100,random48_2,0.1,14,0.037260669
obj_19_cylinder,0.5,7,100,random48_2,0.2,28,0.0322164194
obj_19_cylinder,0.5,7,100,random48_2,0.4,48,0.00414999759
obj_19_cylinder,0.5,7,100,random48_2,0.6,48,0.00414999759
obj_19_cylinder,0.5,7,100,random48_2,0.8,48,0.00414999759
obj_19_cylinder,0.5,7,100,random48_3,0.1,14,0.0568744468
obj_19_cylinder,0.5,7,100,random48_3,0.2,28,0.0226920052
obj_19_cylinder,0.5,7,100,random48_3,0.4,48,0.00414999759
obj_19_cylinder,0.5,7,100,random48_3,0.6,48,0.00414999759
obj_19_cylinder,0.5,7,100,random48_3,0.8,48,0.00414999759
obj_19_cylinder,0.5,7,100,random48_4,0.1,14,0.226129875
obj_19_cylinder,0.5,7,100,random48_4,0.2,28,0.122165682
obj_19_cylinder,0.5,7,100,random48_4,0.4,48,0.00414999759
obj_19_cylinder,0.5,7,100,random48_4,0.6,48,0.00414999759
obj_19_cylinder,0.5,7,100,random48_4,0.8,48,0.00414999759
obj_19_cylinder,0.5,8,10,random48_0,0.1,14,0.0541057815
obj_19_cylinder,0.5,8,10,random48_0,0.2,28,0.106946907
obj_19_cylinder,0.5,8,10,random48_0,0.4,48,0.00402817513
obj_19_cylinder,0.5,8,10,random48_0,0.6,48,0.00402817513
obj_19_cylinder,0.5,8,10,random48_0,0.8,48,0.00402817513
obj_19_cylinder,0.5,8,10,random48_1,0.1,14,0.0382076767
obj_19_cylinder,0.5,8,10,random48_1,0.2,28,0.0110302534
obj_19_cylinder,0.5,8,10,random48_1,0.4,48,0.00402817513
obj_19_cylinder,0.5,8,10,random48_1,0.6,48,0.00402817513
obj_19_cylinder,0.5,8,10,random48_1,0.8,48,0.00402817513
obj_19_cylinder,0.5,8,10,random48_2,0.1,14,0.0391262901
obj_19_cylinder,0.5,8,10,random48_2,0.2,28,0.148657247
obj_19_cylinder,0.5,8,10,random48_2,0.4,48,0.00402817513
obj_19_cylinder,0.5,8,10,random48_2,0.6,48,0.00402817513
obj_19_cylinder,0.5,8,10,random48_2,0.8,48,0.00402817513
obj_19_cylinder,0.5,8,10,random48_3,0.1,14,0.041490752
obj_19_cylinder,0.5,8,10,random48_3,0.2,28,0.145527019
obj_19_cylinder,0.5,8,10,random48_3,0.4,48,0.00402817513
obj_19_cylinder,0.5,8,10,random48_3,0.6,48,0.00402817513
obj_19_cylinder,0.5,8,10,random48_3,0.8,48,0.00402817513
obj_19_cylinder,0.5,8,10,random48_4,0.1,14,0.036108974
obj_19_cylinder,0.5,8,10,random48_4,0.2,28,0.0426932566
obj_19_cylinder,0.5,8,10,random48_4,0.4,48,0.00402817513
obj_19_cylinder,0.5,8,10,random48_4,0.6,48,0.00402817513
obj_19_cylinder,0.5,8,10,random48_4,0.8,48,0.00402817513
obj_19_cylinder,0.5,8,100,random48_0,0.1,14,0.131699928
obj_19_cylinder,0.5,8,100,random48_0,0.2,28,0.146755044
obj_19_cylinder,0.5,8,100,random48_0,0.4,48,0.00049195473
obj_19_cylinder,0.5,8,100,random48_0,0.6,48,0.00049195473
obj_19_cylinder,0.5,8,100,random48_0,0.8,48,0.00049195473
obj_19_cylinder,0.5,8,100,random48_1,0.1,14,0.090280422
obj_19_cylinder,0.5,8,100,random48_1,0.2,28,0.0190894055
obj_19_cylinder,0.5,8,100,random48_1,0.4,48,0.00049195473
obj_19_cylinder,0.5,8,100,random48_1,0.6,48,0.00049195473
obj_19_cylinder,0.5,8,100,random48_1,0.8,48,0.00049195473
obj_19_cylinder,0.5,8,100,random48_2,0.1,14,0.027498419
obj_19_cylinder,0.5,8,100,random48_2,0.2,28,0.00679761063
obj_19_cylinder,0.5,8,100,random48_2,0.4,48,0.00049195473
obj_19_cylinder,0.5,8,100,random48_2,0.6,48,0.00049195473
obj_19_cylinder,0.5,8,100,random48_2,0.8,48,0.00049195473
obj_19_cylinder,0.5,8,100,random48_3,0.1,14,0.117144974
obj_19_cylinder,0.5,8,100,random48_3,0.2,28,0.0281993436
obj_19_cylinder,0.5,8,100,random48_3,0.4,48,0.00049195473
obj_19_cylinder,0.5,8,100,random48_3,0.6,48,0.00049195473
obj_19_cylinder,0.5,8,100,random48_3,0.8,48,0.00049195473
obj_19_cylinder,0.5,8,100,random48_4,0.1,14,0.131574472
obj_19_cylinder,0.5,8,100,random48_4,0.2,28,0.0110826243
obj_19_cylinder,0.5,8,100,random48_4,0.4,48,0.00049195473
obj_19_cylinder,0.5,8,100,random48_4,0.6,48,0.00049195473
obj_19_cylinder,0.5,8,100,random48_4,0.8,48,0.00049195473
obj_19_cylinder,0.5,9,10,random48_0,0.1,14,0.262832229
obj_19_cylinder,0.5,9,10,random48_0,0.2,28,0.361789435
obj_19_cylinder,0.5,9,10,random48_0,0.4,48,0.0329191159
obj_19_cylinder,0.5,9,10,random48_0,0.6,48,0.0329191159
obj_19_cylinder,0.5,9,10,random48_0,0.8,48,0.0329191159
obj_19_cylinder,0.5,9,10,random48_1,0.1,14,0.416987911
obj_19_cylinder,0.5,9,10,random48_1,0.2,28,0.0184600754
obj_19_cylinder,0.5,9,10,random48_1,0.4,48,0.0329191159
obj_19_cylinder,0.5,9,10,random48_1,0.6,48,0.0329191159
obj_19_cylinder,0.5,9,10,random48_1,0.8,48,0.0329191159
obj_19_cylinder,0.5,9,10,random48_2,0.1,14,0.0412363666
obj_19_cylinder,0.5,9,10,random48_2,0.2,28,0.0256529001
obj_19_cylinder,0.5,9,10,random48_2,0.4,48,0.0329191159
obj_19_cylinder,0.5,9,10,random48_2,0.6,48,0.0329191159
obj_19_cylinder,0.5,9,10,random48_2,0.8,48,0.0329191159
obj_19_cylinder,0.5,9,10,random48_3,0.1,14,0.117941178
obj_19_cylinder,0.5,9,10,random48_3,0.2,28,0.0933264261
obj_19_cylinder,0.5,9,10,random48_3,0.4,48,0.0329191159
obj_19_cylinder,0.5,9,10,random48_3,0.6,48,0.0329191159
obj_19_cylinder,0.5,9,10,random48_3,0.8,48,0.0329191159
obj_19_cylinder,0.5,9,10,random48_4,0.1,14,0.334195205
obj_19_cylinder,0.5,9,10,random48_4,0.2,28,0.478264637
obj_19_cylinder,0.5,9,10,random48_4,0.4,48,0.0329191159
obj_19_cylinder,0.5,9,10,random48_4,0.6,48,0.0329191159
obj_19_cylinder,0.5,9,10,random48_4,0.8,48,0.0329191159
obj_19_cylinder,0.5,9,100,random48_0,0.1,14,0.112695927
obj_19_cylinder,0.5,9,100,random48_0,0.2,28,0.238899959
obj_19_cylinder,0.5,9,100,random48_0,0.4,48,0.00307874866
obj_19_cylinder,0.5,9,100,random48_0,0.6,48,0.00307874866
obj_19_cylinder,0.5,9,100,random48_0,0.8,48,0.00307874866
obj_19_cylinder,0.5,9,100,random48_1,0.1,14,0.0859267556
obj_19_cylinder,0.5,9,100,random48_1,0.2,28,0.0621141291
obj_19_cylinder,0.5,9,100,random48_1,0.4,48,0.00307874866
obj_19_cylinder,0.5,9,100,random48_1,0.6,48,0.00307874866
obj_19_cylinder,0.5,9,100,random48_1,0.8,48,0.00307874866
obj_19_cylinder,0.5,9,100,random48_2,0.1,14,0.333950907
obj_19_cylinder,0.5,9,100,random48_2,0.2,28,0.170602507
obj_19_cylinder,0.5,9,100,random48_2,0.4,48,0.00307874866
obj_19_cylinder,0.5,9,100,random48_2,0.6,48,0.00307874866
obj_19_cylinder,0.5,9,100,random48_2,0.8,48,0.00307874866
obj_19_cylinder,0.5,9,100,random48_3,0.1,14,0.174990661
obj_19_cylinder,0.5,9,100,random48_3,0.2,28,0.11002595
obj_19_cylinder,0.5,9,100,random48_3,0.4,48,0.00307874866
obj_19_cylinder,0.5,9,100,random48_3,0.6,48,0.00307874866
obj_19_cylinder,0.5,9,100,random48_3,0.8,48,0.00307874866
obj_19_cylinder,0.5,9,100,random48_4,0.1,14,0.232707336
obj_19_cylinder,0.5,9,100,random48_4,0.2,28,0.358493447
obj_19_cylinder,0.5,9,100,random48_4,0.4,48,0.00307874866
obj_19_cylinder,0.5,9,100,random48_4,0.6,48,0.00307874866
obj_19_cylinder,0.5,9,100,random48_4,0.8,48,0.00307874866
obj_19_cylinder,1.0,0,10,random48_0,0.1,14,0.0365273678
obj_19_cylinder,1.0,0,10,random48_0,0.2,28,0.488511002
obj_19_cylinder,1.0,0,10,random48_0,0.4,48,0.0611473265
obj_19_cylinder,1.0,0,10,random48_0,0.6,48,0.0611473265
obj_19_cylinder,1.0,0,10,random48_0,0.8,48,0.0611473265
obj_19_cylinder,1.0,0,10,random48_1,0.1,14,0.391097625
obj_19_cylinder,1.0,0,10,random48_1,0.2,28,0.216338274
obj_19_cylinder,1.0,0,10,random48_1,0.4,48,0.0611473265
obj_19_cylinder,1.0,0,10,random48_1,0.6,48,0.0611473265
obj_19_cylinder,1.0,0,10,random48_1,0.8,48,0.0611473265
obj_19_cylinder,1.0,0,10,random48_2,0.1,14,0.320609203
obj_19_cylinder,1.0,0,10,random48_2,0.2,28,0.108222514
obj_19_cylinder,1.0,0,10,random48_2,0.4,48,0.0611473265
obj_19_cylinder,1.0,0,10,random48_2,0.6,48,0.0611473265
obj_19_cylinder,1.0,0,10,random48_2,0.8,48,0.0611473265
obj_19_cylinder,1.0,0,10,random48_3,0.1,14,0.0397316621
obj_19_cylinder,1.0,0,10,random48_3,0.2,28,0.244371194
obj_19_cylinder,1.0,0,10,random48_3,0.4,48,0.0611473265
obj_19_cylinder,1.0,0,10,random48_3,0.6,48,0.0611473265
obj_19_cylinder,1.0,0,10,random48_3,0.8,48,0.0611473265
obj_19_cylinder,1.0,0,10,random48_4,0.1,14,0.344444712
obj_19_cylinder,1.0,0,10,random48_4,0.2,28,0.42409632
obj_19_cylinder,1.0,0,10,random48_4,0.4,48,0.0611473265
obj_19_cylinder,1.0,0,10,random48_4,0.6,48,0.0611473265
obj_19_cylinder,1.0,0,10,random48_4,0.8,48,0.0611473265
obj_19_cylinder,1.0,0,100,random48_0,0.1,14,0.470229754
obj_19_cylinder,1.0,0,100,random48_0,0.2,28,0.711206899
obj_19_cylinder,1.0,0,100,random48_0,0.4,48,0.00863981611
obj_19_cylinder,1.0,0,100,random48_0,0.6,48,0.00863981611
obj_19_cylinder,1.0,0,100,random48_0,0.8,48,0.00863981611
obj_19_cylinder,1.0,0,100,random48_1,0.1,14,0.397738089
obj_19_cylinder,1.0,0,100,random48_1,0.2,28,0.973093057
obj_19_cylinder,1.0,0,100,random48_1,0.4,48,0.00863981611
obj_19_cylinder,1.0,0,100,random48_1,0.6,48,0.00863981611
obj_19_cylinder,1.0,0,100,random48_1,0.8,48,0.00863981611
obj_19_cylinder,1.0,0,100,random48_2,0.1,14,0.551888567
obj_19_cylinder,1.0,0,100,random48_2,0.2,28,0.633133555
obj_19_cylinder,1.0,0,100,random48_2,0.4,48,0.00863981611
obj_19_cylinder,1.0,0,100,random48_2,0.6,48,0.00863981611
obj_19_cylinder,1.0,0,100,random48_2,0.8,48,0.00863981611
obj_19_cylinder,1.0,0,100,random48_3,0.1,14,0.0399014693
obj_19_cylinder,1.0,0,100,random48_3,0.2,28,1.17872419
obj_19_cylinder,1.0,0,100,random48_3,0.4,48,0.00863981611
obj_19_cylinder,1.0,0,100,random48_3,0.6,48,0.00863981611
obj_19_cylinder,1.0,0,100,random48_3,0.8,48,0.00863981611
obj_19_cylinder,1.0,0,100,random48_4,0.1,14,0.31342147
obj_19_cylinder,1.0,0,100,random48_4,0.2,28,0.479623695
obj_19_cylinder,1.0,0,100,random48_4,0.4,48,0.00863981611
obj_19_cylinder,1.0,0,100,random48_4,0.6,48,0.00863981611
obj_19_cylinder,1.0,0,100,random48_4,0.8,48,0.00863981611
obj_19_cylinder,1.0,1,10,random48_0,0.1,14,0.218274312
obj_19_cylinder,1.0,1,10,random48_0,0.2,28,0.321642266
obj_19_cylinder,1.0,1,10,random48_0,0.4,48,0.0160008641
obj_19_cylinder,1.0,1,10,random48_0,0.6,48,0.0160008641
obj_19_cylinder,1.0,1,10,random48_0,0.8,48,0.0160008641
obj_19_cylinder,1.0,1,10,random48_1,0.1,14,0.102274969
obj_19_cylinder,1.0,1,10,random48_1,0.2,28,0.269700943
obj_19_cylinder,1.0,1,10,random48_1,0.4,48,0.0160008641
obj_19_cylinder,1.0,1,10,random48_1,0.6,48,0.0160008641
obj_19_cylinder,1.0,1,10,random48_1,0.8,48,0.0160008641
obj_19_cylinder,1.0,1,10,random48_2,0.1,14,0.130487557
obj_19_cylinder,1.0,1,10,random48_2,0.2,28,0.366064605
obj_19_cylinder,1.0,1,10,random48_2,0.4,48,0.0160008641
obj_19_cylinder,1.0,1,10,random48_2,0.6,48,0.0160008641
obj_19_cylinder,1.0,1,10,random48_2,0.8,48,0.0160008641
obj_19_cylinder,1.0,1,10,random48_3,0.1,14,0.132870257
obj_19_cylinder,1.0,1,10,random48_3,0.2,28,0.460480648
obj_19_cylinder,1.0,1,10,random48_3,0.4,48,0.0160008641
obj_19_cylinder,1.0,1,10,random48_3,0.6,48,0.0160008641
obj_19_cylinder,1.0,1,10,random48_3,0.8,48,0.0160008641
obj_19_cylinder,1.0,1,10,random48_4,0.1,14,0.229850659
obj_19_cylinder,1.0,1,10,random48_4,0.2,28,0.0496669138
obj_19_cylinder,1.0,1,10,random48_4,0.4,48,0.0160008641
obj_19_cylinder,1.0,1,10,random48_4,0.6,48,0.0160008641
obj_19_cylinder,1.0,1,10,random48_4,0.8,48,0.0160008641
obj_19_cylinder,1.0,1,100,random48_0,0.1,14,0.119348387
obj_19_cylinder,1.0,1,100,random48_0,0.2,28,0.401894867
obj_19_cylinder,1.0,1,100,random48_0,0.4,48,0.00130450008
obj_19_cylinder,1.0,1,100,random48_0,0.6,48,0.00130450008
obj_19_cylinder,1.0,1,100,random48_0,0.8,48,0.00130450008
obj_19_cylinder,1.0,1,100,random48_1,0.1,14,0.328512115
obj_19_cylinder,1.0,1,100,random48_1,0.2,28,0.382580311
obj_19_cylinder,1.0,1,100,random48_1,0.4,48,0.00130450008
obj_19_cylinder,1.0,1,100,random48_1,0.6,48,0.00130450008
obj_19_cylinder,1.0,1,100,random48_1,0.8,48,0.00130450008
obj_19_cylinder,1.0,1,100,random48_2,0.1,14,0.303284801
obj_19_cylinder,1.0,1,100,random48_2,0.2,28,0.426941153
obj_19_cylinder,1.0,1,100,random48_2,0.4,48,0.00130450008
obj_19_cylinder,1.0,1,100,random48_2,0.6,48,0.00130450008
obj_19_cylinder,1.0,1,100,random48_2,0.8,48,0.00130450008
obj_19_cylinder,1.0,1,100,random48_3,0.1,14,0.501982048
obj_19_cylinder,1.0,1,100,random48_3,0.2,28,0.642081653
obj_19_cylinder,1.0,1,100,random48_3,0.4,48,0.00130450008
obj_19_cylinder,1.0,1,100,random48_3,0.6,48,0.00130450008
obj_19_cylinder,1.0,1,100,random48_3,0.8,48,0.00130450008
obj_19_cylinder,1.0,1,100,random48_4,0.1,14,0.184751231
obj_19_cylinder,1.0,1,100,random48_4,0.2,28,0.439515058
obj_19_cylinder,1.0,1,100,random48_4,0.4,48,0.00130450008
obj_19_cylinder,1.0,1,100,random48_4,0.6,48,0.00130450008
obj_19_cylinder,1.0,1,100,random48_4,0.8,48,0.00130450008
obj_19_cylinder,1.0,2,10,random48_0,0.1,14,0.0896526745
obj_19_cylinder,1.0,2,10,random48_0,0.2,28,0.913949272
obj_19_cylinder,1.0,2,10,random48_0,0.4,48,0.0530438547
obj_19_cylinder,1.0,2,10,random48_0,0.6,48,0.0530438547
obj_19_cylinder,1.0,2,10,random48_0,0.8,48,0.0530438547
obj_19_cylinder,1.0,2,10,random48_1,0.1,14,0.23474629
obj_19_cylinder,1.0,2,10,random48_1,0.2,28,0.104108147
obj_19_cylinder,1.0,2,10,random48_1,0.4,48,0.0530438547
obj_19_cylinder,1.0,2,10,random48_1,0.6,48,0.0530438547
obj_19_cylinder,1.0,2,10,random48_1,0.8,48,0.0530438547
obj_19_cylinder,1.0,2,10,random48_2,0.1,14,0.272566502
obj_19_cylinder,1.0,2,10,random48_2,0.2,28,0.0610364922
obj_19_cylinder,1.0,2,10,random48_2,0.4,48,0.0530438547
obj_19_cylinder,1.0,2,10,random48_2,0.6,48,0.0530438547
obj_19_cylinder,1.0,2,10,random48_2,0.8,48,0.0530438547
obj_19_cylinder,1.0,2,10,random48_3,0.1,14,0.185475242
obj_19_cylinder,1.0,2,10,random48_3,0.2,28,0.148865522
obj_19_cylinder,1.0,2,10,random48_3,0.4,48,0.0530438547
obj_19_cylinder,1.0,2,10,random48_3,0.6,48,0.0530438547
obj_19_cylinder,1.0,2,10,random48_3,0.8,48,0.0530438547
obj_19_cylinder,1.0,2,10,random48_4,0.1,14,0.106359522
obj_19_cylinder,1.0,2,10,random48_4,0.2,28,0.262904607
obj_19_cylinder,1.0,2,10,random48_4,0.4,48,0.0530438547
obj_19_cylinder,1.0,2,10,random48_4,0.6,48,0.0530438547
obj_19_cylinder,1.0,2,10,random48_4,0.8,48,0.0530438547
obj_19_cylinder,1.0,2,100,random48_0,0.1,14,0.571676759
obj_19_cylinder,1.0,2,100,random48_0,0.2,28,0.914018492
obj_19_cylinder,1.0,2,100,random48_0,0.4,48,0.00208752693
obj_19_cylinder,1.0,2,100,random48_0,0.6,48,0.00208752693
obj_19_cylinder,1.0,2,100,random48_0,0.8,48,0.00208752693
obj_19_cylinder,1.0,2,100,random48_1,0.1,14,0.458059855
obj_19_cylinder,1.0,2,100,random48_1,0.2,28,0.841658155
obj_19_cylinder,1.0,2,100,random48_1,0.4,48,0.00208752693
obj_19_cylinder,1.0,2,100,random48_1,0.6,48,0.00208752693
obj_19_cylinder,1.0,2,100,random48_1,0.8,48,0.00208752693
obj_19_cylinder,1.0,2,100,random48_2,0.1,14,0.254818803
obj_19_cylinder,1.0,2,100,random48_2,0.2,28,0.112600547
obj_19_cylinder,1.0,2,100,random48_2,0.4,48,0.00208752693
obj_19_cylinder,1.0,2,100,random48_2,0.6,48,0.00208752693
obj_19_cylinder,1.0,2,100,random48_2,0.8,48,0.00208752693
obj_19_cylinder,1.0,2,100,random48_3,0.1,14,0.753808033
obj_19_cylinder,1.0,2,100,random48_3,0.2,28,0.288045092
obj_19_cylinder,1.0,2,100,random48_3,0.4,48,0.00208752693
obj_19_cylinder,1.0,2,100,random48_3,0.6,48,0.00208752693
obj_19_cylinder,1.0,2,100,random48_3,0.8,48,0.00208752693
obj_19_cylinder,1.0,2,100,random48_4,0.1,14,0.0922785499
obj_19_cylinder,1.0,2,100,random48_4,0.2,28,0.158907365
obj_19_cylinder,1.0,2,100,random48_4,0.4,48,0.00208752693
obj_19_cylinder,1.0,2,100,random48_4,0.6,48,0.00208752693
obj_19_cylinder,1.0,2,100,random48_4,0.8,48,0.00208752693
obj_19_cylinder,1.0,3,10,random48_0,0.1,14,0.167202377
obj_19_cylinder,1.0,3,10,random48_0,0.2,28,0.437053445
obj_19_cylinder,1.0,3,10,random48_0,0.4,48,0.0328837806
obj_19_cylinder,1.0,3,10,random48_0,0.6,48,0.0328837806
obj_19_cylinder,1.0,3,10,random48_0,0.8,48,0.0328837806
obj_19_cylinder,1.0,3,10,random48_1,0.1,14,0.0300374062
obj_19_cylinder,1.0,3,10,random48_1,0.2,28,0.026079558
obj_19_cylinder,1.0,3,10,random48_1,0.4,48,0.0328837806
obj_19_cylinder,1.0,3,10,random48_1,0.6,48,0.0328837806
obj_19_cylinder,1.0,3,10,random48_1,0.8,48,0.0328837806
obj_19_cylinder,1.0,3,10,random48_2,0.1,14,0.214020706
obj_19_cylinder,1.0,3,10,random48_2,0.2,28,0.0970319751
obj_19_cylinder,1.0,3,10,random48_2,0.4,48,0.0328837806
obj_19_cylinder,1.0,3,10,random48_2,0.6,48,0.0328837806
obj_19_cylinder,1.0,3,10,random48_2,0.8,48,0.0328837806
obj_19_cylinder,1.0,3,10,random48_3,0.1,14,0.161094982
obj_19_cylinder,1.0,3,10,random48_3,0.2,28,0.200606245
obj_19_cylinder,1.0,3,10,random48_3,0.4,48,0.0328837806
obj_19_cylinder,1.0,3,10,random48_3,0.6,48,0.0328837806
obj_19_cylinder,1.0,3,10,random48_3,0.8,48,0.0328837806
obj_19_cylinder,1.0,3,10,random48_4,0.1,14,0.276460112
obj_19_cylinder,1.0,3,10,random48_4,0.2,28,0.0641476466
obj_19_cylinder,1.0,3,10,random48_4,0.4,48,0.0328837806
obj_19_cylinder,1.0,3,10,random48_4,0.6,48,0.0328837806
obj_19_cylinder,1.0,3,10,random48_4,0.8,48,0.0328837806
obj_19_cylinder,1.0,3,100,random48_0,0.1,14,0.139277143
obj_19_cylinder,1.0,3,100,random48_0,0.2,28,0.445060203
obj_19_cylinder,1.0,3,100,random48_0,0.4,48,0.00495983282
obj_19_cylinder,1.0,3,100,random48_0,0.6,48,0.00495983282
obj_19_cylinder,1.0,3,100,random48_0,0.8,48,0.00495983282
obj_19_cylinder,1.0,3,100,random48_1,0.1,14,0.0254763751
obj_19_cylinder,1.0,3,100,random48_1,0.2,28,0.112333755
obj_19_cylinder,1.0,3,100,random48_1,0.4,48,0.00495983282
obj_19_cylinder,1.0,3,100,random48_1,0.6,48,0.00495983282
obj_19_cylinder,1.0,3,100,random48_1,0.8,48,0.00495983282
obj_19_cylinder,1.0,3,100,random48_2,0.1,14,0.0331525493
obj_19_cylinder,1.0,3,100,random48_2,0.2,28,0.0907191911
obj_19_cylinder,1.0,3,100,random48_2,0.4,48,0.00495983282
obj_19_cylinder,1.0,3,100,random48_2,0.6,48,0.00495983282
obj_19_cylinder,1.0,3,100,random48_2,0.8,48,0.00495983282
obj_19_cylinder,1.0,3,100,random48_3,0.1,14,0.218712407
obj_19_cylinder,1.0,3,100,random48_3,0.2,28,0.15778202
obj_19_cylinder,1.0,3,100,random48_3,0.4,48,0.00495983282
obj_19_cylinder,1.0,3,100,random48_3,0.6,48,0.00495983282
obj_19_cylinder,1.0,3,100,random48_3,0.8,48,0.00495983282
obj_19_cylinder,1.0,3,100,random48_4,0.1,14,0.102412895
obj_19_cylinder,1.0,3,100,random48_4,0.2,28,0.0970346271
obj_19_cylinder,1.0,3,100,random48_4,0.4,48,0.00495983282
obj_19_cylinder,1.0,3,100,random48_4,0.6,48,0.00495983282
obj_19_cylinder,1.0,3,100,random48_4,0.8,48,0.00495983282
obj_19_cylinder,1.0,4,10,random48_0,0.1,14,0.170375265
obj_19_cylinder,1.0,4,10,random48_0,0.2,28,0.178232868
obj_19_cylinder,1.0,4,10,random48_0,0.4,48,0.0896957203
obj_19_cylinder,1.0,4,10,random48_0,0.6,48,0.0896957203
obj_19_cylinder,1.0,4,10,random48_0,0.8,48,0.0896957203
obj_19_cylinder,1.0,4,10,random48_1,0.1,14,0.457655071
obj_19_cylinder,1.0,4,10,random48_1,0.2,28,0.489975557
obj_19_cylinder,1.0,4,10,random48_1,0.4,48,0.0896957203
obj_19_cylinder,1.0,4,10,random48_1,0.6,48,0.0896957203
obj_19_cylinder,1.0,4,10,random48_1,0.8,48,0.0896957203
obj_19_cylinder,1.0,4,10,random48_2,0.1,14,0.587861352
obj_19_cylinder,1.0,4,10,random48_2,0.2,28,0.323840511
obj_19_cylinder,1.0,4,10,random48_2,0.4,48,0.0896957203
obj_19_cylinder,1.0,4,10,random48_2,0.6,48,0.0896957203
obj_19_cylinder,1.0,4,10,random48_2,0.8,48,0.0896957203
obj_19_cylinder,1.0,4,10,random48_3,0.1,14,0.623103487
obj_19_cylinder,1.0,4,10,random48_3,0.2,28,1.18238251
obj_19_cylinder,1.0,4,10,random48_3,0.4,48,0.0896957203
obj_19_cylinder,1.0,4,10,random48_3,0.6,48,0.0896957203
obj_19_cylinder,1.0,4,10,random48_3,0.8,48,0.0896957203
obj_19_cylinder,1.0,4,10,random48_4,0.1,14,0.161567779
obj_19_cylinder,1.0,4,10,random48_4,0.2,28,0.283747449
obj_19_cylinder,1.0,4,10,random48_4,0.4,48,0.0896957203
obj_19_cylinder,1.0,4,10,random48_4,0.6,48,0.0896957203
obj_19_cylinder,1.0,4,10,random48_4,0.8,48,0.0896957203
obj_19_cylinder,1.0,4,100,random48_0,0.1,14,0.582577372
obj_19_cylinder,1.0,4,100,random48_0,0.2,28,0.666130956
obj_19_cylinder,1.0,4,100,random48_0,0.4,48,0.0065175431
obj_19_cylinder,1.0,4,100,random48_0,0.6,48,0.0065175431
obj_19_cylinder,1.0,4,100,random48_0,0.8,48,0.0065175431
obj_19_cylinder,1.0,4,100,random48_1,0.1,14,0.624097728
obj_19_cylinder,1.0,4,100,random48_1,0.2,28,0.159816012
obj_19_cylinder,1.0,4,100,random48_1,0.4,48,0.0065175431
obj_19_cylinder,1.0,4,100,random48_1,0.6,48,0.0065175431
obj_19_cylinder,1.0,4,100,random48_1,0.8,48,0.0065175431
obj_19_cylinder,1.0,4,100,random48_2,0.1,14,0.93605859
obj_19_cylinder,1.0,4,100,random48_2,0.2,28,0.945256948
obj_19_cylinder,1.0,4,100,random48_2,0.4,48,0.0065175431
obj_19_cylinder,1.0,4,100,random48_2,0.6,48,0.0065175431
obj_19_cylinder,1.0,4,100,random48_2,0.8,48,0.0065175431
obj_19_cylinder,1.0,4,100,random48_3,0.1,14,0.685174857
obj_19_cylinder,1.0,4,100,random48_3,0.2,28,0.675204703
obj_19_cylinder,1.0,4,100,random48_3,0.4,48,0.0065175431
obj_19_cylinder,1.0,4,100,random48_3,0.6,48,0.0065175431
obj_19_cylinder,1.0,4,100,random48_3,0.8,48,0.0065175431
obj_19_cylinder,1.0,4,100,random48_4,0.1,14,0.468715194
obj_19_cylinder,1.0,4,100,random48_4,0.2,28,0.779585177
obj_19_cylinder,1.0,4,100,random48_4,0.4,48,0.0065175431
obj_19_cylinder,1.0,4,100,random48_4,0.6,48,0.0065175431
obj_19_cylinder,1.0,4,100,random48_4,0.8,48,0.0065175431
obj_19_cylinder,1.0,5,10,random48_0,0.1,14,0.357456445
obj_19_cylinder,1.0,5,10,random48_0,0.2,28,0.83183115
obj_19_cylinder,1.0,5,10,random48_0,0.4,48,0.108357995
obj_19_cylinder,1.0,5,10,random48_0,0.6,48,0.108357995
obj_19_cylinder,1.0,5,10,random48_0,0.8,48,0.108357995
obj_19_cylinder,1.0,5,10,random48_1,0.1,14,0.422112183
obj_19_cylinder,1.0,5,10,random48_1,0.2,28,0.755109739
obj_19_cylinder,1.0,5,10,random48_1,0.4,48,0.108357995
obj_19_cylinder,1.0,5,10,random48_1,0.6,48,0.108357995
obj_19_cylinder,1.0,5,10,random48_1,0.8,48,0.108357995
obj_19_cylinder,1.0,5,10,random48_2,0.1,14,0.385822377
obj_19_cylinder,1.0,5,10,random48_2,0.2,28,0.465972596
obj_19_cylinder,1.0,5,10,random48_2,0.4,48,0.108357995
obj_19_cylinder,1.0,5,10,random48_2,0.6,48,0.108357995
obj_19_cylinder,1.0,5,10,random48_2,0.8,48,0.108357995
obj_19_cylinder,1.0,5,10,random48_3,0.1,14,0.622300604
obj_19_cylinder,1.0,5,10,random48_3,0.2,28,0.819037213
obj_19_cylinder,1.0,5,10,random48_3,0.4,48,0.108357995
obj_19_cylinder,1.0,5,10,random48_3,0.6,48,0.108357995
obj_19_cylinder,1.0,5,10,random48_3,0.8,48,0.108357995
obj_19_cylinder,1.0,5,10,random48_4,0.1,14,0.339689578
obj_19_cylinder,1.0,5,10,random48_4,0.2,28,0.228757266
obj_19_cylinder,1.0,5,10,random48_4,0.4,48,0.108357995
obj_19_cylinder,1.0,5,10,random48_4,0.6,48,0.108357995
obj_19_cylinder,1.0,5,10,random48_4,0.8,48,0.108357995
obj_19_cylinder,1.0,5,100,random48_0,0.1,14,0.457762025
obj_19_cylinder,1.0,5,100,random48_0,0.2,28,0.470429248
obj_19_cylinder,1.0,5,100,random48_0,0.4,48,0.0116945556
obj_19_cylinder,1.0,5,100,random48_0,0.6,48,0.0116945556
obj_19_cylinder,1.0,5,100,random48_0,0.8,48,0.0116945556
obj_19_cylinder,1.0,5,100,random48_1,0.1,14,0.374291925
obj_19_cylinder,1.0,5,100,random48_1,0.2,28,0.241420127
obj_19_cylinder,1.0,5,100,random48_1,0.4,48,0.0116945556
obj_19_cylinder,1.0,5,100,random48_1,0.6,48,0.0116945556
obj_19_cylinder,1.0,5,100,random48_1,0.8,48,0.0116945556
obj_19_cylinder,1.0,5,100,random48_2,0.1,14,0.476015176
obj_19_cylinder,1.0,5,100,random48_2,0.2,28,0.490456179
obj_19_cylinder,1.0,5,100,random48_2,0.4,48,0.0116945556
obj_19_cylinder,1.0,5,100,random48_2,0.6,48,0.0116945556
obj_19_cylinder,1.0,5,100,random48_2,0.8,48,0.0116945556
obj_19_cylinder,1.0,5,100,random48_3,0.1,14,0.961292999
obj_19_cylinder,1.0,5,100,random48_3,0.2,28,1.10649722
obj_19_cylinder,1.0,5,100,random48_3,0.4,48,0.0116945556
obj_19_cylinder,1.0,5,100,random48_3,0.6,48,0.0116945556
obj_19_cylinder,1.0,5,100,random48_3,0.8,48,0.0116945556
obj_19_cylinder,1.0,5,100,random48_4,0.1,14,0.386690923
obj_19_cylinder,1.0,5,100,random48_4,0.2,28,0.37759562
obj_19_cylinder,1.0,5,100,random48_4,0.4,48,0.0116945556
obj_19_cylinder,1.0,5,100,random48_4,0.6,48,0.0116945556
obj_19_cylinder,1.0,5,100,random48_4,0.8,48,0.0116945556
obj_19_cylinder,1.0,6,10,random48_0,0.1,14,0.0849186726
obj_19_cylinder,1.0,6,10,random48_0,0.2,28,0.319214794
obj_19_cylinder,1.0,6,10,random48_0,0.4,48,0.0101225173
obj_19_cylinder,1.0,6,10,random48_0,0.6,48,0.0101225173
obj_19_cylinder,1.0,6,10,random48_0,0.8,48,0.0101225173
obj_19_cylinder,1.0,6,10,random48_1,0.1,14,0.134553924
obj_19_cylinder,1.0,6,10,random48_1,0.2,28,0.0598106357
obj_19_cylinder,1.0,6,10,random48_1,0.4,48,0.0101225173
obj_19_cylinder,1.0,6,10,random48_1,0.6,48,0.0101225173
obj_19_cylinder,1.0,6,10,random48_1,0.8,48,0.0101225173
obj_19_cylinder,1.0,6,10,random48_2,0.1,14,0.132792239
obj_19_cylinder,1.0,6,10,random48_2,0.2,28,0.0208720876
obj_19_cylinder,1.0,6,10,random48_2,0.4,48,0.0101225173
obj_19_cylinder,1.0,6,10,random48_2,0.6,48,0.0101225173
obj_19_cylinder,1.0,6,10,random48_2,0.8,48,0.0101225173
obj_19_cylinder,1.0,6,10,random48_3,0.1,14,0.0523523201
obj_19_cylinder,1.0,6,10,random48_3,0.2,28,0.181584246
obj_19_cylinder,1.0,6,10,random48_3,0.4,48,0.0101225173
obj_19_cylinder,1.0,6,10,random48_3,0.6,48,0.0101225173
obj_19_cylinder,1.0,6,10,random48_3,0.8,48,0.0101225173
obj_19_cylinder,1.0,6,10,random48_4,0.1,14,0.057723496
obj_19_cylinder,1.0,6,10,random48_4,0.2,28,0.0518600001
obj_19_cylinder,1.0,6,10,random48_4,0.4,48,0.0101225173
obj_19_cylinder,1.0,6,10,random48_4,0.6,48,0.0101225173
obj_19_cylinder,1.0,6,10,random48_4,0.8,48,0.0101225173
obj_19_cylinder,1.0,6,100,random48_0,0.1,14,0.0926464758
obj_19_cylinder,1.0,6,100,random48_0,0.2,28,0.131246362
obj_19_cylinder,1.0,6,100,random48_0,0.4,48,0.00206920662
obj_19_cylinder,1.0,6,100,random48_0,0.6,48,0.00206920662
obj_19_cylinder,1.0,6,100,random48_0,0.8,48,0.00206920662
obj_19_cylinder,1.0,6,100,random48_1,0.1,14,0.0634570969
obj_19_cylinder,1.0,6,100,random48_1,0.2,28,0.0670214465
obj_19_cylinder,1.0,6,100,random48_1,0.4,48,0.00206920662
obj_19_cylinder,1.0,6,100,random48_1,0.6,48,0.00206920662
obj_19_cylinder,1.0,6,100,random48_1,0.8,48,0.00206920662
obj_19_cylinder,1.0,6,100,random48_2,0.1,14,0.101424944
obj_19_cylinder,1.0,6,100,random48_2,0.2,28,0.378497383
obj_19_cylinder,1.0,6,100,random48_2,0.4,48,0.00206920662
obj_19_cylinder,1.0,6,100,random48_2,0.6,48,0.00206920662
obj_19_cylinder,1.0,6,100,random48_2,0.8,48,0.00206920662
obj_19_cylinder,1.0,6,100,random48_3,0.1,14,0.143343978
obj_19_cylinder,1.0,6,100,random48_3,0.2,28,0.30996313
obj_19_cylinder,1.0,6,100,random48_3,0.4,48,0.00206920662
obj_19_cylinder,1.0,6,100,random48_3,0.6,48,0.00206920662
obj_19_cylinder,1.0,6,100,random48_3,0.8,48,0.00206920662
obj_19_cylinder,1.0,6,100,random48_4,0.1,14,0.0967135026
obj_19_cylinder,1.0,6,100,random48_4,0.2,28,0.398144123
obj_19_cylinder,1.0,6,100,random48_4,0.4,48,0.00206920662
obj_19_cylinder,1.0,6,100,random48_4,0.6,48,0.00206920662
obj_19_cylinder,1.0,6,100,random48_4,0.8,48,0.00206920662
obj_19_cylinder,1.0,7,10,random48_0,0.1,14,0.0102765747
obj_19_cylinder,1.0,7,10,random48_0,0.2,28,0.0171035546
obj_19_cylinder,1.0,7,10,random48_0,0.4,48,0.0346337926
obj_19_cylinder,1.0,7,10,random48_0,0.6,48,0.0346337926
obj_19_cylinder,1.0,7,10,random48_0,0.8,48,0.0346337926
obj_19_cylinder,1.0,7,10,random48_1,0.1,14,0.242193957
obj_19_cylinder,1.0,7,10,random48_1,0.2,28,0.0951370394
obj_19_cylinder,1.0,7,10,random48_1,0.4,48,0.0346337926
obj_19_cylinder,1.0,7,10,random48_1,0.6,48,0.0346337926
obj_19_cylinder,1.0,7,10,random48_1,0.8,48,0.0346337926
obj_19_cylinder,1.0,7,10,random48_2,0.1,14,0.471719824
obj_19_cylinder,1.0,7,10,random48_2,0.2,28,0.50181062
obj_19_cylinder,1.0,7,10,random48_2,0.4,48,0.0346337926
obj_19_cylinder,1.0,7,10,random48_2,0.6,48,0.0346337926
obj_19_cylinder,1.0,7,10,random48_2,0.8,48,0.0346337926
obj_19_cylinder,1.0,7,10,random48_3,0.1,14,0.011728264
obj_19_cylinder,1.0,7,10,random48_3,0.2,28,0.518030307
obj_19_cylinder,1.0,7,10,random48_3,0.4,48,0.0346337926
obj_19_cylinder,1.0,7,10,random48_3,0.6,48,0.0346337926
obj_19_cylinder,1.0,7,10,random48_3,0.8,48,0.0346337926
obj_19_cylinder,1.0,7,10,random48_4,0.1,14,0.0136425251
obj_19_cylinder,1.0,7,10,random48_4,0.2,28,0.0143406143
obj_19_cylinder,1.0,7,10,random48_4,0.4,48,0.0346337926
obj_19_cylinder,1.0,7,10,random48_4,0.6,48,0.0346337926
obj_19_cylinder,1.0,7,10,random48_4,0.8,48,0.0346337926
obj_19_cylinder,1.0,7,100,random48_0,0.1,14,0.568793372
obj_19_cylinder,1.0,7,100,random48_0,0.2,28,0.977207144
obj_19_cylinder,1.0,7,100,random48_0,0.4,48,0.00327847118
obj_19_cylinder,1.0,7,100,random48_0,0.6,48,0.00327847118
obj_19_cylinder,1.0,7,100,random48_0,0.8,48,0.00327847118
obj_19_cylinder,1.0,7,100,random48_1,0.1,14,0.534192033
obj_19_cylinder,1.0,7,100,random48_1,0.2,28,1.77266515
obj_19_cylinder,1.0,7,100,random48_1,0.4,48,0.00327847118
obj_19_cylinder,1.0,7,100,random48_1,0.6,48,0.00327847118
obj_19_cylinder,1.0,7,100,random48_1,0.8,48,0.00327847118
obj_19_cylinder,1.0,7,100,random48_2,0.1,14,0.0124889481
obj_19_cylinder,1.0,7,100,random48_2,0.2,28,0.0173575468
obj_19_cylinder,1.0,7,100,random48_2,0.4,48,0.00327847118
obj_19_cylinder,1.0,7,100,random48_2,0.6,48,0.00327847118
obj_19_cylinder,1.0,7,100,random48_2,0.8,48,0.00327847118
obj_19_cylinder,1.0,7,100,random48_3,0.1,14,0.0133417018
obj_19_cylinder,1.0,7,100,random48_3,0.2,28,1.29090573
obj_19_cylinder,1.0,7,100,random48_3,0.4,48,0.00327847118
obj_19_cylinder,1.0,7,100,random48_3,0.6,48,0.00327847118
obj_19_cylinder,1.0,7,100,random48_3,0.8,48,0.00327847118
obj_19_cylinder,1.0,7,100,random48_4,0.1,14,1.37992257
obj_19_cylinder,1.0,7,100,random48_4,0.2,28,1.49185377
obj_19_cylinder,1.0,7,100,random48_4,0.4,48,0.00327847118
obj_19_cylinder,1.0,7,100,random48_4,0.6,48,0.00327847118
obj_19_cylinder,1.0,7,100,random48_4,0.8,48,0.00327847118
obj_19_cylinder,1.0,8,10,random48_0,0.1,14,0.0903554206
obj_19_cylinder,1.0,8,10,random48_0,0.2,28,0.206793619
obj_19_cylinder,1.0,8,10,random48_0,0.4,48,0.0542651165
obj_19_cylinder,1.0,8,10,random48_0,0.6,48,0.0542651165
obj_19_cylinder,1.0,8,10,random48_0,0.8,48,0.0542651165
obj_19_cylinder,1.0,8,10,random48_1,0.1,14,0.22195791
obj_19_cylinder,1.0,8,10,random48_1,0.2,28,0.253771928
obj_19_cylinder,1.0,8,10,random48_1,0.4,48,0.0542651165
obj_19_cylinder,1.0,8,10,random48_1,0.6,48,0.0542651165
obj_19_cylinder,1.0,8,10,random48_1,0.8,48,0.0542651165
obj_19_cylinder,1.0,8,10,random48_2,0.1,14,0.100906893
obj_19_cylinder,1.0,8,10,random48_2,0.2,28,0.464695015
obj_19_cylinder,1.0,8,10,random48_2,0.4,48,0.0542651165
obj_19_cylinder,1.0,8,10,random48_2,0.6,48,0.0542651165
obj_19_cylinder,1.0,8,10,random48_2,0.8,48,0.0542651165
obj_19_cylinder,1.0,8,10,random48_3,0.1,14,0.0188938828
obj_19_cylinder,1.0,8,10,random48_3,0.2,28,0.380474194
obj_19_cylinder,1.0,8,10,random48_3,0.4,48,0.0542651165
obj_19_cylinder,1.0,8,10,random48_3,0.6,48,0.0542651165
obj_19_cylinder,1.0,8,10,random48_3,0.8,48,0.0542651165
obj_19_cylinder,1.0,8,10,random48_4,0.1,14,0.0346485745
obj_19_cylinder,1.0,8,10,random48_4,0.2,28,0.276180541
obj_19_cylinder,1.0,8,10,random48_4,0.4,48,0.0542651165
obj_19_cylinder,1.0,8,10,random48_4,0.6,48,0.0542651165
obj_19_cylinder,1.0,8,10,random48_4,0.8,48,0.0542651165
obj_19_cylinder,1.0,8,100,random48_0,0.1,14,0.0884067313
obj_19_cylinder,1.0,8,100,random48_0,0.2,28,0.040253757
obj_19_cylinder,1.0,8,100,random48_0,0.4,48,0.00604604291
obj_19_cylinder,1.0,8,100,random48_0,0.6,48,0.00604604291
obj_19_cylinder,1.0,8,100,random48_0,0.8,48,0.00604604291
obj_19_cylinder,1.0,8,100,random48_1,0.1,14,0.309828603
obj_19_cylinder,1.0,8,100,random48_1,0.2,28,0.55714646
obj_19_cylinder,1.0,8,100,random48_1,0.4,48,0.00604604291
obj_19_cylinder,1.0,8,100,random48_1,0.6,48,0.00604604291
obj_19_cylinder,1.0,8,100,random48_1,0.8,48,0.00604604291
obj_19_cylinder,1.0,8,100,random48_2,0.1,14,0.396516223
obj_19_cylinder,1.0,8,100,random48_2,0.2,28,0.175239404
obj_19_cylinder,1.0,8,100,random48_2,0.4,48,0.00604604291
obj_19_cylinder,1.0,8,100,random48_2,0.6,48,0.00604604291
obj_19_cylinder,1.0,8,100,random48_2,0.8,48,0.00604604291
obj_19_cylinder,1.0,8,100,random48_3,0.1,14,0.108941842
obj_19_cylinder,1.0,8,100,random48_3,0.2,28,0.426452479
obj_19_cylinder,1.0,8,100,random48_3,0.4,48,0.00604604291
obj_19_cylinder,1.0,8,100,random48_3,0.6,48,0.00604604291
obj_19_cylinder,1.0,8,100,random48_3,0.8,48,0.00604604291
obj_19_cylinder,1.0,8,100,random48_4,0.1,14,0.299571891
obj_19_cylinder,1.0,8,100,random48_4,0.2,28,0.239819516
obj_19_cylinder,1.0,8,100,random48_4,0.4,48,0.00604604291
obj_19_cylinder,1.0,8,100,random48_4,0.6,48,0.00604604291
obj_19_cylinder,1.0,8,100,random48_4,0.8,48,0.00604604291
obj_19_cylinder,1.0,9,10,random48_0,0.1,14,1.84136338
obj_19_cylinder,1.0,9,10,random48_0,0.2,28,1.68613445
obj_19_cylinder,1.0,9,10,random48_0,0.4,48,0.281114867
obj_19_cylinder,1.0,9,10,random48_0,0.6,48,0.281114867
obj_19_cylinder,1.0,9,10,random48_0,0.8,48,0.281114867
obj_19_cylinder,1.0,9,10,random48_1,0.1,14,0.747590837
obj_19_cylinder,1.0,9,10,random48_1,0.2,28,0.113971015
obj_19_cylinder,1.0,9,10,random48_1,0.4,48,0.281114867
obj_19_cylinder,1.0,9,10,random48_1,0.6,48,0.281114867
obj_19_cylinder,1.0,9,10,random48_1,0.8,48,0.281114867
obj_19_cylinder,1.0,9,10,random48_2,0.1,14,0.345087212
obj_19_cylinder,1.0,9,10,random48_2,0.2,28,0.0897640757
obj_19_cylinder,1.0,9,10,random48_2,0.4,48,0.281114867
obj_19_cylinder,1.0,9,10,random48_2,0.6,48,0.281114867
obj_19_cylinder,1.0,9,10,random48_2,0.8,48,0.281114867
obj_19_cylinder,1.0,9,10,random48_3,0.1,14,0.232605771
obj_19_cylinder,1.0,9,10,random48_3,0.2,28,0.159184507
obj_19_cylinder,1.0,9,10,random48_3,0.4,48,0.281114867
obj_19_cylinder,1.0,9,10,random48_3,0.6,48,0.281114867
obj_19_cylinder,1.0,9,10,random48_3,0.8,48,0.281114867
obj_19_cylinder,1.0,9,10,random48_4,0.1,14,0.719089283
obj_19_cylinder,1.0,9,10,random48_4,0.2,28,0.740372977
obj_19_cylinder,1.0,9,10,random48_4,0.4,48,0.281114867
obj_19_cylinder,1.0,9,10,random48_4,0.6,48,0.281114867
obj_19_cylinder,1.0,9,10,random48_4,0.8,48,0.281114867
obj_19_cylinder,1.0,9,100,random48_0,0.1,14,0.373729697
obj_19_cylinder,1.0,9,100,random48_0,0.2,28,0.4561566
obj_19_cylinder,1.0,9,100,random48_0,0.4,48,0.0242543268
obj_19_cylinder,1.0,9,100,random48_0,0.6,48,0.0242543268
obj_19_cylinder,1.0,9,100,random48_0,0.8,48,0.0242543268
obj_19_cylinder,1.0,9,100,random48_1,0.1,14,0.0619411
obj_19_cylinder,1.0,9,100,random48_1,0.2,28,0.44250755
obj_19_cylinder,1.0,9,100,random48_1,0.4,48,0.0242543268
obj_19_cylinder,1.0,9,100,random48_1,0.6,48,0.0242543268
obj_19_cylinder,1.0,9,100,random48_1,0.8,48,0.0242543268
obj_19_cylinder,1.0,9,100,random48_2,0.1,14,0.666107358
obj_19_cylinder,1.0,9,100,random48_2,0.2,28,0.0808124752
obj_19_cylinder,1.0,9,100,random48_2,0.4,48,0.0242543268
obj_19_cylinder,1.0,9,100,random48_2,0.6,48,0.0242543268
obj_19_cylinder,1.0,9,100,random48_2,0.8,48,0.0242543268
obj_19_cylinder,1.0,9,100,random48_3,0.1,14,0.866304173
obj_19_cylinder,1.0,9,100,random48_3,0.2,28,0.0996931753
obj_19_cylinder,1.0,9,100,random48_3,0.4,48,0.0242543268
obj_19_cylinder,1.0,9,100,random48_3,0.6,48,0.0242543268
obj_19_cylinder,1.0,9,100,random48_3,0.8,48,0.0242543268
obj_19_cylinder,1.0,9,100,random48_4,0.1,14,0.682601767
obj_19_cylinder,1.0,9,100,random48_4,0.2,28,0.753920349
obj_19_cylinder,1.0,9,100,random48_4,0.4,48,0.0242543268
obj_19_cylinder,1.0,9,100,random48_4,0.6,48,0.0242543268
obj_19_cylinder,1.0,9,100,random48_4,0.8,48,0.0242543268
